sd_path,sd_name,source_path,source_name,token,source_size,source_sha256,sidecar_on1,evidence
/Volumes/EOS_DIGITAL/DCIM/100CANON/IMG_0381.JPG,IMG_0381.JPG,/Users/dominiklukes/Library/CloudStorage/OneDrive-Personal/Pictures/2025/07/01/250701-01 Jul - IMG_0381.jpg,250701-01 Jul - IMG_0381.jpg,IMG_0381,4469661,e332a7352f63d9ccc971847e758f373e750d74f756e19905e080f0263365758c,yes,"Same IMG_#### token, same byte size, same SHA-256."
/Volumes/EOS_DIGITAL/DCIM/100CANON/IMG_0382.JPG,IMG_0382.JPG,/Users/dominiklukes/Library/CloudStorage/OneDrive-Personal/Pictures/2025/07/01/250701-01 Jul - IMG_0382.jpg,250701-01 Jul - IMG_0382.jpg,IMG_0382,4550345,c383f4b24814f84d665e09c0d46dd271b0db3eb7eacdf4439b48c0f42c7d7e14,yes,"Same IMG_#### token, same byte size, same SHA-256."
/Volumes/EOS_DIGITAL/DCIM/100CANON/IMG_0383.JPG,IMG_0383.JPG,/Users/dominiklukes/Library/CloudStorage/OneDrive-Personal/Pictures/2025/07/01/250701-01 Jul - IMG_0383.jpg,250701-01 Jul - IMG_0383.jpg,IMG_0383,4670448,f7b95ec69a8b1955a97b350817a6f773e6b5ca55349cf28eb7741685ac40d698,yes,"Same IMG_#### token, same byte size, same SHA-256."
/Volumes/EOS_DIGITAL/DCIM/100CANON/IMG_0384.JPG,IMG_0384.JPG,/Users/dominiklukes/Library/CloudStorage/OneDrive-Personal/Pictures/2025/07/01/250701-01 Jul - IMG_0384.jpg,250701-01 Jul - IMG_0384.jpg,IMG_0384,4316009,7e29556524ab0e4bc451300b507e89ad6783008c77498723e4eef1d3a0b7f09d,yes,"Same IMG_#### token, same byte size, same SHA-256."
/Volumes/EOS_DIGITAL/DCIM/100CANON/IMG_0385.JPG,IMG_0385.JPG,/Users/dominiklukes/Library/CloudStorage/OneDrive-Personal/Pictures/2025/07/01/250701-01 Jul - IMG_0385.jpg,250701-01 Jul - IMG_0385.jpg,IMG_0385,4668783,027c5fd20af87e034ec50490423159de50fe113c317321d4435b833649232c4f,yes,"Same IMG_#### token, same byte size, same SHA-256."
/Volumes/EOS_DIGITAL/DCIM/100CANON/IMG_0386.JPG,IMG_0386.JPG,/Users/dominiklukes/Library/CloudStorage/OneDrive-Personal/Pictures/2025/07/01/250701-01 Jul - IMG_0386.jpg,250701-01 Jul - IMG_0386.jpg,IMG_0386,4665368,59a0eb35b104a1a49389910bb1964c9d600674a19f5cae89f22051a7b9dcb700,yes,"Same IMG_#### token, same byte size, same SHA-256."
/Volumes/EOS_DIGITAL/DCIM/100CANON/IMG_0387.JPG,IMG_0387.JPG,/Users/dominiklukes/Library/CloudStorage/OneDrive-Personal/Pictures/2025/07/01/250701-01 Jul - IMG_0387.jpg,250701-01 Jul - IMG_0387.jpg,IMG_0387,4669674,165f607abed89ab6fbd99227f0e08d780f8974e42550f37a9fe94d596baa3c90,yes,"Same IMG_#### token, same byte size, same SHA-256."
/Volumes/EOS_DIGITAL/DCIM/100CANON/IMG_0388.JPG,IMG_0388.JPG,/Users/dominiklukes/Library/CloudStorage/OneDrive-Personal/Pictures/2025/07/01/250701-01 Jul - IMG_0388.jpg,250701-01 Jul - IMG_0388.jpg,IMG_0388,4668747,8aa04718215d8624d44b427e9090c1d3d2eb3a35fc7f3abe5207cf14f6bf8109,yes,"Same IMG_#### token, same byte size, same SHA-256."
/Volumes/EOS_DIGITAL/DCIM/100CANON/IMG_0389.JPG,IMG_0389.JPG,/Users/dominiklukes/Library/CloudStorage/OneDrive-Personal/Pictures/2025/07/01/250701-01 Jul - IMG_0389.jpg,250701-01 Jul - IMG_0389.jpg,IMG_0389,4660779,db3b6d34ce72ae6f53b12b184744e5d894a0655cb79eba4f55d42515867b0a57,yes,"Same IMG_#### token, same byte size, same SHA-256."
/Volumes/EOS_DIGITAL/DCIM/100CANON/IMG_0390.JPG,IMG_0390.JPG,/Users/dominiklukes/Library/CloudStorage/OneDrive-Personal/Pictures/2025/07/01/250701-01 Jul - IMG_0390.jpg,250701-01 Jul - IMG_0390.jpg,IMG_0390,4655806,178ceaea7f541749dbd39415c45087e3e06aaff8a73d680dede6fa28a2caf801,yes,"Same IMG_#### token, same byte size, same SHA-256."
/Volumes/EOS_DIGITAL/DCIM/100CANON/IMG_0391.JPG,IMG_0391.JPG,/Users/dominiklukes/Library/CloudStorage/OneDrive-Personal/Pictures/2025/07/01/250701-01 Jul - IMG_0391.jpg,250701-01 Jul - IMG_0391.jpg,IMG_0391,4662417,0372de34fb21f57c22c230df2d53ba722582a17c28c7bda3a4b013a8642cc306,yes,"Same IMG_#### token, same byte size, same SHA-256."
/Volumes/EOS_DIGITAL/DCIM/100CANON/IMG_0392.JPG,IMG_0392.JPG,/Users/dominiklukes/Library/CloudStorage/OneDrive-Personal/Pictures/2025/07/01/250701-01 Jul - IMG_0392.jpg,250701-01 Jul - IMG_0392.jpg,IMG_0392,4661633,0199e35db30634be242472cfd71ebfa152f3adb3f673106f9acc9b565fd271f3,yes,"Same IMG_#### token, same byte size, same SHA-256."
/Volumes/EOS_DIGITAL/DCIM/100CANON/IMG_0393.JPG,IMG_0393.JPG,/Users/dominiklukes/Library/CloudStorage/OneDrive-Personal/Pictures/2025/07/01/250701-01 Jul - IMG_0393.jpg,250701-01 Jul - IMG_0393.jpg,IMG_0393,4662535,2bd7942889c9a40cd9f783d54f4ad6f36aeb22aa461225132e2301911701929c,yes,"Same IMG_#### token, same byte size, same SHA-256."
/Volumes/EOS_DIGITAL/DCIM/100CANON/IMG_0394.JPG,IMG_0394.JPG,/Users/dominiklukes/Library/CloudStorage/OneDrive-Personal/Pictures/2025/07/01/250701-01 Jul - IMG_0394.jpg,250701-01 Jul - IMG_0394.jpg,IMG_0394,4656964,c65ba6e5943d07e16a712015f003ccea229f3316ff843e63de8d694ab81a8d56,yes,"Same IMG_#### token, same byte size, same SHA-256."
/Volumes/EOS_DIGITAL/DCIM/100CANON/IMG_0395.JPG,IMG_0395.JPG,/Users/dominiklukes/Library/CloudStorage/OneDrive-Personal/Pictures/2025/07/01/250701-01 Jul - IMG_0395.jpg,250701-01 Jul - IMG_0395.jpg,IMG_0395,4657212,c806d265ea5b3a5f82de8b085d4e349c5cce1f2eda63b5fc3211fb825fdc2ded,yes,"Same IMG_#### token, same byte size, same SHA-256."
/Volumes/EOS_DIGITAL/DCIM/100CANON/IMG_0396.JPG,IMG_0396.JPG,/Users/dominiklukes/Library/CloudStorage/OneDrive-Personal/Pictures/2025/07/01/250701-01 Jul - IMG_0396.jpg,250701-01 Jul - IMG_0396.jpg,IMG_0396,4680061,12fbb569d262667b223fc84a7f4da33a25c24a8dca8d411a3528c06dbdce56bb,yes,"Same IMG_#### token, same byte size, same SHA-256."
/Volumes/EOS_DIGITAL/DCIM/100CANON/IMG_0397.JPG,IMG_0397.JPG,/Users/dominiklukes/Library/CloudStorage/OneDrive-Personal/Pictures/2025/07/01/250701-01 Jul - IMG_0397.jpg,250701-01 Jul - IMG_0397.jpg,IMG_0397,4654631,9dc008b9b01c55d1e32e91d56702e5f41d12a133b8e150d125d3923aecfd864d,yes,"Same IMG_#### token, same byte size, same SHA-256."
/Volumes/EOS_DIGITAL/DCIM/100CANON/IMG_0398.JPG,IMG_0398.JPG,/Users/dominiklukes/Library/CloudStorage/OneDrive-Personal/Pictures/2025/07/01/250701-01 Jul - IMG_0398.jpg,250701-01 Jul - IMG_0398.jpg,IMG_0398,4656285,f035664d9352a2b850cd9d609a2e1947d8e762c28b373feb2b3d68d70d86a46b,yes,"Same IMG_#### token, same byte size, same SHA-256."
/Volumes/EOS_DIGITAL/DCIM/100CANON/IMG_0399.JPG,IMG_0399.JPG,/Users/dominiklukes/Library/CloudStorage/OneDrive-Personal/Pictures/2025/07/01/250701-01 Jul - IMG_0399.jpg,250701-01 Jul - IMG_0399.jpg,IMG_0399,4663178,b00ac3e0a00a40d201374d9faacc2c625f500cf03f599952472d2181d05d80b8,yes,"Same IMG_#### token, same byte size, same SHA-256."
/Volumes/EOS_DIGITAL/DCIM/100CANON/IMG_0400.JPG,IMG_0400.JPG,/Users/dominiklukes/Library/CloudStorage/OneDrive-Personal/Pictures/2025/07/01/250701-01 Jul - IMG_0400.jpg,250701-01 Jul - IMG_0400.jpg,IMG_0400,7870098,aaa340672af429d461b35221e89592794bcd28a999b27461f462734fd0f8a06b,yes,"Same IMG_#### token, same byte size, same SHA-256."
/Volumes/EOS_DIGITAL/DCIM/100CANON/IMG_0401.JPG,IMG_0401.JPG,/Users/dominiklukes/Library/CloudStorage/OneDrive-Personal/Pictures/2025/07/01/250701-01 Jul - IMG_0401.jpg,250701-01 Jul - IMG_0401.jpg,IMG_0401,7654335,aeda9cbc8c1999639ca45235218633550a97359f8963df9d912e3bd6a710aafb,yes,"Same IMG_#### token, same byte size, same SHA-256."
/Volumes/EOS_DIGITAL/DCIM/100CANON/IMG_0402.JPG,IMG_0402.JPG,/Users/dominiklukes/Library/CloudStorage/OneDrive-Personal/Pictures/2025/07/01/250701-01 Jul - IMG_0402.jpg,250701-01 Jul - IMG_0402.jpg,IMG_0402,10905393,7793bca0f41541292aa5ee3a825936873f6229ba69e9261fe25f906a9e87d94f,yes,"Same IMG_#### token, same byte size, same SHA-256."
/Volumes/EOS_DIGITAL/DCIM/100CANON/IMG_0403.JPG,IMG_0403.JPG,/Users/dominiklukes/Library/CloudStorage/OneDrive-Personal/Pictures/2025/07/01/250701-01 Jul - IMG_0403.jpg,250701-01 Jul - IMG_0403.jpg,IMG_0403,10617001,bc35f9f1d037e1b6fb195090efd3990f8cdc3dada4703d7dd6374279d71a047a,yes,"Same IMG_#### token, same byte size, same SHA-256."
/Volumes/EOS_DIGITAL/DCIM/100CANON/IMG_0404.JPG,IMG_0404.JPG,/Users/dominiklukes/Library/CloudStorage/OneDrive-Personal/Pictures/2025/07/01/250701-01 Jul - IMG_0404.jpg,250701-01 Jul - IMG_0404.jpg,IMG_0404,4900245,5956d878dc344cd1f0e28ca183edf5962274c84b6ac51c97eb4d2b36717e1f88,yes,"Same IMG_#### token, same byte size, same SHA-256."
/Volumes/EOS_DIGITAL/DCIM/100CANON/IMG_0405.JPG,IMG_0405.JPG,/Users/dominiklukes/Library/CloudStorage/OneDrive-Personal/Pictures/2025/07/01/250701-01 Jul - IMG_0405.jpg,250701-01 Jul - IMG_0405.jpg,IMG_0405,5318122,a622532fa075d5d97412983a6b4ad9898f8676d3095800096430a19279dac6e7,yes,"Same IMG_#### token, same byte size, same SHA-256."
/Volumes/EOS_DIGITAL/DCIM/100CANON/IMG_0406.JPG,IMG_0406.JPG,/Users/dominiklukes/Library/CloudStorage/OneDrive-Personal/Pictures/2025/07/01/250701-01 Jul - IMG_0406.jpg,250701-01 Jul - IMG_0406.jpg,IMG_0406,6370697,33db22c52184df1accd347a3a99b04b9b5e80ce412cab0e064d3c6aa602321bb,yes,"Same IMG_#### token, same byte size, same SHA-256."
/Volumes/EOS_DIGITAL/DCIM/100CANON/IMG_0407.JPG,IMG_0407.JPG,/Users/dominiklukes/Library/CloudStorage/OneDrive-Personal/Pictures/2025/07/01/250701-01 Jul - IMG_0407.jpg,250701-01 Jul - IMG_0407.jpg,IMG_0407,6436954,42113b14ef9d8578154f3e1cc93ac1a94aaafcf868a60eadff5ea73f13efe800,yes,"Same IMG_#### token, same byte size, same SHA-256."
/Volumes/EOS_DIGITAL/DCIM/100CANON/IMG_0408.JPG,IMG_0408.JPG,/Users/dominiklukes/Library/CloudStorage/OneDrive-Personal/Pictures/2025/07/01/250701-01 Jul - IMG_0408.jpg,250701-01 Jul - IMG_0408.jpg,IMG_0408,5725839,02866718c6ee8d3adcfa991ac873d8c3e3d9f6757e684eb4c32339deaf6e3d71,yes,"Same IMG_#### token, same byte size, same SHA-256."
/Volumes/EOS_DIGITAL/DCIM/100CANON/IMG_0409.JPG,IMG_0409.JPG,/Users/dominiklukes/Library/CloudStorage/OneDrive-Personal/Pictures/2025/07/01/250701-01 Jul - IMG_0409.jpg,250701-01 Jul - IMG_0409.jpg,IMG_0409,6398120,93cb5fef699e6214c4584a0401bb891830cf9e24478e70873bfcd463d7960ab6,yes,"Same IMG_#### token, same byte size, same SHA-256."
/Volumes/EOS_DIGITAL/DCIM/100CANON/IMG_0410.JPG,IMG_0410.JPG,/Users/dominiklukes/Library/CloudStorage/OneDrive-Personal/Pictures/2025/07/01/250701-01 Jul - IMG_0410.jpg,250701-01 Jul - IMG_0410.jpg,IMG_0410,6474490,79f52bd0cc2e9b2659d5d9797f0d80bad0d7f235d4844ee36cc4bf768405e68e,yes,"Same IMG_#### token, same byte size, same SHA-256."
/Volumes/EOS_DIGITAL/DCIM/100CANON/IMG_0411.JPG,IMG_0411.JPG,/Users/dominiklukes/Library/CloudStorage/OneDrive-Personal/Pictures/2025/07/01/250701-01 Jul - IMG_0411.jpg,250701-01 Jul - IMG_0411.jpg,IMG_0411,7077076,f31f92606268a2bb3ff82aa728a193d512f01c1e1c437e12017160ce0fcadda8,yes,"Same IMG_#### token, same byte size, same SHA-256."
/Volumes/EOS_DIGITAL/DCIM/100CANON/IMG_0412.JPG,IMG_0412.JPG,/Users/dominiklukes/Library/CloudStorage/OneDrive-Personal/Pictures/2025/07/01/250701-01 Jul - IMG_0412.jpg,250701-01 Jul - IMG_0412.jpg,IMG_0412,7040369,cd4be43f5e80e2f933c4628a8d8faa03eabcd6608a00e2dcf2e82cb711fb55ae,yes,"Same IMG_#### token, same byte size, same SHA-256."
/Volumes/EOS_DIGITAL/DCIM/100CANON/IMG_0413.JPG,IMG_0413.JPG,/Users/dominiklukes/Library/CloudStorage/OneDrive-Personal/Pictures/2025/07/01/250701-01 Jul - IMG_0413.jpg,250701-01 Jul - IMG_0413.jpg,IMG_0413,7024092,a7feed8093d18a6dc7c1bfeece216a253a23cfbfe70a10424947cd1899050b7b,yes,"Same IMG_#### token, same byte size, same SHA-256."
/Volumes/EOS_DIGITAL/DCIM/100CANON/IMG_0414.JPG,IMG_0414.JPG,/Users/dominiklukes/Library/CloudStorage/OneDrive-Personal/Pictures/2025/07/01/250701-01 Jul - IMG_0414.jpg,250701-01 Jul - IMG_0414.jpg,IMG_0414,8445558,d1e4c328cc06a7b8e979243c4a7d73805b24a1ae707568d685d71b82f08fed8b,yes,"Same IMG_#### token, same byte size, same SHA-256."
/Volumes/EOS_DIGITAL/DCIM/100CANON/IMG_0415.JPG,IMG_0415.JPG,/Users/dominiklukes/Library/CloudStorage/OneDrive-Personal/Pictures/2025/07/01/250701-01 Jul - IMG_0415.jpg,250701-01 Jul - IMG_0415.jpg,IMG_0415,8433507,b653e0a3c5d3f8a061cc225d79e75708bb99e88850bb8b7507e9443883b1f429,yes,"Same IMG_#### token, same byte size, same SHA-256."
/Volumes/EOS_DIGITAL/DCIM/100CANON/IMG_0416.JPG,IMG_0416.JPG,/Users/dominiklukes/Library/CloudStorage/OneDrive-Personal/Pictures/2025/07/01/250701-01 Jul - IMG_0416.jpg,250701-01 Jul - IMG_0416.jpg,IMG_0416,8495134,809ffd14894e59d0eb9333bdd395c881ba3e82d021c9c4d5a1c369dd7ac1e66d,yes,"Same IMG_#### token, same byte size, same SHA-256."
/Volumes/EOS_DIGITAL/DCIM/100CANON/IMG_0417.JPG,IMG_0417.JPG,/Users/dominiklukes/Library/CloudStorage/OneDrive-Personal/Pictures/2025/07/01/250701-01 Jul - IMG_0417.jpg,250701-01 Jul - IMG_0417.jpg,IMG_0417,9109259,5537bbc32f27df7e4544e23fdef58b87e85e60c097e8c00354c189c0c67dd6d5,yes,"Same IMG_#### token, same byte size, same SHA-256."
/Volumes/EOS_DIGITAL/DCIM/100CANON/IMG_0418.JPG,IMG_0418.JPG,/Users/dominiklukes/Library/CloudStorage/OneDrive-Personal/Pictures/2025/07/01/250701-01 Jul - IMG_0418.jpg,250701-01 Jul - IMG_0418.jpg,IMG_0418,8991323,82affbec0d94dea0f469f3d3cde4b407e12c2275030350b03484a73a7429cbfb,yes,"Same IMG_#### token, same byte size, same SHA-256."
/Volumes/EOS_DIGITAL/DCIM/100CANON/IMG_0419.JPG,IMG_0419.JPG,/Users/dominiklukes/Library/CloudStorage/OneDrive-Personal/Pictures/2025/07/01/250701-01 Jul - IMG_0419.jpg,250701-01 Jul - IMG_0419.jpg,IMG_0419,8882741,a60a42a7ce315d1535f94b760f1a7b5a2d8b6d287dbca45b62baeb76b7199c8c,yes,"Same IMG_#### token, same byte size, same SHA-256."
/Volumes/EOS_DIGITAL/DCIM/100CANON/IMG_0420.JPG,IMG_0420.JPG,/Users/dominiklukes/Library/CloudStorage/OneDrive-Personal/Pictures/2025/07/01/250701-01 Jul - IMG_0420.jpg,250701-01 Jul - IMG_0420.jpg,IMG_0420,9306715,dbf21d18c2a1e59382b18e7dcdadcaa86a1fc21c4c22e25ff7bcaba7f68b80e6,yes,"Same IMG_#### token, same byte size, same SHA-256."
/Volumes/EOS_DIGITAL/DCIM/100CANON/IMG_0421.JPG,IMG_0421.JPG,/Users/dominiklukes/Library/CloudStorage/OneDrive-Personal/Pictures/2025/07/01/250701-01 Jul - IMG_0421.jpg,250701-01 Jul - IMG_0421.jpg,IMG_0421,3736494,c6779e9664b5d7cd8019521f4b861a0305f95ea32ad27b8b2e580c8ea652ef0b,yes,"Same IMG_#### token, same byte size, same SHA-256."
/Volumes/EOS_DIGITAL/DCIM/100CANON/IMG_0422.JPG,IMG_0422.JPG,/Users/dominiklukes/Library/CloudStorage/OneDrive-Personal/Pictures/2025/07/01/250701-01 Jul - IMG_0422.jpg,250701-01 Jul - IMG_0422.jpg,IMG_0422,3611628,f5761d3fde735cc6e84b1a55a88946c42faf93f78a0c05335763ccc998bbd14f,yes,"Same IMG_#### token, same byte size, same SHA-256."
/Volumes/EOS_DIGITAL/DCIM/100CANON/IMG_0423.JPG,IMG_0423.JPG,/Users/dominiklukes/Library/CloudStorage/OneDrive-Personal/Pictures/2025/07/01/250701-01 Jul - IMG_0423.jpg,250701-01 Jul - IMG_0423.jpg,IMG_0423,6867748,5fd1a24121858c8485539acddb5cd56a5774ba0ece1556cb19c355f5e332a71c,yes,"Same IMG_#### token, same byte size, same SHA-256."
/Volumes/EOS_DIGITAL/DCIM/100CANON/IMG_0424.JPG,IMG_0424.JPG,/Users/dominiklukes/Library/CloudStorage/OneDrive-Personal/Pictures/2025/07/01/250701-01 Jul - IMG_0424.jpg,250701-01 Jul - IMG_0424.jpg,IMG_0424,6250140,be9b71deb6e0abef24d90e37cbccd09039b7258b98478c036fb9361caa4f73f0,yes,"Same IMG_#### token, same byte size, same SHA-256."
/Volumes/EOS_DIGITAL/DCIM/100CANON/IMG_0425.JPG,IMG_0425.JPG,/Users/dominiklukes/Library/CloudStorage/OneDrive-Personal/Pictures/2025/07/01/250701-01 Jul - IMG_0425.jpg,250701-01 Jul - IMG_0425.jpg,IMG_0425,7794774,0659ee552b5cad0e11d9a04f97e98f195b3b8d6c25370900c894929263ef0870,yes,"Same IMG_#### token, same byte size, same SHA-256."
/Volumes/EOS_DIGITAL/DCIM/100CANON/IMG_0426.JPG,IMG_0426.JPG,/Users/dominiklukes/Library/CloudStorage/OneDrive-Personal/Pictures/2025/07/01/250701-01 Jul - IMG_0426.jpg,250701-01 Jul - IMG_0426.jpg,IMG_0426,7661445,3464ca1a17bc1b899bfa02c17fc0ec63aa12424d981854b62c3449e36c4ed647,yes,"Same IMG_#### token, same byte size, same SHA-256."
/Volumes/EOS_DIGITAL/DCIM/100CANON/IMG_0427.JPG,IMG_0427.JPG,/Users/dominiklukes/Library/CloudStorage/OneDrive-Personal/Pictures/2025/07/01/250701-01 Jul - IMG_0427.jpg,250701-01 Jul - IMG_0427.jpg,IMG_0427,5582950,ada00ffe1155d7756822e95de373f2e5ceeb3bd30c853cf681eae5c7b465cf55,yes,"Same IMG_#### token, same byte size, same SHA-256."
/Volumes/EOS_DIGITAL/DCIM/100CANON/IMG_0428.JPG,IMG_0428.JPG,/Users/dominiklukes/Library/CloudStorage/OneDrive-Personal/Pictures/2025/07/01/250701-01 Jul - IMG_0428.jpg,250701-01 Jul - IMG_0428.jpg,IMG_0428,5761526,13f1f0ed2cc9e4605eb393587fb5bdfcff2de5c8ed7188622e3beb7782ef000d,yes,"Same IMG_#### token, same byte size, same SHA-256."
/Volumes/EOS_DIGITAL/DCIM/100CANON/IMG_0429.JPG,IMG_0429.JPG,/Users/dominiklukes/Library/CloudStorage/OneDrive-Personal/Pictures/2025/07/01/250701-01 Jul - IMG_0429.jpg,250701-01 Jul - IMG_0429.jpg,IMG_0429,5824525,df6d91a5e5764c2aed484b62b1bc93b6fe00a76233ebd34bad2df67ce31a69d8,yes,"Same IMG_#### token, same byte size, same SHA-256."
/Volumes/EOS_DIGITAL/DCIM/100CANON/IMG_0430.JPG,IMG_0430.JPG,/Users/dominiklukes/Library/CloudStorage/OneDrive-Personal/Pictures/2025/07/01/250701-01 Jul - IMG_0430.jpg,250701-01 Jul - IMG_0430.jpg,IMG_0430,5441611,212739920708c9816127b08ef5a1e057a1c09e3acf4a64e6832160194de868e3,yes,"Same IMG_#### token, same byte size, same SHA-256."
/Volumes/EOS_DIGITAL/DCIM/100CANON/IMG_0431.JPG,IMG_0431.JPG,/Users/dominiklukes/Library/CloudStorage/OneDrive-Personal/Pictures/2025/07/01/250701-01 Jul - IMG_0431.jpg,250701-01 Jul - IMG_0431.jpg,IMG_0431,5257809,8e774e25eafbcfa012443e39765a2cf98dadab6294c691d518d95c046b9adb6c,yes,"Same IMG_#### token, same byte size, same SHA-256."
/Volumes/EOS_DIGITAL/DCIM/100CANON/IMG_0432.JPG,IMG_0432.JPG,/Users/dominiklukes/Library/CloudStorage/OneDrive-Personal/Pictures/2025/07/01/250701-01 Jul - IMG_0432.jpg,250701-01 Jul - IMG_0432.jpg,IMG_0432,5311641,690b68253ba6d26ed39f98823010c93bd4d493d7f0a4bf8e0d8f0326d594952e,yes,"Same IMG_#### token, same byte size, same SHA-256."
/Volumes/EOS_DIGITAL/DCIM/100CANON/IMG_0433.JPG,IMG_0433.JPG,/Users/dominiklukes/Library/CloudStorage/OneDrive-Personal/Pictures/2025/07/01/250701-01 Jul - IMG_0433.jpg,250701-01 Jul - IMG_0433.jpg,IMG_0433,5873716,fea0c41b51c8520ba62d486cbc9e453caa88ffd61cdd763d8ae5990c23210b36,yes,"Same IMG_#### token, same byte size, same SHA-256."
/Volumes/EOS_DIGITAL/DCIM/100CANON/IMG_0434.JPG,IMG_0434.JPG,/Users/dominiklukes/Library/CloudStorage/OneDrive-Personal/Pictures/2025/07/01/250701-01 Jul - IMG_0434.jpg,250701-01 Jul - IMG_0434.jpg,IMG_0434,5528371,1793430e99bb4d53cedd8d34eb30a62873409f5857c2bbb046846898a394ca84,yes,"Same IMG_#### token, same byte size, same SHA-256."
/Volumes/EOS_DIGITAL/DCIM/100CANON/IMG_0435.JPG,IMG_0435.JPG,/Users/dominiklukes/Library/CloudStorage/OneDrive-Personal/Pictures/2025/07/01/250701-01 Jul - IMG_0435.jpg,250701-01 Jul - IMG_0435.jpg,IMG_0435,5583312,ad72ab178cbc0660335b1af808d900cf275208688956cd20ec06ee30a833b627,yes,"Same IMG_#### token, same byte size, same SHA-256."
/Volumes/EOS_DIGITAL/DCIM/100CANON/IMG_0436.JPG,IMG_0436.JPG,/Users/dominiklukes/Library/CloudStorage/OneDrive-Personal/Pictures/2025/07/01/250701-01 Jul - IMG_0436.jpg,250701-01 Jul - IMG_0436.jpg,IMG_0436,5415427,b452196718fe4c730c2b35970892193b79f61d6586b823a67dfbae541d8c8eb3,yes,"Same IMG_#### token, same byte size, same SHA-256."
/Volumes/EOS_DIGITAL/DCIM/100CANON/IMG_0437.JPG,IMG_0437.JPG,/Users/dominiklukes/Library/CloudStorage/OneDrive-Personal/Pictures/2025/07/01/250701-01 Jul - IMG_0437.jpg,250701-01 Jul - IMG_0437.jpg,IMG_0437,4648478,36cb986d79fc578c38f78da0832a199b0c2dfe09b807703765cadf968894edcd,yes,"Same IMG_#### token, same byte size, same SHA-256."
/Volumes/EOS_DIGITAL/DCIM/100CANON/IMG_0438.JPG,IMG_0438.JPG,/Users/dominiklukes/Library/CloudStorage/OneDrive-Personal/Pictures/2025/07/01/250701-01 Jul - IMG_0438.jpg,250701-01 Jul - IMG_0438.jpg,IMG_0438,6260144,890ed55daf2d99379c160ee727883e838e2350002df39b35582ec92717842469,yes,"Same IMG_#### token, same byte size, same SHA-256."
/Volumes/EOS_DIGITAL/DCIM/100CANON/IMG_0439.JPG,IMG_0439.JPG,/Users/dominiklukes/Library/CloudStorage/OneDrive-Personal/Pictures/2025/07/01/250701-01 Jul - IMG_0439.jpg,250701-01 Jul - IMG_0439.jpg,IMG_0439,5818439,8fb74b43e3671007385466675fe4a085a3cdf9216bcfd42368dca8aba771cc5e,yes,"Same IMG_#### token, same byte size, same SHA-256."
/Volumes/EOS_DIGITAL/DCIM/100CANON/IMG_0440.JPG,IMG_0440.JPG,/Users/dominiklukes/Library/CloudStorage/OneDrive-Personal/Pictures/2025/07/01/250701-01 Jul - IMG_0440.jpg,250701-01 Jul - IMG_0440.jpg,IMG_0440,5417033,1178ea638b920fbba0be22aab62c74a7008e4b3a63628916d6903881e43a0463,yes,"Same IMG_#### token, same byte size, same SHA-256."
/Volumes/EOS_DIGITAL/DCIM/100CANON/IMG_0441.JPG,IMG_0441.JPG,/Users/dominiklukes/Library/CloudStorage/OneDrive-Personal/Pictures/2025/07/01/250701-01 Jul - IMG_0441.jpg,250701-01 Jul - IMG_0441.jpg,IMG_0441,5909053,10fa2e25466fd91d7eb788da08b54347f7a2f6e43581e32d48343e64bc4a04cd,yes,"Same IMG_#### token, same byte size, same SHA-256."
/Volumes/EOS_DIGITAL/DCIM/100CANON/IMG_0442.JPG,IMG_0442.JPG,/Users/dominiklukes/Library/CloudStorage/OneDrive-Personal/Pictures/2025/07/01/250701-01 Jul - IMG_0442.jpg,250701-01 Jul - IMG_0442.jpg,IMG_0442,6572682,3253c916e528874214a37c58f89e3f04e8d5b40806db150f611fc0cf45b7e40e,yes,"Same IMG_#### token, same byte size, same SHA-256."
/Volumes/EOS_DIGITAL/DCIM/100CANON/IMG_0443.JPG,IMG_0443.JPG,/Users/dominiklukes/Library/CloudStorage/OneDrive-Personal/Pictures/2025/07/01/250701-01 Jul - IMG_0443.jpg,250701-01 Jul - IMG_0443.jpg,IMG_0443,7365447,dc25d9453764dd2b37533f0adc60b90a9624536328137156e256ebca352ec348,yes,"Same IMG_#### token, same byte size, same SHA-256."
/Volumes/EOS_DIGITAL/DCIM/100CANON/IMG_0444.JPG,IMG_0444.JPG,/Users/dominiklukes/Library/CloudStorage/OneDrive-Personal/Pictures/2025/07/01/250701-01 Jul - IMG_0444.jpg,250701-01 Jul - IMG_0444.jpg,IMG_0444,8201095,01952d03ea99f1fd76c89e0252c7eb87058ea1a80b1b261a1f89976e1c4e0f7c,yes,"Same IMG_#### token, same byte size, same SHA-256."
/Volumes/EOS_DIGITAL/DCIM/100CANON/IMG_0445.JPG,IMG_0445.JPG,/Users/dominiklukes/Library/CloudStorage/OneDrive-Personal/Pictures/2025/07/01/250701-01 Jul - IMG_0445.jpg,250701-01 Jul - IMG_0445.jpg,IMG_0445,7814039,671671d0e93bb0545b5daf4cccf5c5a67e6ccd13d0e6cb5dd8402665cbc964c0,yes,"Same IMG_#### token, same byte size, same SHA-256."
/Volumes/EOS_DIGITAL/DCIM/100CANON/IMG_0446.JPG,IMG_0446.JPG,/Users/dominiklukes/Library/CloudStorage/OneDrive-Personal/Pictures/2025/07/01/250701-01 Jul - IMG_0446.jpg,250701-01 Jul - IMG_0446.jpg,IMG_0446,6911859,80e1fa92fc555f9e9b73f21961d3c5349b2d94d86f13db31ebf511db3bff4499,yes,"Same IMG_#### token, same byte size, same SHA-256."
/Volumes/EOS_DIGITAL/DCIM/100CANON/IMG_0447.JPG,IMG_0447.JPG,/Users/dominiklukes/Library/CloudStorage/OneDrive-Personal/Pictures/2025/07/01/250701-01 Jul - IMG_0447.jpg,250701-01 Jul - IMG_0447.jpg,IMG_0447,5939052,d7a5a71a35ed53b1fd1ce94c3ac9148da269170cc5ba0aaa2c2b46cf21f19935,yes,"Same IMG_#### token, same byte size, same SHA-256."
/Volumes/EOS_DIGITAL/DCIM/100CANON/IMG_0448.JPG,IMG_0448.JPG,/Users/dominiklukes/Library/CloudStorage/OneDrive-Personal/Pictures/2025/07/01/250701-01 Jul - IMG_0448.jpg,250701-01 Jul - IMG_0448.jpg,IMG_0448,5839550,506bb23be0f0f280829c5948f3efabf97d7f4d1cd1d6da070f1e2aebca77b65d,yes,"Same IMG_#### token, same byte size, same SHA-256."
/Volumes/EOS_DIGITAL/DCIM/100CANON/IMG_0449.JPG,IMG_0449.JPG,/Users/dominiklukes/Library/CloudStorage/OneDrive-Personal/Pictures/2025/07/01/250701-01 Jul - IMG_0449.jpg,250701-01 Jul - IMG_0449.jpg,IMG_0449,5476348,2c426c2ea4dad6fb029b19e71ba3b444ec5e85a166c3504e66f0812e0dfefcdc,yes,"Same IMG_#### token, same byte size, same SHA-256."
/Volumes/EOS_DIGITAL/DCIM/100CANON/IMG_0450.JPG,IMG_0450.JPG,/Users/dominiklukes/Library/CloudStorage/OneDrive-Personal/Pictures/2025/07/01/250701-01 Jul - IMG_0450.jpg,250701-01 Jul - IMG_0450.jpg,IMG_0450,6151069,47d6e1fbf9d5f96d64a8fd27a1d1076dbd898f1b41efcbd79f6593d9319a0d36,yes,"Same IMG_#### token, same byte size, same SHA-256."
/Volumes/EOS_DIGITAL/DCIM/100CANON/IMG_0451.JPG,IMG_0451.JPG,/Users/dominiklukes/Library/CloudStorage/OneDrive-Personal/Pictures/2025/07/01/250701-01 Jul - IMG_0451.jpg,250701-01 Jul - IMG_0451.jpg,IMG_0451,6265366,a1cfd8f80afd2a5cad40e48f8c66adc41b9b6b214b157f404fea0df57bdc473c,yes,"Same IMG_#### token, same byte size, same SHA-256."
/Volumes/EOS_DIGITAL/DCIM/100CANON/IMG_0452.JPG,IMG_0452.JPG,/Users/dominiklukes/Library/CloudStorage/OneDrive-Personal/Pictures/2025/07/01/250701-01 Jul - IMG_0452.jpg,250701-01 Jul - IMG_0452.jpg,IMG_0452,6287561,01e2ac2f57214b714e958532bcfc7abe69631e72df9537ca32cf0d53b7151dd1,yes,"Same IMG_#### token, same byte size, same SHA-256."
/Volumes/EOS_DIGITAL/DCIM/100CANON/IMG_0453.JPG,IMG_0453.JPG,/Users/dominiklukes/Library/CloudStorage/OneDrive-Personal/Pictures/2025/07/01/250701-01 Jul - IMG_0453.jpg,250701-01 Jul - IMG_0453.jpg,IMG_0453,6168863,696e069bf237f588ed771ee4094eb05343bf9b5477d8480181f6ed344471ef0b,yes,"Same IMG_#### token, same byte size, same SHA-256."
/Volumes/EOS_DIGITAL/DCIM/100CANON/IMG_0454.JPG,IMG_0454.JPG,/Users/dominiklukes/Library/CloudStorage/OneDrive-Personal/Pictures/2025/07/01/250701-01 Jul - IMG_0454.jpg,250701-01 Jul - IMG_0454.jpg,IMG_0454,9143818,947af1a2e51a794445e072101987ced4185e36e1874e9e3b42a0023bb6a2998d,yes,"Same IMG_#### token, same byte size, same SHA-256."
/Volumes/EOS_DIGITAL/DCIM/100CANON/IMG_0455.JPG,IMG_0455.JPG,/Users/dominiklukes/Library/CloudStorage/OneDrive-Personal/Pictures/2025/07/01/250701-01 Jul - IMG_0455.jpg,250701-01 Jul - IMG_0455.jpg,IMG_0455,7634807,1ae2517232c39da6dad9a101f91f156e6f4473a38303ae71cd9e7480304881f3,yes,"Same IMG_#### token, same byte size, same SHA-256."
/Volumes/EOS_DIGITAL/DCIM/100CANON/IMG_0456.JPG,IMG_0456.JPG,/Users/dominiklukes/Library/CloudStorage/OneDrive-Personal/Pictures/2025/07/01/250701-01 Jul - IMG_0456.jpg,250701-01 Jul - IMG_0456.jpg,IMG_0456,4572349,a4cd534448c005e7822dda42ef1abe70143b48817583a686fd9adfba5c00973f,yes,"Same IMG_#### token, same byte size, same SHA-256."
/Volumes/EOS_DIGITAL/DCIM/100CANON/IMG_0457.JPG,IMG_0457.JPG,/Users/dominiklukes/Library/CloudStorage/OneDrive-Personal/Pictures/2025/07/01/250701-01 Jul - IMG_0457.jpg,250701-01 Jul - IMG_0457.jpg,IMG_0457,4560244,a49b22249926b9ab1db45497cdf8da9ae2bb104183025827d47cf94eb61a5b71,yes,"Same IMG_#### token, same byte size, same SHA-256."
/Volumes/EOS_DIGITAL/DCIM/100CANON/IMG_0458.JPG,IMG_0458.JPG,/Users/dominiklukes/Library/CloudStorage/OneDrive-Personal/Pictures/2025/07/01/250701-01 Jul - IMG_0458.jpg,250701-01 Jul - IMG_0458.jpg,IMG_0458,4575423,d185c95209c51d3c7d6a7104a741b14375eebdc4ab1a6da44a5893a575b671e9,yes,"Same IMG_#### token, same byte size, same SHA-256."
/Volumes/EOS_DIGITAL/DCIM/100CANON/IMG_0459.JPG,IMG_0459.JPG,/Users/dominiklukes/Library/CloudStorage/OneDrive-Personal/Pictures/2025/07/01/250701-01 Jul - IMG_0459.jpg,250701-01 Jul - IMG_0459.jpg,IMG_0459,7529671,f270c41a83a2060873f7e46b5d8f6bd571a943f1eab7b7b50bbb636a3e3a28af,yes,"Same IMG_#### token, same byte size, same SHA-256."
/Volumes/EOS_DIGITAL/DCIM/100CANON/IMG_0460.JPG,IMG_0460.JPG,/Users/dominiklukes/Library/CloudStorage/OneDrive-Personal/Pictures/2025/07/01/250701-01 Jul - IMG_0460.jpg,250701-01 Jul - IMG_0460.jpg,IMG_0460,7574880,7c653d29cf7ebba5a4a71477a7701600b15e420c6c87adaadf5e859b01001e55,yes,"Same IMG_#### token, same byte size, same SHA-256."
/Volumes/EOS_DIGITAL/DCIM/100CANON/IMG_0461.JPG,IMG_0461.JPG,/Users/dominiklukes/Library/CloudStorage/OneDrive-Personal/Pictures/2025/07/01/250701-01 Jul - IMG_0461.jpg,250701-01 Jul - IMG_0461.jpg,IMG_0461,6920025,756d7dbddb2325aabaa671210923fdc17ea12f09c6ea307aeea7853b2ae23135,yes,"Same IMG_#### token, same byte size, same SHA-256."
/Volumes/EOS_DIGITAL/DCIM/100CANON/IMG_0462.JPG,IMG_0462.JPG,/Users/dominiklukes/Library/CloudStorage/OneDrive-Personal/Pictures/2025/07/01/250701-01 Jul - IMG_0462.jpg,250701-01 Jul - IMG_0462.jpg,IMG_0462,6623170,67720ffdd410f5308e581497a284484c2bbe82ce8a5efba57df4f918e7fc479a,yes,"Same IMG_#### token, same byte size, same SHA-256."
/Volumes/EOS_DIGITAL/DCIM/100CANON/IMG_0463.JPG,IMG_0463.JPG,/Users/dominiklukes/Library/CloudStorage/OneDrive-Personal/Pictures/2025/07/01/250701-01 Jul - IMG_0463.jpg,250701-01 Jul - IMG_0463.jpg,IMG_0463,8104627,1aabd7793a3b1bcb6058549b43eaed3335f66ae468844568ca2e2b88c74084e4,yes,"Same IMG_#### token, same byte size, same SHA-256."
/Volumes/EOS_DIGITAL/DCIM/100CANON/IMG_0464.JPG,IMG_0464.JPG,/Users/dominiklukes/Library/CloudStorage/OneDrive-Personal/Pictures/2025/07/01/250701-01 Jul - IMG_0464.jpg,250701-01 Jul - IMG_0464.jpg,IMG_0464,7432798,639087f3a80f8efdfa324386417a466018228b282ffe708203f533229aaba34d,yes,"Same IMG_#### token, same byte size, same SHA-256."
/Volumes/EOS_DIGITAL/DCIM/100CANON/IMG_0465.JPG,IMG_0465.JPG,/Users/dominiklukes/Library/CloudStorage/OneDrive-Personal/Pictures/2025/07/01/250701-01 Jul - IMG_0465.jpg,250701-01 Jul - IMG_0465.jpg,IMG_0465,5972041,dfde3635ff5d6fc8271f6db9a73ba398e85d85e044618dba245c1cafb8304d6f,yes,"Same IMG_#### token, same byte size, same SHA-256."
/Volumes/EOS_DIGITAL/DCIM/100CANON/IMG_0466.JPG,IMG_0466.JPG,/Users/dominiklukes/Library/CloudStorage/OneDrive-Personal/Pictures/2025/07/01/250701-01 Jul - IMG_0466.jpg,250701-01 Jul - IMG_0466.jpg,IMG_0466,6613612,ca5ea89bc3b637fa5fcd2ef98d104a436f3db154806c3c52b887a99a94f6a5cb,yes,"Same IMG_#### token, same byte size, same SHA-256."
/Volumes/EOS_DIGITAL/DCIM/100CANON/IMG_0467.JPG,IMG_0467.JPG,/Users/dominiklukes/Library/CloudStorage/OneDrive-Personal/Pictures/2025/07/01/250701-01 Jul - IMG_0467.jpg,250701-01 Jul - IMG_0467.jpg,IMG_0467,7843385,5d08082d5d41156d1f914475af9347e3cf2ee336240c7c0b43e1c98f106107b4,yes,"Same IMG_#### token, same byte size, same SHA-256."
/Volumes/EOS_DIGITAL/DCIM/100CANON/IMG_0468.JPG,IMG_0468.JPG,/Users/dominiklukes/Library/CloudStorage/OneDrive-Personal/Pictures/2025/07/01/250701-01 Jul - IMG_0468.jpg,250701-01 Jul - IMG_0468.jpg,IMG_0468,8021033,89e8b5b9c38af3db885b7699a9e26902c4c0db91e0f8a3552123a1b05b23cc16,yes,"Same IMG_#### token, same byte size, same SHA-256."
/Volumes/EOS_DIGITAL/DCIM/100CANON/IMG_0469.JPG,IMG_0469.JPG,/Users/dominiklukes/Library/CloudStorage/OneDrive-Personal/Pictures/2025/07/01/250701-01 Jul - IMG_0469.jpg,250701-01 Jul - IMG_0469.jpg,IMG_0469,7711064,c678e248abdb27b0f4040ac62a7b241e8aa1e28abbe8513eef01310ba91b4a08,yes,"Same IMG_#### token, same byte size, same SHA-256."
/Volumes/EOS_DIGITAL/DCIM/100CANON/IMG_0470.JPG,IMG_0470.JPG,/Users/dominiklukes/Library/CloudStorage/OneDrive-Personal/Pictures/2025/07/01/250701-01 Jul - IMG_0470.jpg,250701-01 Jul - IMG_0470.jpg,IMG_0470,7237769,7cd6feeee8a29458271563dfe4bfadf6066c5c98591922517ee9fe6a0cc4f770,yes,"Same IMG_#### token, same byte size, same SHA-256."
/Volumes/EOS_DIGITAL/DCIM/100CANON/IMG_0471.JPG,IMG_0471.JPG,/Users/dominiklukes/Library/CloudStorage/OneDrive-Personal/Pictures/2025/07/01/250701-01 Jul - IMG_0471.jpg,250701-01 Jul - IMG_0471.jpg,IMG_0471,6515252,3ce4773473d5994cc834536a8a47616bfa4d588416f8f914a93e163234c03c17,yes,"Same IMG_#### token, same byte size, same SHA-256."
/Volumes/EOS_DIGITAL/DCIM/100CANON/IMG_0472.JPG,IMG_0472.JPG,/Users/dominiklukes/Library/CloudStorage/OneDrive-Personal/Pictures/2025/07/01/250701-01 Jul - IMG_0472.jpg,250701-01 Jul - IMG_0472.jpg,IMG_0472,5802533,28ceb6b7f7997fb71a9940dc8b4463b842ab0c9223b59410b54175116cfe45d1,yes,"Same IMG_#### token, same byte size, same SHA-256."
/Volumes/EOS_DIGITAL/DCIM/100CANON/IMG_0473.JPG,IMG_0473.JPG,/Users/dominiklukes/Library/CloudStorage/OneDrive-Personal/Pictures/2025/07/01/250701-01 Jul - IMG_0473.jpg,250701-01 Jul - IMG_0473.jpg,IMG_0473,5607009,65f4f4abdc5f2346d14b8924fa860a14774e6216720578367aff137a3752370e,yes,"Same IMG_#### token, same byte size, same SHA-256."
/Volumes/EOS_DIGITAL/DCIM/100CANON/IMG_0474.JPG,IMG_0474.JPG,/Users/dominiklukes/Library/CloudStorage/OneDrive-Personal/Pictures/2025/07/01/250701-01 Jul - IMG_0474.jpg,250701-01 Jul - IMG_0474.jpg,IMG_0474,5871901,bea4ef1d7e78d4447ee98f411816b9a7cce3bbc4c2f41961236f2ac5a4acba9f,yes,"Same IMG_#### token, same byte size, same SHA-256."
/Volumes/EOS_DIGITAL/DCIM/100CANON/IMG_0475.JPG,IMG_0475.JPG,/Users/dominiklukes/Library/CloudStorage/OneDrive-Personal/Pictures/2025/07/01/250701-01 Jul - IMG_0475.jpg,250701-01 Jul - IMG_0475.jpg,IMG_0475,6813808,d0f025f042e5b799aa7d8a4d12e3dbc8b6e871de3b184e73fa5cf96f78da5ebd,yes,"Same IMG_#### token, same byte size, same SHA-256."
/Volumes/EOS_DIGITAL/DCIM/100CANON/IMG_0476.JPG,IMG_0476.JPG,/Users/dominiklukes/Library/CloudStorage/OneDrive-Personal/Pictures/2025/07/01/250701-01 Jul - IMG_0476.jpg,250701-01 Jul - IMG_0476.jpg,IMG_0476,6773468,899a15e5537ddb674f99bb43ca251d9d8a625c880e380295627b19ecdec89f0e,yes,"Same IMG_#### token, same byte size, same SHA-256."
/Volumes/EOS_DIGITAL/DCIM/100CANON/IMG_0477.JPG,IMG_0477.JPG,/Users/dominiklukes/Library/CloudStorage/OneDrive-Personal/Pictures/2025/07/01/250701-01 Jul - IMG_0477.jpg,250701-01 Jul - IMG_0477.jpg,IMG_0477,6799256,a3cd23bd3024bc2937120685e365ed2608b5e06e85e393053f0de394e5c74abb,yes,"Same IMG_#### token, same byte size, same SHA-256."
/Volumes/EOS_DIGITAL/DCIM/100CANON/IMG_0478.JPG,IMG_0478.JPG,/Users/dominiklukes/Library/CloudStorage/OneDrive-Personal/Pictures/2025/07/01/250701-01 Jul - IMG_0478.jpg,250701-01 Jul - IMG_0478.jpg,IMG_0478,6691201,fb8a4470ecdce94a9f649e042b5e5245218c3407066a95c987572bbbfacff203,yes,"Same IMG_#### token, same byte size, same SHA-256."
/Volumes/EOS_DIGITAL/DCIM/100CANON/IMG_0479.JPG,IMG_0479.JPG,/Users/dominiklukes/Library/CloudStorage/OneDrive-Personal/Pictures/2025/07/01/250701-01 Jul - IMG_0479.jpg,250701-01 Jul - IMG_0479.jpg,IMG_0479,7094819,b930b08fef48cd8650200c3470a9f7a8772e1bcf5e5abce106a03cab6404c163,yes,"Same IMG_#### token, same byte size, same SHA-256."
/Volumes/EOS_DIGITAL/DCIM/100CANON/IMG_0480.JPG,IMG_0480.JPG,/Users/dominiklukes/Library/CloudStorage/OneDrive-Personal/Pictures/2025/07/01/250701-01 Jul - IMG_0480.jpg,250701-01 Jul - IMG_0480.jpg,IMG_0480,7238107,6b7fd79fa99e64951dbf8720ad65e01c0aba44f1e1cbfc2d5ef4ff53fc49ab56,yes,"Same IMG_#### token, same byte size, same SHA-256."
/Volumes/EOS_DIGITAL/DCIM/100CANON/IMG_0481.JPG,IMG_0481.JPG,/Users/dominiklukes/Library/CloudStorage/OneDrive-Personal/Pictures/2025/07/01/250701-01 Jul - IMG_0481.jpg,250701-01 Jul - IMG_0481.jpg,IMG_0481,8264824,268f342ef54d7e3a97d0740ae7cd779065434cfa01e9b2524374f21f61490b38,yes,"Same IMG_#### token, same byte size, same SHA-256."
/Volumes/EOS_DIGITAL/DCIM/100CANON/IMG_0482.JPG,IMG_0482.JPG,/Users/dominiklukes/Library/CloudStorage/OneDrive-Personal/Pictures/2025/07/01/250701-01 Jul - IMG_0482.jpg,250701-01 Jul - IMG_0482.jpg,IMG_0482,6449475,46245e80b35ada4b162f9792832c0d7858821bbf017dde4aa28ed221f1bba201,yes,"Same IMG_#### token, same byte size, same SHA-256."
/Volumes/EOS_DIGITAL/DCIM/100CANON/IMG_0483.JPG,IMG_0483.JPG,/Users/dominiklukes/Library/CloudStorage/OneDrive-Personal/Pictures/2025/07/01/250701-01 Jul - IMG_0483.jpg,250701-01 Jul - IMG_0483.jpg,IMG_0483,6622497,a78d3235f3d8dfaa8e3fa354f99a1ff5e68ac52d60e32a80182e5646172a1111,yes,"Same IMG_#### token, same byte size, same SHA-256."
/Volumes/EOS_DIGITAL/DCIM/100CANON/IMG_0484.JPG,IMG_0484.JPG,/Users/dominiklukes/Library/CloudStorage/OneDrive-Personal/Pictures/2025/07/01/250701-01 Jul - IMG_0484.jpg,250701-01 Jul - IMG_0484.jpg,IMG_0484,6902714,3014d60785736ffbdb173af763dae4131599233bb3f8e236da40a02ca0c0e256,yes,"Same IMG_#### token, same byte size, same SHA-256."
/Volumes/EOS_DIGITAL/DCIM/100CANON/IMG_0485.JPG,IMG_0485.JPG,/Users/dominiklukes/Library/CloudStorage/OneDrive-Personal/Pictures/2025/07/01/250701-01 Jul - IMG_0485.jpg,250701-01 Jul - IMG_0485.jpg,IMG_0485,6507625,0f947f0a652f4190961f096a507d901e1125111ca512b23419a8967e08efee23,yes,"Same IMG_#### token, same byte size, same SHA-256."
/Volumes/EOS_DIGITAL/DCIM/100CANON/IMG_0486.JPG,IMG_0486.JPG,/Users/dominiklukes/Library/CloudStorage/OneDrive-Personal/Pictures/2025/07/01/250701-01 Jul - IMG_0486.jpg,250701-01 Jul - IMG_0486.jpg,IMG_0486,6355113,8c54c9c9f956041fa68a87f4887e4e742be7fd1a8ca59bf99dd8cc3ee39e97ce,yes,"Same IMG_#### token, same byte size, same SHA-256."
/Volumes/EOS_DIGITAL/DCIM/100CANON/IMG_0487.JPG,IMG_0487.JPG,/Users/dominiklukes/Library/CloudStorage/OneDrive-Personal/Pictures/2025/07/01/250701-01 Jul - IMG_0487.jpg,250701-01 Jul - IMG_0487.jpg,IMG_0487,6367573,546d64619195b388d36c25281cd08faade8102ebc6d8fae9eb5d5d3da117eca3,yes,"Same IMG_#### token, same byte size, same SHA-256."
/Volumes/EOS_DIGITAL/DCIM/100CANON/IMG_0488.JPG,IMG_0488.JPG,/Users/dominiklukes/Library/CloudStorage/OneDrive-Personal/Pictures/2025/07/01/250701-01 Jul - IMG_0488.jpg,250701-01 Jul - IMG_0488.jpg,IMG_0488,6530390,7d44ceae0485070343f3b7d9c80cdd7d93aa95b7627050bc49821d173b0ae3c2,yes,"Same IMG_#### token, same byte size, same SHA-256."
/Volumes/EOS_DIGITAL/DCIM/100CANON/IMG_0489.JPG,IMG_0489.JPG,/Users/dominiklukes/Library/CloudStorage/OneDrive-Personal/Pictures/2025/07/01/250701-01 Jul - IMG_0489.jpg,250701-01 Jul - IMG_0489.jpg,IMG_0489,6341509,f5aafe7972ede0675e2717ceadd3ef80adb9df454568abdad700b31ae2cc6faf,yes,"Same IMG_#### token, same byte size, same SHA-256."
/Volumes/EOS_DIGITAL/DCIM/100CANON/IMG_0490.JPG,IMG_0490.JPG,/Users/dominiklukes/Library/CloudStorage/OneDrive-Personal/Pictures/2025/07/01/250701-01 Jul - IMG_0490.jpg,250701-01 Jul - IMG_0490.jpg,IMG_0490,6801847,e650697688df8dc1a46ebe4fa06cd12ef3d50cb06605640529d7c2b40ca2f0e3,yes,"Same IMG_#### token, same byte size, same SHA-256."
/Volumes/EOS_DIGITAL/DCIM/100CANON/IMG_0491.JPG,IMG_0491.JPG,/Users/dominiklukes/Library/CloudStorage/OneDrive-Personal/Pictures/2025/07/01/250701-01 Jul - IMG_0491.jpg,250701-01 Jul - IMG_0491.jpg,IMG_0491,6106647,27d07c1037cda1688b85cf376e641a64cfc22b8e2b6e0b3654f83f9746f3b528,yes,"Same IMG_#### token, same byte size, same SHA-256."
/Volumes/EOS_DIGITAL/DCIM/100CANON/IMG_0492.JPG,IMG_0492.JPG,/Users/dominiklukes/Library/CloudStorage/OneDrive-Personal/Pictures/2025/07/01/250701-01 Jul - IMG_0492.jpg,250701-01 Jul - IMG_0492.jpg,IMG_0492,6039182,8b8a7231f0d789c9f15a38fc035e95fd824b7c5f35875b6aade22fbe3874990c,yes,"Same IMG_#### token, same byte size, same SHA-256."
/Volumes/EOS_DIGITAL/DCIM/100CANON/IMG_0493.JPG,IMG_0493.JPG,/Users/dominiklukes/Library/CloudStorage/OneDrive-Personal/Pictures/2025/07/01/250701-01 Jul - IMG_0493.jpg,250701-01 Jul - IMG_0493.jpg,IMG_0493,5982865,7e5c34608c97dc9043386b390af43c24ed7dd290db77e17da0e56b9dc0a098a5,yes,"Same IMG_#### token, same byte size, same SHA-256."
/Volumes/EOS_DIGITAL/DCIM/100CANON/IMG_0494.JPG,IMG_0494.JPG,/Users/dominiklukes/Library/CloudStorage/OneDrive-Personal/Pictures/2025/07/01/250701-01 Jul - IMG_0494.jpg,250701-01 Jul - IMG_0494.jpg,IMG_0494,6050535,2e7bf80070b4f2e6b54ccaf435ad5aa1ad14ae219c7f6cb4cc0dd98db5a6f8a6,yes,"Same IMG_#### token, same byte size, same SHA-256."
/Volumes/EOS_DIGITAL/DCIM/100CANON/IMG_0495.JPG,IMG_0495.JPG,/Users/dominiklukes/Library/CloudStorage/OneDrive-Personal/Pictures/2025/07/01/250701-01 Jul - IMG_0495.jpg,250701-01 Jul - IMG_0495.jpg,IMG_0495,6467131,1a918bfdd8a38abc0bd78a8d857963aeb0d91d6c30afec5c3ab9b59609d17759,yes,"Same IMG_#### token, same byte size, same SHA-256."
/Volumes/EOS_DIGITAL/DCIM/100CANON/IMG_0496.JPG,IMG_0496.JPG,/Users/dominiklukes/Library/CloudStorage/OneDrive-Personal/Pictures/2025/07/01/250701-01 Jul - IMG_0496.jpg,250701-01 Jul - IMG_0496.jpg,IMG_0496,6265477,f6778556f6a9aca4bd12259c163e1ea734907acc026a4d7214b570f16f710fa2,yes,"Same IMG_#### token, same byte size, same SHA-256."
/Volumes/EOS_DIGITAL/DCIM/100CANON/IMG_0497.JPG,IMG_0497.JPG,/Users/dominiklukes/Library/CloudStorage/OneDrive-Personal/Pictures/2025/07/01/250701-01 Jul - IMG_0497.jpg,250701-01 Jul - IMG_0497.jpg,IMG_0497,5901254,527c20a68fbe70648e2795fe1b659ee734bb282d8d588104a8948f7a01005cb3,yes,"Same IMG_#### token, same byte size, same SHA-256."
/Volumes/EOS_DIGITAL/DCIM/100CANON/IMG_0498.JPG,IMG_0498.JPG,/Users/dominiklukes/Library/CloudStorage/OneDrive-Personal/Pictures/2025/07/01/250701-01 Jul - IMG_0498.jpg,250701-01 Jul - IMG_0498.jpg,IMG_0498,5943841,4517e03585629e4c3ff48f3a681c82f938a5b16380b4798934c9014923cbee97,yes,"Same IMG_#### token, same byte size, same SHA-256."
/Volumes/EOS_DIGITAL/DCIM/100CANON/IMG_0499.JPG,IMG_0499.JPG,/Users/dominiklukes/Library/CloudStorage/OneDrive-Personal/Pictures/2025/07/01/250701-01 Jul - IMG_0499.jpg,250701-01 Jul - IMG_0499.jpg,IMG_0499,6120365,f0f66150bbcee2cb4b7e2fe00eef64ac6f96e26fa036118c2c321f2e899d963a,yes,"Same IMG_#### token, same byte size, same SHA-256."
/Volumes/EOS_DIGITAL/DCIM/100CANON/IMG_0500.JPG,IMG_0500.JPG,/Users/dominiklukes/Library/CloudStorage/OneDrive-Personal/Pictures/2025/07/01/250701-01 Jul - IMG_0500.jpg,250701-01 Jul - IMG_0500.jpg,IMG_0500,6171693,6725d7776d156107ec5cd398dd6f8de9d5fed277124184de5ff8dbad4162220f,yes,"Same IMG_#### token, same byte size, same SHA-256."
/Volumes/EOS_DIGITAL/DCIM/100CANON/IMG_0501.JPG,IMG_0501.JPG,/Users/dominiklukes/Library/CloudStorage/OneDrive-Personal/Pictures/2025/07/01/250701-01 Jul - IMG_0501.jpg,250701-01 Jul - IMG_0501.jpg,IMG_0501,7099853,0840c425c88fc12c512796dcfc03ed4ccc5ae96cad5315d4826d53c6e908182d,yes,"Same IMG_#### token, same byte size, same SHA-256."
/Volumes/EOS_DIGITAL/DCIM/100CANON/IMG_0502.JPG,IMG_0502.JPG,/Users/dominiklukes/Library/CloudStorage/OneDrive-Personal/Pictures/2025/07/01/250701-01 Jul - IMG_0502.jpg,250701-01 Jul - IMG_0502.jpg,IMG_0502,6994599,bc4fcd9a22d892c209ff3559be94cf8d233642667edf25292d5086564078ef52,yes,"Same IMG_#### token, same byte size, same SHA-256."
/Volumes/EOS_DIGITAL/DCIM/100CANON/IMG_0503.JPG,IMG_0503.JPG,/Users/dominiklukes/Library/CloudStorage/OneDrive-Personal/Pictures/2025/07/01/250701-01 Jul - IMG_0503.jpg,250701-01 Jul - IMG_0503.jpg,IMG_0503,6350875,95fa8425b7bfb9fddf9d0222fcdc5304f4d2e9e22613be2d82db6567cd6ae386,yes,"Same IMG_#### token, same byte size, same SHA-256."
/Volumes/EOS_DIGITAL/DCIM/100CANON/IMG_0504.JPG,IMG_0504.JPG,/Users/dominiklukes/Library/CloudStorage/OneDrive-Personal/Pictures/2025/07/01/250701-01 Jul - IMG_0504.jpg,250701-01 Jul - IMG_0504.jpg,IMG_0504,6329831,746ed436e2e9fa5582a565aef1d05aea1c5b8e9685542fa807942bf68df8c6de,yes,"Same IMG_#### token, same byte size, same SHA-256."
/Volumes/EOS_DIGITAL/DCIM/100CANON/IMG_0505.JPG,IMG_0505.JPG,/Users/dominiklukes/Library/CloudStorage/OneDrive-Personal/Pictures/2025/07/01/250701-01 Jul - IMG_0505.jpg,250701-01 Jul - IMG_0505.jpg,IMG_0505,6223996,bc1e8721a556b9ac687a99e2a1a275ae4e79daea704fa28f25e46d7f1d42a3bb,yes,"Same IMG_#### token, same byte size, same SHA-256."
/Volumes/EOS_DIGITAL/DCIM/100CANON/IMG_0506.JPG,IMG_0506.JPG,/Users/dominiklukes/Library/CloudStorage/OneDrive-Personal/Pictures/2025/07/01/250701-01 Jul - IMG_0506.jpg,250701-01 Jul - IMG_0506.jpg,IMG_0506,6044710,a1940b00bc522d3188512197916c485b12a84c60916f1fc9414a7e72dc5a529a,yes,"Same IMG_#### token, same byte size, same SHA-256."
/Volumes/EOS_DIGITAL/DCIM/100CANON/IMG_0507.JPG,IMG_0507.JPG,/Users/dominiklukes/Library/CloudStorage/OneDrive-Personal/Pictures/2025/07/01/250701-01 Jul - IMG_0507.jpg,250701-01 Jul - IMG_0507.jpg,IMG_0507,5792877,e325ff07ff9b63363f5282ac4b725444620d9c5d1b015902ab01349e71413793,yes,"Same IMG_#### token, same byte size, same SHA-256."
/Volumes/EOS_DIGITAL/DCIM/100CANON/IMG_0508.JPG,IMG_0508.JPG,/Users/dominiklukes/Library/CloudStorage/OneDrive-Personal/Pictures/2025/07/01/250701-01 Jul - IMG_0508.jpg,250701-01 Jul - IMG_0508.jpg,IMG_0508,5854761,0a1f0ee659ca2d24fe7f2e381f045d69734bbedc24bbd7c9705da43d57ffa592,yes,"Same IMG_#### token, same byte size, same SHA-256."
/Volumes/EOS_DIGITAL/DCIM/100CANON/IMG_0509.JPG,IMG_0509.JPG,/Users/dominiklukes/Library/CloudStorage/OneDrive-Personal/Pictures/2025/07/01/250701-01 Jul - IMG_0509.jpg,250701-01 Jul - IMG_0509.jpg,IMG_0509,5817064,1f38d577f178b9a131feeaf22276d978cb679794a6d8f154541ad55afe2ddff0,yes,"Same IMG_#### token, same byte size, same SHA-256."
/Volumes/EOS_DIGITAL/DCIM/100CANON/IMG_0510.JPG,IMG_0510.JPG,/Users/dominiklukes/Library/CloudStorage/OneDrive-Personal/Pictures/2025/07/01/250701-01 Jul - IMG_0510.jpg,250701-01 Jul - IMG_0510.jpg,IMG_0510,5669669,a6220d0b238586ed277cf014ed2e31bb2ccbcdfbc9472279f7c0ad0757f404ac,yes,"Same IMG_#### token, same byte size, same SHA-256."
/Volumes/EOS_DIGITAL/DCIM/100CANON/IMG_0511.JPG,IMG_0511.JPG,/Users/dominiklukes/Library/CloudStorage/OneDrive-Personal/Pictures/2025/07/01/250701-01 Jul - IMG_0511.jpg,250701-01 Jul - IMG_0511.jpg,IMG_0511,5706396,eab53f021ac3fbec1d441ec1be8f083b87d8151aa1379a9029ac5486b8198f3b,yes,"Same IMG_#### token, same byte size, same SHA-256."
/Volumes/EOS_DIGITAL/DCIM/100CANON/IMG_0512.JPG,IMG_0512.JPG,/Users/dominiklukes/Library/CloudStorage/OneDrive-Personal/Pictures/2025/07/01/250701-01 Jul - IMG_0512.jpg,250701-01 Jul - IMG_0512.jpg,IMG_0512,5749349,19fa585734119ac8530a6a50309facabcadd189cd449a1f61e97a9909714f0f1,yes,"Same IMG_#### token, same byte size, same SHA-256."
/Volumes/EOS_DIGITAL/DCIM/100CANON/IMG_0513.JPG,IMG_0513.JPG,/Users/dominiklukes/Library/CloudStorage/OneDrive-Personal/Pictures/2025/07/01/250701-01 Jul - IMG_0513.jpg,250701-01 Jul - IMG_0513.jpg,IMG_0513,5754760,bfad5c1cda4f0210bf533e16aa4b396d7b9b391eb96351603b9379d3a78f4c81,yes,"Same IMG_#### token, same byte size, same SHA-256."
/Volumes/EOS_DIGITAL/DCIM/100CANON/IMG_0514.JPG,IMG_0514.JPG,/Users/dominiklukes/Library/CloudStorage/OneDrive-Personal/Pictures/2025/07/01/250701-01 Jul - IMG_0514.jpg,250701-01 Jul - IMG_0514.jpg,IMG_0514,5662332,c437a991e216e4663be81d17e557fb1b438eb96c5635de4f9683510c97cc8d46,yes,"Same IMG_#### token, same byte size, same SHA-256."
/Volumes/EOS_DIGITAL/DCIM/100CANON/IMG_0515.JPG,IMG_0515.JPG,/Users/dominiklukes/Library/CloudStorage/OneDrive-Personal/Pictures/2025/07/01/250701-01 Jul - IMG_0515.jpg,250701-01 Jul - IMG_0515.jpg,IMG_0515,5561390,7931132ebfa6bdf908592faeec944e3fc2602ab58e8334293fb87e8564d36047,yes,"Same IMG_#### token, same byte size, same SHA-256."
/Volumes/EOS_DIGITAL/DCIM/100CANON/IMG_0516.JPG,IMG_0516.JPG,/Users/dominiklukes/Library/CloudStorage/OneDrive-Personal/Pictures/2025/07/01/250701-01 Jul - IMG_0516.jpg,250701-01 Jul - IMG_0516.jpg,IMG_0516,5606354,a620bc32f35a379ea95e35631901e90ac8141524d3c736010cad761c535ad7b8,yes,"Same IMG_#### token, same byte size, same SHA-256."
/Volumes/EOS_DIGITAL/DCIM/100CANON/IMG_0517.JPG,IMG_0517.JPG,/Users/dominiklukes/Library/CloudStorage/OneDrive-Personal/Pictures/2025/07/01/250701-01 Jul - IMG_0517.jpg,250701-01 Jul - IMG_0517.jpg,IMG_0517,5639741,cde41743e64ed590c37bbaeb9f2d14cd0e127a523c07cb5821a09d4c7fdaed57,yes,"Same IMG_#### token, same byte size, same SHA-256."
/Volumes/EOS_DIGITAL/DCIM/100CANON/IMG_0518.JPG,IMG_0518.JPG,/Users/dominiklukes/Library/CloudStorage/OneDrive-Personal/Pictures/2025/07/01/250701-01 Jul - IMG_0518.jpg,250701-01 Jul - IMG_0518.jpg,IMG_0518,5635853,0c5608261d6bd12c949a13dbca1ce26b0f18e793327c0135af9e5b618330c84b,yes,"Same IMG_#### token, same byte size, same SHA-256."
/Volumes/EOS_DIGITAL/DCIM/100CANON/IMG_0519.JPG,IMG_0519.JPG,/Users/dominiklukes/Library/CloudStorage/OneDrive-Personal/Pictures/2025/07/01/250701-01 Jul - IMG_0519.jpg,250701-01 Jul - IMG_0519.jpg,IMG_0519,5863161,c1ec37b1127860713fa8584fc55bfab945683278d7253e8261ab6228a3fd056b,yes,"Same IMG_#### token, same byte size, same SHA-256."
/Volumes/EOS_DIGITAL/DCIM/100CANON/IMG_0520.JPG,IMG_0520.JPG,/Users/dominiklukes/Library/CloudStorage/OneDrive-Personal/Pictures/2025/07/01/250701-01 Jul - IMG_0520.jpg,250701-01 Jul - IMG_0520.jpg,IMG_0520,5843072,1a72e0410c17d5815a199ecfe32a2ee496b135dda499a187038635489c298554,yes,"Same IMG_#### token, same byte size, same SHA-256."
/Volumes/EOS_DIGITAL/DCIM/100CANON/IMG_0521.JPG,IMG_0521.JPG,/Users/dominiklukes/Library/CloudStorage/OneDrive-Personal/Pictures/2025/07/01/250701-01 Jul - IMG_0521.jpg,250701-01 Jul - IMG_0521.jpg,IMG_0521,5977301,265583ca100f5da22db23951537630608e0a2bed4f26369189eebe765f6bf944,yes,"Same IMG_#### token, same byte size, same SHA-256."
/Volumes/EOS_DIGITAL/DCIM/100CANON/IMG_0522.JPG,IMG_0522.JPG,/Users/dominiklukes/Library/CloudStorage/OneDrive-Personal/Pictures/2025/07/01/250701-01 Jul - IMG_0522.jpg,250701-01 Jul - IMG_0522.jpg,IMG_0522,5801319,c17b026b94f1f36f26f8314627fd2797feef7dc95864fa127fbe54af4d8019cc,yes,"Same IMG_#### token, same byte size, same SHA-256."
/Volumes/EOS_DIGITAL/DCIM/100CANON/IMG_0523.JPG,IMG_0523.JPG,/Users/dominiklukes/Library/CloudStorage/OneDrive-Personal/Pictures/2025/07/01/250701-01 Jul - IMG_0523.jpg,250701-01 Jul - IMG_0523.jpg,IMG_0523,5688967,a63d26b47ecaba5d3492f1d5df4eedde39d89189ac78d5dd594f8504af79d642,yes,"Same IMG_#### token, same byte size, same SHA-256."
/Volumes/EOS_DIGITAL/DCIM/100CANON/IMG_0524.JPG,IMG_0524.JPG,/Users/dominiklukes/Library/CloudStorage/OneDrive-Personal/Pictures/2025/07/01/250701-01 Jul - IMG_0524.jpg,250701-01 Jul - IMG_0524.jpg,IMG_0524,5907343,5868b5580576aae7cfd116e17fd6a8687f0b0fca67c8f64b5b512526439ab34a,yes,"Same IMG_#### token, same byte size, same SHA-256."
/Volumes/EOS_DIGITAL/DCIM/100CANON/IMG_0525.JPG,IMG_0525.JPG,/Users/dominiklukes/Library/CloudStorage/OneDrive-Personal/Pictures/2025/07/01/250701-01 Jul - IMG_0525.jpg,250701-01 Jul - IMG_0525.jpg,IMG_0525,5684747,42a4b3a95ab04257485d918ff94d1fb694fab125772170064be0737f316c3011,yes,"Same IMG_#### token, same byte size, same SHA-256."
/Volumes/EOS_DIGITAL/DCIM/100CANON/IMG_0526.JPG,IMG_0526.JPG,/Users/dominiklukes/Library/CloudStorage/OneDrive-Personal/Pictures/2025/07/01/250701-01 Jul - IMG_0526.jpg,250701-01 Jul - IMG_0526.jpg,IMG_0526,6408012,2367d7aea24a21f9ef5fa59de2b1239ab7d5d5547c2bf0500439ce9f33abdd2f,yes,"Same IMG_#### token, same byte size, same SHA-256."
/Volumes/EOS_DIGITAL/DCIM/100CANON/IMG_0527.JPG,IMG_0527.JPG,/Users/dominiklukes/Library/CloudStorage/OneDrive-Personal/Pictures/2025/07/01/250701-01 Jul - IMG_0527.jpg,250701-01 Jul - IMG_0527.jpg,IMG_0527,6204010,3226dd72c9079bb5518ab988c6fe1f7558468f3f2fbde07efda0de149ef3a3fc,yes,"Same IMG_#### token, same byte size, same SHA-256."
/Volumes/EOS_DIGITAL/DCIM/100CANON/IMG_0528.JPG,IMG_0528.JPG,/Users/dominiklukes/Library/CloudStorage/OneDrive-Personal/Pictures/2025/07/01/250701-01 Jul - IMG_0528.jpg,250701-01 Jul - IMG_0528.jpg,IMG_0528,5302714,a707ee24809b21a1c94b9d91d22049a767a1ea61b74141881eb63c80dbe65f49,yes,"Same IMG_#### token, same byte size, same SHA-256."
/Volumes/EOS_DIGITAL/DCIM/100CANON/IMG_0529.JPG,IMG_0529.JPG,/Users/dominiklukes/Library/CloudStorage/OneDrive-Personal/Pictures/2025/07/01/250701-01 Jul - IMG_0529.jpg,250701-01 Jul - IMG_0529.jpg,IMG_0529,5726992,ac567dc9623965d1bbf76ea07390c75f9df60ca6a31d309a9367cd54cd17e9ab,yes,"Same IMG_#### token, same byte size, same SHA-256."
/Volumes/EOS_DIGITAL/DCIM/100CANON/IMG_0530.JPG,IMG_0530.JPG,/Users/dominiklukes/Library/CloudStorage/OneDrive-Personal/Pictures/2025/07/01/250701-01 Jul - IMG_0530.jpg,250701-01 Jul - IMG_0530.jpg,IMG_0530,5216050,3ef1114b2016623b860daf62943f90bcd41b2b6b2824737a8b56b068be6ac0ff,yes,"Same IMG_#### token, same byte size, same SHA-256."
/Volumes/EOS_DIGITAL/DCIM/100CANON/IMG_0531.JPG,IMG_0531.JPG,/Users/dominiklukes/Library/CloudStorage/OneDrive-Personal/Pictures/2025/07/01/250701-01 Jul - IMG_0531.jpg,250701-01 Jul - IMG_0531.jpg,IMG_0531,7095585,acef360ed77b90a072497724b9ab09bbabb27bbab724ddd0b0bcf6612c329721,yes,"Same IMG_#### token, same byte size, same SHA-256."
/Volumes/EOS_DIGITAL/DCIM/100CANON/IMG_0532.JPG,IMG_0532.JPG,/Users/dominiklukes/Library/CloudStorage/OneDrive-Personal/Pictures/2025/07/01/250701-01 Jul - IMG_0532.jpg,250701-01 Jul - IMG_0532.jpg,IMG_0532,7001921,f60d425b0c226b7185034b89e9b83b7af8faa4c9bab6352582a97733d623d99b,yes,"Same IMG_#### token, same byte size, same SHA-256."
/Volumes/EOS_DIGITAL/DCIM/100CANON/IMG_0533.JPG,IMG_0533.JPG,/Users/dominiklukes/Library/CloudStorage/OneDrive-Personal/Pictures/2025/07/01/250701-01 Jul - IMG_0533.jpg,250701-01 Jul - IMG_0533.jpg,IMG_0533,6751973,530cdf281939e36f5ea72ec0ec1ecf9ad5cef4fdd506aa454582c718d0d1f209,yes,"Same IMG_#### token, same byte size, same SHA-256."
/Volumes/EOS_DIGITAL/DCIM/100CANON/IMG_0534.JPG,IMG_0534.JPG,/Users/dominiklukes/Library/CloudStorage/OneDrive-Personal/Pictures/2025/07/01/250701-01 Jul - IMG_0534.jpg,250701-01 Jul - IMG_0534.jpg,IMG_0534,6694549,254852117edfd8b6029823a9c5db35a5d451e7750c8be99c4f6d464d4fee13b8,yes,"Same IMG_#### token, same byte size, same SHA-256."
/Volumes/EOS_DIGITAL/DCIM/100CANON/IMG_0535.JPG,IMG_0535.JPG,/Users/dominiklukes/Library/CloudStorage/OneDrive-Personal/Pictures/2025/07/01/250701-01 Jul - IMG_0535.jpg,250701-01 Jul - IMG_0535.jpg,IMG_0535,6419485,ba9a1c62288d70d6aa4941dc278c01d5b4323767d43d1164f9e4153b5f1d24d1,yes,"Same IMG_#### token, same byte size, same SHA-256."
/Volumes/EOS_DIGITAL/DCIM/100CANON/IMG_0536.JPG,IMG_0536.JPG,/Users/dominiklukes/Library/CloudStorage/OneDrive-Personal/Pictures/2025/07/01/250701-01 Jul - IMG_0536.jpg,250701-01 Jul - IMG_0536.jpg,IMG_0536,6765401,c80c60a206fb3755dba8fd5a038b966a5e6cbf768bb445b40cccda02930f3038,yes,"Same IMG_#### token, same byte size, same SHA-256."
/Volumes/EOS_DIGITAL/DCIM/100CANON/IMG_0537.JPG,IMG_0537.JPG,/Users/dominiklukes/Library/CloudStorage/OneDrive-Personal/Pictures/2025/07/01/250701-01 Jul - IMG_0537.jpg,250701-01 Jul - IMG_0537.jpg,IMG_0537,6676016,28e83078a30b398b74674b2463067eeb71ccd30a2b43db77dac802e94dc6bc19,yes,"Same IMG_#### token, same byte size, same SHA-256."
/Volumes/EOS_DIGITAL/DCIM/100CANON/IMG_0538.JPG,IMG_0538.JPG,/Users/dominiklukes/Library/CloudStorage/OneDrive-Personal/Pictures/2025/07/01/250701-01 Jul - IMG_0538.jpg,250701-01 Jul - IMG_0538.jpg,IMG_0538,6440248,dac52c16d9ff371ef5ad4828296db30e5cd086b64fd1a4eabdd102fcb8b0361f,yes,"Same IMG_#### token, same byte size, same SHA-256."
/Volumes/EOS_DIGITAL/DCIM/100CANON/IMG_0539.JPG,IMG_0539.JPG,/Users/dominiklukes/Library/CloudStorage/OneDrive-Personal/Pictures/2025/07/01/250701-01 Jul - IMG_0539.jpg,250701-01 Jul - IMG_0539.jpg,IMG_0539,6456248,955dff4b71e4799f78f6e26e74f2698809d9a6fd227355809fc475df9aab175e,yes,"Same IMG_#### token, same byte size, same SHA-256."
/Volumes/EOS_DIGITAL/DCIM/100CANON/IMG_0540.JPG,IMG_0540.JPG,/Users/dominiklukes/Library/CloudStorage/OneDrive-Personal/Pictures/2025/07/01/250701-01 Jul - IMG_0540.jpg,250701-01 Jul - IMG_0540.jpg,IMG_0540,6958685,d98f429ec663600c87df506bdb57d3e713f8178d38ea653bdfd2843c032fd432,yes,"Same IMG_#### token, same byte size, same SHA-256."
/Volumes/EOS_DIGITAL/DCIM/100CANON/IMG_0541.JPG,IMG_0541.JPG,/Users/dominiklukes/Library/CloudStorage/OneDrive-Personal/Pictures/2025/07/01/250701-01 Jul - IMG_0541.jpg,250701-01 Jul - IMG_0541.jpg,IMG_0541,6587381,07252c207397d2e7703314ec06a86ae3d2518d74a4dc54dc9e17184f540c85b6,yes,"Same IMG_#### token, same byte size, same SHA-256."
/Volumes/EOS_DIGITAL/DCIM/100CANON/IMG_0542.JPG,IMG_0542.JPG,/Users/dominiklukes/Library/CloudStorage/OneDrive-Personal/Pictures/2025/07/01/250701-01 Jul - IMG_0542.jpg,250701-01 Jul - IMG_0542.jpg,IMG_0542,7843190,4d84969532103a5a2c80fee5a1b32d2c6bdbd79a9c7a4145327b66e687d217b9,yes,"Same IMG_#### token, same byte size, same SHA-256."
/Volumes/EOS_DIGITAL/DCIM/100CANON/IMG_0543.JPG,IMG_0543.JPG,/Users/dominiklukes/Library/CloudStorage/OneDrive-Personal/Pictures/2025/07/01/250701-01 Jul - IMG_0543.jpg,250701-01 Jul - IMG_0543.jpg,IMG_0543,7000697,c52a0d013d002d34cbc57eae6165a6ff970689b7c5b3b9b857eebc5e39a9364e,yes,"Same IMG_#### token, same byte size, same SHA-256."
/Volumes/EOS_DIGITAL/DCIM/100CANON/IMG_0544.JPG,IMG_0544.JPG,/Users/dominiklukes/Library/CloudStorage/OneDrive-Personal/Pictures/2025/07/01/250701-01 Jul - IMG_0544.jpg,250701-01 Jul - IMG_0544.jpg,IMG_0544,6196144,1fa448729db9108a37adffa0f7fedd24660618a3586ab0fb5b5680ea439bae2c,yes,"Same IMG_#### token, same byte size, same SHA-256."
/Volumes/EOS_DIGITAL/DCIM/100CANON/IMG_0545.JPG,IMG_0545.JPG,/Users/dominiklukes/Library/CloudStorage/OneDrive-Personal/Pictures/2025/07/01/250701-01 Jul - IMG_0545.jpg,250701-01 Jul - IMG_0545.jpg,IMG_0545,5416929,fcd197261c2583ec9b7ad418d209ba0683be50f55aa30a52358e8d46a8d2395a,yes,"Same IMG_#### token, same byte size, same SHA-256."
/Volumes/EOS_DIGITAL/DCIM/100CANON/IMG_0546.JPG,IMG_0546.JPG,/Users/dominiklukes/Library/CloudStorage/OneDrive-Personal/Pictures/2025/07/01/250701-01 Jul - IMG_0546.jpg,250701-01 Jul - IMG_0546.jpg,IMG_0546,5665965,afa3505a6b75db1cfbb8e17448dba0887248b5f43087b9b14b1fe4b4805c0262,yes,"Same IMG_#### token, same byte size, same SHA-256."
/Volumes/EOS_DIGITAL/DCIM/100CANON/IMG_0547.JPG,IMG_0547.JPG,/Users/dominiklukes/Library/CloudStorage/OneDrive-Personal/Pictures/2025/07/01/250701-01 Jul - IMG_0547.jpg,250701-01 Jul - IMG_0547.jpg,IMG_0547,5706559,c59d8cf3e6467db2dc3a5b0832c3e362b39bff074fbe34451400894a7933e067,yes,"Same IMG_#### token, same byte size, same SHA-256."
/Volumes/EOS_DIGITAL/DCIM/100CANON/IMG_0548.JPG,IMG_0548.JPG,/Users/dominiklukes/Library/CloudStorage/OneDrive-Personal/Pictures/2025/07/01/250701-01 Jul - IMG_0548.jpg,250701-01 Jul - IMG_0548.jpg,IMG_0548,6095494,3f5140add9e749169abcbe10927fb7bed60c449dbdfebd26c2d684f0cda918a2,yes,"Same IMG_#### token, same byte size, same SHA-256."
/Volumes/EOS_DIGITAL/DCIM/100CANON/IMG_0549.JPG,IMG_0549.JPG,/Users/dominiklukes/Library/CloudStorage/OneDrive-Personal/Pictures/2025/07/01/250701-01 Jul - IMG_0549.jpg,250701-01 Jul - IMG_0549.jpg,IMG_0549,6035498,83a8bc72d5a763cbb0fcb12e88237df4c8b57cb4037889b35222ca9e9ee3c8ca,yes,"Same IMG_#### token, same byte size, same SHA-256."
/Volumes/EOS_DIGITAL/DCIM/100CANON/IMG_0550.JPG,IMG_0550.JPG,/Users/dominiklukes/Library/CloudStorage/OneDrive-Personal/Pictures/2025/07/01/250701-01 Jul - IMG_0550.jpg,250701-01 Jul - IMG_0550.jpg,IMG_0550,6040195,e2d27d120dc9e9356359ec91fdcecbb5f3a3d8b591f2eca42bb262fe1749747d,yes,"Same IMG_#### token, same byte size, same SHA-256."
/Volumes/EOS_DIGITAL/DCIM/100CANON/IMG_0551.JPG,IMG_0551.JPG,/Users/dominiklukes/Library/CloudStorage/OneDrive-Personal/Pictures/2025/07/01/250701-01 Jul - IMG_0551.jpg,250701-01 Jul - IMG_0551.jpg,IMG_0551,5997698,746c35d6c3a1b8b47c36ff9e554bf5799c1924a1b159691a6ae803405cb3e263,yes,"Same IMG_#### token, same byte size, same SHA-256."
/Volumes/EOS_DIGITAL/DCIM/100CANON/IMG_0552.JPG,IMG_0552.JPG,/Users/dominiklukes/Library/CloudStorage/OneDrive-Personal/Pictures/2025/07/01/250701-01 Jul - IMG_0552.jpg,250701-01 Jul - IMG_0552.jpg,IMG_0552,6059472,5feaf7cc1413ab38b4772a49254218b5ff6358b4c412f47a3aaff24311142ca7,yes,"Same IMG_#### token, same byte size, same SHA-256."
/Volumes/EOS_DIGITAL/DCIM/100CANON/IMG_0553.JPG,IMG_0553.JPG,/Users/dominiklukes/Library/CloudStorage/OneDrive-Personal/Pictures/2025/07/01/250701-01 Jul - IMG_0553.jpg,250701-01 Jul - IMG_0553.jpg,IMG_0553,6060635,97932d8298fc0879abd237129626bf53d7157b1e69324e87ee395ebba9be2214,yes,"Same IMG_#### token, same byte size, same SHA-256."
/Volumes/EOS_DIGITAL/DCIM/100CANON/IMG_0554.JPG,IMG_0554.JPG,/Users/dominiklukes/Library/CloudStorage/OneDrive-Personal/Pictures/2025/07/01/250701-01 Jul - IMG_0554.jpg,250701-01 Jul - IMG_0554.jpg,IMG_0554,6010884,f84121de550329dac5a2478857babc3ea669adbe37cc977813281dd06cd4cbc3,yes,"Same IMG_#### token, same byte size, same SHA-256."
/Volumes/EOS_DIGITAL/DCIM/100CANON/IMG_0555.JPG,IMG_0555.JPG,/Users/dominiklukes/Library/CloudStorage/OneDrive-Personal/Pictures/2025/07/01/250701-01 Jul - IMG_0555.jpg,250701-01 Jul - IMG_0555.jpg,IMG_0555,6080514,8a013c8c3f3d62eaeccba073d41dd9b7c6f93aa45f374f69dbbf2cda835f99d7,yes,"Same IMG_#### token, same byte size, same SHA-256."
/Volumes/EOS_DIGITAL/DCIM/100CANON/IMG_0556.JPG,IMG_0556.JPG,/Users/dominiklukes/Library/CloudStorage/OneDrive-Personal/Pictures/2025/07/01/250701-01 Jul - IMG_0556.jpg,250701-01 Jul - IMG_0556.jpg,IMG_0556,5957229,523b1d8c8589fa9be88b27c6580903f9542fe1e2d8dd71fee8aac30bc3322a5b,yes,"Same IMG_#### token, same byte size, same SHA-256."
/Volumes/EOS_DIGITAL/DCIM/100CANON/IMG_0557.JPG,IMG_0557.JPG,/Users/dominiklukes/Library/CloudStorage/OneDrive-Personal/Pictures/2025/07/01/250701-01 Jul - IMG_0557.jpg,250701-01 Jul - IMG_0557.jpg,IMG_0557,5846491,38efc96cd56ae155a5b3ea1b24634bc1243cb05ae7e36e0f90f1abefba19f95b,yes,"Same IMG_#### token, same byte size, same SHA-256."
/Volumes/EOS_DIGITAL/DCIM/100CANON/IMG_0558.JPG,IMG_0558.JPG,/Users/dominiklukes/Library/CloudStorage/OneDrive-Personal/Pictures/2025/07/01/250701-01 Jul - IMG_0558.jpg,250701-01 Jul - IMG_0558.jpg,IMG_0558,5456558,482b4327583107a9715db5fcb01ff92959666460b62a8c586144b8ca28777f86,yes,"Same IMG_#### token, same byte size, same SHA-256."
/Volumes/EOS_DIGITAL/DCIM/100CANON/IMG_0559.JPG,IMG_0559.JPG,/Users/dominiklukes/Library/CloudStorage/OneDrive-Personal/Pictures/2025/07/01/250701-01 Jul - IMG_0559.jpg,250701-01 Jul - IMG_0559.jpg,IMG_0559,5592367,e263e20f6d6cf3a09aa6ff6dc6202766c0d3a43801721426325d47c6d1020568,yes,"Same IMG_#### token, same byte size, same SHA-256."
/Volumes/EOS_DIGITAL/DCIM/100CANON/IMG_0560.JPG,IMG_0560.JPG,/Users/dominiklukes/Library/CloudStorage/OneDrive-Personal/Pictures/2025/07/01/250701-01 Jul - IMG_0560.jpg,250701-01 Jul - IMG_0560.jpg,IMG_0560,5685799,34bd700ea7f3b349d5f92dad2246a2e63eb38a5938eb0dd466761fb18daf7e10,yes,"Same IMG_#### token, same byte size, same SHA-256."
/Volumes/EOS_DIGITAL/DCIM/100CANON/IMG_0561.JPG,IMG_0561.JPG,/Users/dominiklukes/Library/CloudStorage/OneDrive-Personal/Pictures/2025/07/01/250701-01 Jul - IMG_0561.jpg,250701-01 Jul - IMG_0561.jpg,IMG_0561,6304049,548c81767c6d0a10bb8610e026707e5bfeb57bdec3d3561119892106f6dad620,yes,"Same IMG_#### token, same byte size, same SHA-256."
/Volumes/EOS_DIGITAL/DCIM/100CANON/IMG_0562.JPG,IMG_0562.JPG,/Users/dominiklukes/Library/CloudStorage/OneDrive-Personal/Pictures/2025/07/01/250701-01 Jul - IMG_0562.jpg,250701-01 Jul - IMG_0562.jpg,IMG_0562,5894017,43c04e400b3d7e729456d36503bb3b5963f3a02d4ca6d7b92044552c66bd416f,yes,"Same IMG_#### token, same byte size, same SHA-256."
/Volumes/EOS_DIGITAL/DCIM/100CANON/IMG_0563.JPG,IMG_0563.JPG,/Users/dominiklukes/Library/CloudStorage/OneDrive-Personal/Pictures/2025/07/01/250701-01 Jul - IMG_0563.jpg,250701-01 Jul - IMG_0563.jpg,IMG_0563,6070942,213bcde0ce579dc437c04a5e89407e42480ad4f4a764453ce87b95eb8cff5fb1,yes,"Same IMG_#### token, same byte size, same SHA-256."
/Volumes/EOS_DIGITAL/DCIM/100CANON/IMG_0564.JPG,IMG_0564.JPG,/Users/dominiklukes/Library/CloudStorage/OneDrive-Personal/Pictures/2025/07/01/250701-01 Jul - IMG_0564.jpg,250701-01 Jul - IMG_0564.jpg,IMG_0564,6020699,e0f0cf88e76d2ea8804afb45f36b15fc6ce5e6ff72452d9ca57008ea60f4d9a5,yes,"Same IMG_#### token, same byte size, same SHA-256."
/Volumes/EOS_DIGITAL/DCIM/100CANON/IMG_0565.JPG,IMG_0565.JPG,/Users/dominiklukes/Library/CloudStorage/OneDrive-Personal/Pictures/2025/07/01/250701-01 Jul - IMG_0565.jpg,250701-01 Jul - IMG_0565.jpg,IMG_0565,5985806,7b7a9e247f417f11e664b3f719fb2a2e2cba4705edf386f67464ad553899240b,yes,"Same IMG_#### token, same byte size, same SHA-256."
/Volumes/EOS_DIGITAL/DCIM/100CANON/IMG_0566.JPG,IMG_0566.JPG,/Users/dominiklukes/Library/CloudStorage/OneDrive-Personal/Pictures/2025/07/01/250701-01 Jul - IMG_0566.jpg,250701-01 Jul - IMG_0566.jpg,IMG_0566,6778719,dfcc84585d7854dbec64b56602355cdf59374e46f8c6c43fbffd5dc748ef34df,yes,"Same IMG_#### token, same byte size, same SHA-256."
/Volumes/EOS_DIGITAL/DCIM/100CANON/IMG_0567.JPG,IMG_0567.JPG,/Users/dominiklukes/Library/CloudStorage/OneDrive-Personal/Pictures/2025/07/01/250701-01 Jul - IMG_0567.jpg,250701-01 Jul - IMG_0567.jpg,IMG_0567,6537800,6d62a8fdf48c478a63e7dedcd91409e694a49c232b762178a0a9c8a6ed6371e1,yes,"Same IMG_#### token, same byte size, same SHA-256."
/Volumes/EOS_DIGITAL/DCIM/100CANON/IMG_0568.JPG,IMG_0568.JPG,/Users/dominiklukes/Library/CloudStorage/OneDrive-Personal/Pictures/2025/07/01/250701-01 Jul - IMG_0568.jpg,250701-01 Jul - IMG_0568.jpg,IMG_0568,6259143,e62109bd8da6edf30e341ce7271aae605125ff2b3bd1c9d8c09f80758a6d38a1,yes,"Same IMG_#### token, same byte size, same SHA-256."
/Volumes/EOS_DIGITAL/DCIM/100CANON/IMG_0569.JPG,IMG_0569.JPG,/Users/dominiklukes/Library/CloudStorage/OneDrive-Personal/Pictures/2025/07/01/250701-01 Jul - IMG_0569.jpg,250701-01 Jul - IMG_0569.jpg,IMG_0569,6345225,50e1b1615a9fcea168641cfaf31bc114267341f3f335d4f63559af93d6a22784,yes,"Same IMG_#### token, same byte size, same SHA-256."
/Volumes/EOS_DIGITAL/DCIM/100CANON/IMG_0570.JPG,IMG_0570.JPG,/Users/dominiklukes/Library/CloudStorage/OneDrive-Personal/Pictures/2025/07/01/250701-01 Jul - IMG_0570.jpg,250701-01 Jul - IMG_0570.jpg,IMG_0570,6290441,9ee5e4ace08f21eb06be77062c091b87aa0b5b0a6863d355911d4b3d3e57d127,yes,"Same IMG_#### token, same byte size, same SHA-256."
/Volumes/EOS_DIGITAL/DCIM/100CANON/IMG_0571.JPG,IMG_0571.JPG,/Users/dominiklukes/Library/CloudStorage/OneDrive-Personal/Pictures/2025/07/01/250701-01 Jul - IMG_0571.jpg,250701-01 Jul - IMG_0571.jpg,IMG_0571,4979836,3d117a83716b3a1432270a3e4143e9b8553c6c5776fbda1b26a5513b3d6482e2,yes,"Same IMG_#### token, same byte size, same SHA-256."
/Volumes/EOS_DIGITAL/DCIM/100CANON/IMG_0572.JPG,IMG_0572.JPG,/Users/dominiklukes/Library/CloudStorage/OneDrive-Personal/Pictures/2025/07/01/250701-01 Jul - IMG_0572.jpg,250701-01 Jul - IMG_0572.jpg,IMG_0572,5016759,2912af5eb3083d5d9ec02c1a4bd4b7ac3e19ea048f551c689f14c86974ca0277,yes,"Same IMG_#### token, same byte size, same SHA-256."
/Volumes/EOS_DIGITAL/DCIM/100CANON/IMG_0573.JPG,IMG_0573.JPG,/Users/dominiklukes/Library/CloudStorage/OneDrive-Personal/Pictures/2025/07/01/250701-01 Jul - IMG_0573.jpg,250701-01 Jul - IMG_0573.jpg,IMG_0573,5005453,ae29f3109739d6f2eb1b256c7debd0ceba603171477994de9c21b9ae48a71178,yes,"Same IMG_#### token, same byte size, same SHA-256."
/Volumes/EOS_DIGITAL/DCIM/100CANON/IMG_0574.JPG,IMG_0574.JPG,/Users/dominiklukes/Library/CloudStorage/OneDrive-Personal/Pictures/2025/07/01/250701-01 Jul - IMG_0574.jpg,250701-01 Jul - IMG_0574.jpg,IMG_0574,5040321,e62fe94fc271cef9d33a0d9a8a16a270447eedd90fba3f5a5975c2dc741c215a,yes,"Same IMG_#### token, same byte size, same SHA-256."
/Volumes/EOS_DIGITAL/DCIM/100CANON/IMG_0575.JPG,IMG_0575.JPG,/Users/dominiklukes/Library/CloudStorage/OneDrive-Personal/Pictures/2025/07/01/250701-01 Jul - IMG_0575.jpg,250701-01 Jul - IMG_0575.jpg,IMG_0575,5034219,9f180ca2ddaffbe4f645eba351f372f87ff338c92723b2830814348f31649bf3,yes,"Same IMG_#### token, same byte size, same SHA-256."
/Volumes/EOS_DIGITAL/DCIM/100CANON/IMG_0576.JPG,IMG_0576.JPG,/Users/dominiklukes/Library/CloudStorage/OneDrive-Personal/Pictures/2025/07/01/250701-01 Jul - IMG_0576.jpg,250701-01 Jul - IMG_0576.jpg,IMG_0576,5092682,8d803944319d810a6ff50a4d0b1fac4784a58ef6f9422ae266d3dee2a8d99317,yes,"Same IMG_#### token, same byte size, same SHA-256."
/Volumes/EOS_DIGITAL/DCIM/100CANON/IMG_0577.JPG,IMG_0577.JPG,/Users/dominiklukes/Library/CloudStorage/OneDrive-Personal/Pictures/2025/07/01/250701-01 Jul - IMG_0577.jpg,250701-01 Jul - IMG_0577.jpg,IMG_0577,5091616,f5004f31bbaac4b90a96c13a99b3f73a10edd4e9ff4cc8a29e40901e7a7d7b6a,yes,"Same IMG_#### token, same byte size, same SHA-256."
/Volumes/EOS_DIGITAL/DCIM/100CANON/IMG_0578.JPG,IMG_0578.JPG,/Users/dominiklukes/Library/CloudStorage/OneDrive-Personal/Pictures/2025/07/01/250701-01 Jul - IMG_0578.jpg,250701-01 Jul - IMG_0578.jpg,IMG_0578,5080004,46f8926d55bd19c5b432d5f1048834c9c9c9c02ca0c66e525e4c7b6d8f8e2e5d,yes,"Same IMG_#### token, same byte size, same SHA-256."
/Volumes/EOS_DIGITAL/DCIM/100CANON/IMG_0579.JPG,IMG_0579.JPG,/Users/dominiklukes/Library/CloudStorage/OneDrive-Personal/Pictures/2025/07/01/250701-01 Jul - IMG_0579.jpg,250701-01 Jul - IMG_0579.jpg,IMG_0579,5056939,c81a559269efc88b8bc377c19f6c9e602802e02e831434a3acead9a4579f97ac,yes,"Same IMG_#### token, same byte size, same SHA-256."
/Volumes/EOS_DIGITAL/DCIM/100CANON/IMG_0580.JPG,IMG_0580.JPG,/Users/dominiklukes/Library/CloudStorage/OneDrive-Personal/Pictures/2025/07/01/250701-01 Jul - IMG_0580.jpg,250701-01 Jul - IMG_0580.jpg,IMG_0580,5030414,6164065f67bdbcf3c38c22d06f468c6055e84c6538291fbf4c07254b3bb7b9ff,yes,"Same IMG_#### token, same byte size, same SHA-256."
/Volumes/EOS_DIGITAL/DCIM/100CANON/IMG_0581.JPG,IMG_0581.JPG,/Users/dominiklukes/Library/CloudStorage/OneDrive-Personal/Pictures/2025/07/01/250701-01 Jul - IMG_0581.jpg,250701-01 Jul - IMG_0581.jpg,IMG_0581,5370471,ee64b8e984686b0d6f5cdf1203e3a8cf0a364cc8eafad8d580cfff593839b6d6,yes,"Same IMG_#### token, same byte size, same SHA-256."
/Volumes/EOS_DIGITAL/DCIM/100CANON/IMG_0582.JPG,IMG_0582.JPG,/Users/dominiklukes/Library/CloudStorage/OneDrive-Personal/Pictures/2025/07/01/250701-01 Jul - IMG_0582.jpg,250701-01 Jul - IMG_0582.jpg,IMG_0582,5461264,550d4c9158dd99d0b4ce4a56b1aa52795af7d4a81576e3d1fd6a803833da1922,yes,"Same IMG_#### token, same byte size, same SHA-256."
/Volumes/EOS_DIGITAL/DCIM/100CANON/IMG_0583.JPG,IMG_0583.JPG,/Users/dominiklukes/Library/CloudStorage/OneDrive-Personal/Pictures/2025/07/01/250701-01 Jul - IMG_0583.jpg,250701-01 Jul - IMG_0583.jpg,IMG_0583,5298750,d9ce6e42dc0eecef1df7de13c7ad531ab14cde4a29e68b042a678955c34bba9b,yes,"Same IMG_#### token, same byte size, same SHA-256."
/Volumes/EOS_DIGITAL/DCIM/100CANON/IMG_0584.JPG,IMG_0584.JPG,/Users/dominiklukes/Library/CloudStorage/OneDrive-Personal/Pictures/2025/07/01/250701-01 Jul - IMG_0584.jpg,250701-01 Jul - IMG_0584.jpg,IMG_0584,6431369,49eba28b8473d1af5c08d255c6f7e27d44f6f8e520f70130fe086b96e70926a3,yes,"Same IMG_#### token, same byte size, same SHA-256."
/Volumes/EOS_DIGITAL/DCIM/100CANON/IMG_0585.JPG,IMG_0585.JPG,/Users/dominiklukes/Library/CloudStorage/OneDrive-Personal/Pictures/2025/07/01/250701-01 Jul - IMG_0585.jpg,250701-01 Jul - IMG_0585.jpg,IMG_0585,6591812,a2e3592613e6951793cf05453a1651f1b0be06a9b5a0dca3ab26d7246adc1a5e,yes,"Same IMG_#### token, same byte size, same SHA-256."
/Volumes/EOS_DIGITAL/DCIM/100CANON/IMG_0586.JPG,IMG_0586.JPG,/Users/dominiklukes/Library/CloudStorage/OneDrive-Personal/Pictures/2025/07/01/250701-01 Jul - IMG_0586.jpg,250701-01 Jul - IMG_0586.jpg,IMG_0586,5688997,0128ef722e0edd034c52155b914d947af1d8408e02fab305830787870ae3a9af,yes,"Same IMG_#### token, same byte size, same SHA-256."
/Volumes/EOS_DIGITAL/DCIM/100CANON/IMG_0587.JPG,IMG_0587.JPG,/Users/dominiklukes/Library/CloudStorage/OneDrive-Personal/Pictures/2025/07/01/250701-01 Jul - IMG_0587.jpg,250701-01 Jul - IMG_0587.jpg,IMG_0587,5616137,2bd99992e38fac79f3ce9124e597784f8fab1228eae898faee188573829ba058,yes,"Same IMG_#### token, same byte size, same SHA-256."
/Volumes/EOS_DIGITAL/DCIM/100CANON/IMG_0588.JPG,IMG_0588.JPG,/Users/dominiklukes/Library/CloudStorage/OneDrive-Personal/Pictures/2025/07/01/250701-01 Jul - IMG_0588.jpg,250701-01 Jul - IMG_0588.jpg,IMG_0588,6303160,9aff3f19d020c38c9c8d56da579e0d049119172aa3920d70d44d7a8677a1affc,yes,"Same IMG_#### token, same byte size, same SHA-256."
/Volumes/EOS_DIGITAL/DCIM/100CANON/IMG_0589.JPG,IMG_0589.JPG,/Users/dominiklukes/Library/CloudStorage/OneDrive-Personal/Pictures/2025/07/01/250701-01 Jul - IMG_0589.jpg,250701-01 Jul - IMG_0589.jpg,IMG_0589,6492455,e9e0ad62a675509c9fdb5005b4c05d87d2bdfd34d2fa3cc87a2f8bb20beeda85,yes,"Same IMG_#### token, same byte size, same SHA-256."
/Volumes/EOS_DIGITAL/DCIM/100CANON/IMG_0590.JPG,IMG_0590.JPG,/Users/dominiklukes/Library/CloudStorage/OneDrive-Personal/Pictures/2025/07/02/250702-02 Jul - IMG_0590.jpg,250702-02 Jul - IMG_0590.jpg,IMG_0590,9157527,5b106ead93bd748a9b05ebdee1aaba7fc2eb7dacfcb535b7126a070bccfc0005,yes,"Same IMG_#### token, same byte size, same SHA-256."
/Volumes/EOS_DIGITAL/DCIM/100CANON/IMG_0591.JPG,IMG_0591.JPG,/Users/dominiklukes/Library/CloudStorage/OneDrive-Personal/Pictures/2025/07/02/250702-02 Jul - IMG_0591.jpg,250702-02 Jul - IMG_0591.jpg,IMG_0591,8575481,25be8a2d35a66806c0a3bc2e8365bf5a31e4731c077b1a7abecfc7426f6c2f0c,yes,"Same IMG_#### token, same byte size, same SHA-256."
/Volumes/EOS_DIGITAL/DCIM/100CANON/IMG_0592.JPG,IMG_0592.JPG,/Users/dominiklukes/Library/CloudStorage/OneDrive-Personal/Pictures/2025/07/02/250702-02 Jul - IMG_0592.jpg,250702-02 Jul - IMG_0592.jpg,IMG_0592,8594130,69c133cf249a61b9b8fa181098840fa44f60c8f9798ddc5fa9d4820ff6cf4034,yes,"Same IMG_#### token, same byte size, same SHA-256."
/Volumes/EOS_DIGITAL/DCIM/100CANON/IMG_0593.JPG,IMG_0593.JPG,/Users/dominiklukes/Library/CloudStorage/OneDrive-Personal/Pictures/2025/07/02/250702-02 Jul - IMG_0593.jpg,250702-02 Jul - IMG_0593.jpg,IMG_0593,8012203,923a9d78654c5ee3ca443a6b22f7cde676986f3277d88e9ab29c55f741a9ef24,yes,"Same IMG_#### token, same byte size, same SHA-256."
/Volumes/EOS_DIGITAL/DCIM/100CANON/IMG_0594.JPG,IMG_0594.JPG,/Users/dominiklukes/Library/CloudStorage/OneDrive-Personal/Pictures/2025/07/02/250702-02 Jul - IMG_0594.jpg,250702-02 Jul - IMG_0594.jpg,IMG_0594,7642702,939a5f606d1bfa89e1485a6d7e453ebeb7816684fe7d611f08c511f1811a8f25,yes,"Same IMG_#### token, same byte size, same SHA-256."
/Volumes/EOS_DIGITAL/DCIM/100CANON/IMG_0595.JPG,IMG_0595.JPG,/Users/dominiklukes/Library/CloudStorage/OneDrive-Personal/Pictures/2025/07/02/250702-02 Jul - IMG_0595.jpg,250702-02 Jul - IMG_0595.jpg,IMG_0595,7496177,15255c2f55130af396e435947b51f906c974b6fc08d7962cb936d2fa13ac7d6f,yes,"Same IMG_#### token, same byte size, same SHA-256."
/Volumes/EOS_DIGITAL/DCIM/100CANON/IMG_0596.JPG,IMG_0596.JPG,/Users/dominiklukes/Library/CloudStorage/OneDrive-Personal/Pictures/2025/07/02/250702-02 Jul - IMG_0596.jpg,250702-02 Jul - IMG_0596.jpg,IMG_0596,7301426,d8c3e51d2e8df7016f07bb18ae93f55d05076581b776a7f3ea97b7a5ed787a81,yes,"Same IMG_#### token, same byte size, same SHA-256."
/Volumes/EOS_DIGITAL/DCIM/100CANON/IMG_0597.JPG,IMG_0597.JPG,/Users/dominiklukes/Library/CloudStorage/OneDrive-Personal/Pictures/2025/07/02/250702-02 Jul - IMG_0597.jpg,250702-02 Jul - IMG_0597.jpg,IMG_0597,6692376,be6f44d42d16c9624d91e4bdf25e5efbf8ba9f9d2456cb2216f17b9c7db83ea4,yes,"Same IMG_#### token, same byte size, same SHA-256."
/Volumes/EOS_DIGITAL/DCIM/100CANON/IMG_0598.JPG,IMG_0598.JPG,/Users/dominiklukes/Library/CloudStorage/OneDrive-Personal/Pictures/2025/07/02/250702-02 Jul - IMG_0598.jpg,250702-02 Jul - IMG_0598.jpg,IMG_0598,7430415,62268f67aa025eaf3344b682629308f3f6c264f85fe86051e0256f97e8365909,yes,"Same IMG_#### token, same byte size, same SHA-256."
/Volumes/EOS_DIGITAL/DCIM/100CANON/IMG_0599.JPG,IMG_0599.JPG,/Users/dominiklukes/Library/CloudStorage/OneDrive-Personal/Pictures/2025/07/02/250702-02 Jul - IMG_0599.jpg,250702-02 Jul - IMG_0599.jpg,IMG_0599,7173422,7e838e31dafd251ce4d6a122b2f53f20cf472b8d3ce42167020ed9da6f77cd2b,yes,"Same IMG_#### token, same byte size, same SHA-256."
/Volumes/EOS_DIGITAL/DCIM/100CANON/IMG_0600.JPG,IMG_0600.JPG,/Users/dominiklukes/Library/CloudStorage/OneDrive-Personal/Pictures/2025/07/02/250702-02 Jul - IMG_0600.jpg,250702-02 Jul - IMG_0600.jpg,IMG_0600,7460531,88c2c37c3820a04538880260854a79cca9200d2599188916e432353d8ccc47cb,yes,"Same IMG_#### token, same byte size, same SHA-256."
/Volumes/EOS_DIGITAL/DCIM/100CANON/IMG_0601.JPG,IMG_0601.JPG,/Users/dominiklukes/Library/CloudStorage/OneDrive-Personal/Pictures/2025/07/02/250702-02 Jul - IMG_0601.jpg,250702-02 Jul - IMG_0601.jpg,IMG_0601,7517178,55a42ba178bd3fefb4dbb8b691a7e2fc3515fa511f1649fc298ed00d92219c68,yes,"Same IMG_#### token, same byte size, same SHA-256."
/Volumes/EOS_DIGITAL/DCIM/100CANON/IMG_0602.JPG,IMG_0602.JPG,/Users/dominiklukes/Library/CloudStorage/OneDrive-Personal/Pictures/2025/07/02/250702-02 Jul - IMG_0602.jpg,250702-02 Jul - IMG_0602.jpg,IMG_0602,7759510,7b387e693794874689625dff56f845e1e505be8d721d738de6b2e3930fa8d84e,yes,"Same IMG_#### token, same byte size, same SHA-256."
/Volumes/EOS_DIGITAL/DCIM/100CANON/IMG_0603.JPG,IMG_0603.JPG,/Users/dominiklukes/Library/CloudStorage/OneDrive-Personal/Pictures/2025/07/02/250702-02 Jul - IMG_0603.jpg,250702-02 Jul - IMG_0603.jpg,IMG_0603,7250304,4f44b6910ef502245fd6c310fc717f79bf981be5098996e23aa4871157aead44,yes,"Same IMG_#### token, same byte size, same SHA-256."
/Volumes/EOS_DIGITAL/DCIM/100CANON/IMG_0604.JPG,IMG_0604.JPG,/Users/dominiklukes/Library/CloudStorage/OneDrive-Personal/Pictures/2025/07/02/250702-02 Jul - IMG_0604.jpg,250702-02 Jul - IMG_0604.jpg,IMG_0604,7256698,24a475e444a263dd94f6f51b76b5275ebd966a7bb4e86c844da191a7d5c94cfc,yes,"Same IMG_#### token, same byte size, same SHA-256."
/Volumes/EOS_DIGITAL/DCIM/100CANON/IMG_0605.JPG,IMG_0605.JPG,/Users/dominiklukes/Library/CloudStorage/OneDrive-Personal/Pictures/2025/07/02/250702-02 Jul - IMG_0605.jpg,250702-02 Jul - IMG_0605.jpg,IMG_0605,7177411,e7f8a01bfddcf660a86f095854aa7b4aca3416a1ab23950645d8bf4c2117e39e,yes,"Same IMG_#### token, same byte size, same SHA-256."
/Volumes/EOS_DIGITAL/DCIM/100CANON/IMG_0606.JPG,IMG_0606.JPG,/Users/dominiklukes/Library/CloudStorage/OneDrive-Personal/Pictures/2025/07/02/250702-02 Jul - IMG_0606.jpg,250702-02 Jul - IMG_0606.jpg,IMG_0606,6915833,169ced169d4a8aec36be1fe1cb5a29e501829488bf08b2e74a5b79953ff34423,yes,"Same IMG_#### token, same byte size, same SHA-256."
/Volumes/EOS_DIGITAL/DCIM/100CANON/IMG_0607.JPG,IMG_0607.JPG,/Users/dominiklukes/Library/CloudStorage/OneDrive-Personal/Pictures/2025/07/02/250702-02 Jul - IMG_0607.jpg,250702-02 Jul - IMG_0607.jpg,IMG_0607,7029216,c1bbb57db1559d9f347d41a39035ffbb18c983e7cb30b53eca8964a6d9a5c5e2,yes,"Same IMG_#### token, same byte size, same SHA-256."
/Volumes/EOS_DIGITAL/DCIM/100CANON/IMG_0608.JPG,IMG_0608.JPG,/Users/dominiklukes/Library/CloudStorage/OneDrive-Personal/Pictures/2025/07/02/250702-02 Jul - IMG_0608.jpg,250702-02 Jul - IMG_0608.jpg,IMG_0608,7082067,c902e2a7d41abe28b2983600131dec0c88d0718e73dd65148a1c8ca5be46b4f2,yes,"Same IMG_#### token, same byte size, same SHA-256."
/Volumes/EOS_DIGITAL/DCIM/100CANON/IMG_0609.JPG,IMG_0609.JPG,/Users/dominiklukes/Library/CloudStorage/OneDrive-Personal/Pictures/2025/07/02/250702-02 Jul - IMG_0609.jpg,250702-02 Jul - IMG_0609.jpg,IMG_0609,6265925,bd0ee989e498ed4b9c62bd5e9b083b15e11f0b6e5f4fc9ad50466f7dfafacd63,yes,"Same IMG_#### token, same byte size, same SHA-256."
/Volumes/EOS_DIGITAL/DCIM/100CANON/IMG_0610.JPG,IMG_0610.JPG,/Users/dominiklukes/Library/CloudStorage/OneDrive-Personal/Pictures/2025/07/02/250702-02 Jul - IMG_0610.jpg,250702-02 Jul - IMG_0610.jpg,IMG_0610,6555987,364941d3fd977ed06f22788f5a79559165621d6b3e09df48033b3030c31dd199,yes,"Same IMG_#### token, same byte size, same SHA-256."
/Volumes/EOS_DIGITAL/DCIM/100CANON/IMG_0611.JPG,IMG_0611.JPG,/Users/dominiklukes/Library/CloudStorage/OneDrive-Personal/Pictures/2025/07/02/250702-02 Jul - IMG_0611.jpg,250702-02 Jul - IMG_0611.jpg,IMG_0611,6232081,8093ac1ddc8edd9c4c810d3121c5dcfbfc220c107245a464ec34cb0d64a035a7,yes,"Same IMG_#### token, same byte size, same SHA-256."
/Volumes/EOS_DIGITAL/DCIM/100CANON/IMG_0612.JPG,IMG_0612.JPG,/Users/dominiklukes/Library/CloudStorage/OneDrive-Personal/Pictures/2025/07/02/250702-02 Jul - IMG_0612.jpg,250702-02 Jul - IMG_0612.jpg,IMG_0612,7041247,349ba2f548b164a833a1fa7f71875408eae14da0e58ec1d211afed3f12ca4fd1,yes,"Same IMG_#### token, same byte size, same SHA-256."
/Volumes/EOS_DIGITAL/DCIM/100CANON/IMG_0613.JPG,IMG_0613.JPG,/Users/dominiklukes/Library/CloudStorage/OneDrive-Personal/Pictures/2025/07/02/250702-02 Jul - IMG_0613.jpg,250702-02 Jul - IMG_0613.jpg,IMG_0613,8369321,6ae35ca3ac308d7f56a15c0d4bb75ab0756b621db5139ec48352606d9b683bf1,yes,"Same IMG_#### token, same byte size, same SHA-256."
/Volumes/EOS_DIGITAL/DCIM/100CANON/IMG_0614.JPG,IMG_0614.JPG,/Users/dominiklukes/Library/CloudStorage/OneDrive-Personal/Pictures/2025/07/02/250702-02 Jul - IMG_0614.jpg,250702-02 Jul - IMG_0614.jpg,IMG_0614,7225555,db99dd0830c3e3f14105c0d0f8dbac0fc74aa51f021d8970d5e3035e76dae4f9,yes,"Same IMG_#### token, same byte size, same SHA-256."
/Volumes/EOS_DIGITAL/DCIM/100CANON/IMG_0615.JPG,IMG_0615.JPG,/Users/dominiklukes/Library/CloudStorage/OneDrive-Personal/Pictures/2025/07/02/250702-02 Jul - IMG_0615.jpg,250702-02 Jul - IMG_0615.jpg,IMG_0615,4933081,af35a7b697d1dfc68b3f6272b3c81dc3a6cd367fb971553830f537f55b66219d,yes,"Same IMG_#### token, same byte size, same SHA-256."
/Volumes/EOS_DIGITAL/DCIM/100CANON/IMG_0616.JPG,IMG_0616.JPG,/Users/dominiklukes/Library/CloudStorage/OneDrive-Personal/Pictures/2025/07/02/250702-02 Jul - IMG_0616.jpg,250702-02 Jul - IMG_0616.jpg,IMG_0616,4609404,f5a6680765bd727e885227eae7db912605b1bcfb1eb58a8868bf8f2b9241bc4c,yes,"Same IMG_#### token, same byte size, same SHA-256."
/Volumes/EOS_DIGITAL/DCIM/100CANON/IMG_0617.JPG,IMG_0617.JPG,/Users/dominiklukes/Library/CloudStorage/OneDrive-Personal/Pictures/2025/07/02/250702-02 Jul - IMG_0617.jpg,250702-02 Jul - IMG_0617.jpg,IMG_0617,6187241,f957bb3f84f4449134bb86c82b7547eb2deac1c0459199b715a5d252a86f8b4c,yes,"Same IMG_#### token, same byte size, same SHA-256."
/Volumes/EOS_DIGITAL/DCIM/100CANON/IMG_0618.JPG,IMG_0618.JPG,/Users/dominiklukes/Library/CloudStorage/OneDrive-Personal/Pictures/2025/07/02/250702-02 Jul - IMG_0618.jpg,250702-02 Jul - IMG_0618.jpg,IMG_0618,6150167,d8341abccecf758448be35c67d1a1ab1ea49cd0efb5abebb352c78adf15d089b,yes,"Same IMG_#### token, same byte size, same SHA-256."
/Volumes/EOS_DIGITAL/DCIM/100CANON/IMG_0619.JPG,IMG_0619.JPG,/Users/dominiklukes/Library/CloudStorage/OneDrive-Personal/Pictures/2025/07/02/250702-02 Jul - IMG_0619.jpg,250702-02 Jul - IMG_0619.jpg,IMG_0619,6025837,95c39b640306752d8fd78548a341be01022eb3542064c3340bfe9b82915e3d42,yes,"Same IMG_#### token, same byte size, same SHA-256."
/Volumes/EOS_DIGITAL/DCIM/100CANON/IMG_0620.JPG,IMG_0620.JPG,/Users/dominiklukes/Library/CloudStorage/OneDrive-Personal/Pictures/2025/07/02/250702-02 Jul - IMG_0620.jpg,250702-02 Jul - IMG_0620.jpg,IMG_0620,5998270,b500f8187f903b9b8e3a17c3efb278c3df8c62d108c3e0b30e0fb1e3551ac63a,yes,"Same IMG_#### token, same byte size, same SHA-256."
/Volumes/EOS_DIGITAL/DCIM/100CANON/IMG_0621.JPG,IMG_0621.JPG,/Users/dominiklukes/Library/CloudStorage/OneDrive-Personal/Pictures/2025/07/02/250702-02 Jul - IMG_0621.jpg,250702-02 Jul - IMG_0621.jpg,IMG_0621,5921291,88cd58a3422724c1a448ef8e0f6b2d159b7373ae6f3f67ab2012d0112b9ae0c4,yes,"Same IMG_#### token, same byte size, same SHA-256."
/Volumes/EOS_DIGITAL/DCIM/100CANON/IMG_0622.JPG,IMG_0622.JPG,/Users/dominiklukes/Library/CloudStorage/OneDrive-Personal/Pictures/2025/07/02/250702-02 Jul - IMG_0622.jpg,250702-02 Jul - IMG_0622.jpg,IMG_0622,5714002,9684cce9da942a2e3a7470ccce96e329bb378840c6d845c21038365d2e60cbd7,yes,"Same IMG_#### token, same byte size, same SHA-256."
/Volumes/EOS_DIGITAL/DCIM/100CANON/IMG_0623.JPG,IMG_0623.JPG,/Users/dominiklukes/Library/CloudStorage/OneDrive-Personal/Pictures/2025/07/02/250702-02 Jul - IMG_0623.jpg,250702-02 Jul - IMG_0623.jpg,IMG_0623,5879089,fe48c1fe4b251e78b360503eb9d3a88e7dc941583ab29d2f02c60a7142b0fb72,yes,"Same IMG_#### token, same byte size, same SHA-256."
/Volumes/EOS_DIGITAL/DCIM/100CANON/IMG_0624.JPG,IMG_0624.JPG,/Users/dominiklukes/Library/CloudStorage/OneDrive-Personal/Pictures/2025/07/02/250702-02 Jul - IMG_0624.jpg,250702-02 Jul - IMG_0624.jpg,IMG_0624,6533466,8ad6322af08d240ceaadd47eb913aa52dffe81de6cef052ee104bee5b99c79b7,yes,"Same IMG_#### token, same byte size, same SHA-256."
/Volumes/EOS_DIGITAL/DCIM/100CANON/IMG_0625.JPG,IMG_0625.JPG,/Users/dominiklukes/Library/CloudStorage/OneDrive-Personal/Pictures/2025/07/02/250702-02 Jul - IMG_0625.jpg,250702-02 Jul - IMG_0625.jpg,IMG_0625,6532135,38629edec98e632ef76157919021e7912a34984a5335889798e17d0061024223,yes,"Same IMG_#### token, same byte size, same SHA-256."
/Volumes/EOS_DIGITAL/DCIM/100CANON/IMG_0626.JPG,IMG_0626.JPG,/Users/dominiklukes/Library/CloudStorage/OneDrive-Personal/Pictures/2025/07/02/250702-02 Jul - IMG_0626.jpg,250702-02 Jul - IMG_0626.jpg,IMG_0626,5919183,e0bdfe7ad22b9c350009d92ae4410f3499409a7dd46b0ebeda9afb119db152c6,yes,"Same IMG_#### token, same byte size, same SHA-256."
/Volumes/EOS_DIGITAL/DCIM/100CANON/IMG_0627.JPG,IMG_0627.JPG,/Users/dominiklukes/Library/CloudStorage/OneDrive-Personal/Pictures/2025/07/02/250702-02 Jul - IMG_0627.jpg,250702-02 Jul - IMG_0627.jpg,IMG_0627,5949204,4173206d24c3412e7a8ed424ff1efce5eee25010fe646d9c00edd9be3b818a13,yes,"Same IMG_#### token, same byte size, same SHA-256."
/Volumes/EOS_DIGITAL/DCIM/100CANON/IMG_0628.JPG,IMG_0628.JPG,/Users/dominiklukes/Library/CloudStorage/OneDrive-Personal/Pictures/2025/07/02/250702-02 Jul - IMG_0628.jpg,250702-02 Jul - IMG_0628.jpg,IMG_0628,5910465,4598cfc0bfa24cdb056b6317e5797ae8e26158b8bfd54e2e89609d66b2728cfc,yes,"Same IMG_#### token, same byte size, same SHA-256."
/Volumes/EOS_DIGITAL/DCIM/100CANON/IMG_0629.JPG,IMG_0629.JPG,/Users/dominiklukes/Library/CloudStorage/OneDrive-Personal/Pictures/2025/07/02/250702-02 Jul - IMG_0629.jpg,250702-02 Jul - IMG_0629.jpg,IMG_0629,5916981,3f38e4fb9c0b4a5c2d5f854b84e817890a2f0eefe3164fbfba72062d04281d68,yes,"Same IMG_#### token, same byte size, same SHA-256."
/Volumes/EOS_DIGITAL/DCIM/100CANON/IMG_0630.JPG,IMG_0630.JPG,/Users/dominiklukes/Library/CloudStorage/OneDrive-Personal/Pictures/2025/07/02/250702-02 Jul - IMG_0630.jpg,250702-02 Jul - IMG_0630.jpg,IMG_0630,6702935,79e1f179640ace87d6a663248f7b85c7d43844c09f6813126669355a4f088707,yes,"Same IMG_#### token, same byte size, same SHA-256."
/Volumes/EOS_DIGITAL/DCIM/100CANON/IMG_0631.JPG,IMG_0631.JPG,/Users/dominiklukes/Library/CloudStorage/OneDrive-Personal/Pictures/2025/07/02/250702-02 Jul - IMG_0631.jpg,250702-02 Jul - IMG_0631.jpg,IMG_0631,6259144,0207cf4b71a7e4c48fff5103297c5289d3642cf35e765851ff2edeb773fe8974,yes,"Same IMG_#### token, same byte size, same SHA-256."
/Volumes/EOS_DIGITAL/DCIM/100CANON/IMG_0632.JPG,IMG_0632.JPG,/Users/dominiklukes/Library/CloudStorage/OneDrive-Personal/Pictures/2025/07/02/250702-02 Jul - IMG_0632.jpg,250702-02 Jul - IMG_0632.jpg,IMG_0632,6189548,4f33bfcd9271963f61957e094fb58f1c85c832dd4ad8acdcc0b92251704fae0e,yes,"Same IMG_#### token, same byte size, same SHA-256."
/Volumes/EOS_DIGITAL/DCIM/100CANON/IMG_0633.JPG,IMG_0633.JPG,/Users/dominiklukes/Library/CloudStorage/OneDrive-Personal/Pictures/2025/07/02/250702-02 Jul - IMG_0633.jpg,250702-02 Jul - IMG_0633.jpg,IMG_0633,6619488,3424cca062940a0adafded0489f9d85d1c98c22939621a7c9aeba85b5b8c8e2b,yes,"Same IMG_#### token, same byte size, same SHA-256."
/Volumes/EOS_DIGITAL/DCIM/100CANON/IMG_0634.JPG,IMG_0634.JPG,/Users/dominiklukes/Library/CloudStorage/OneDrive-Personal/Pictures/2025/07/02/250702-02 Jul - IMG_0634.jpg,250702-02 Jul - IMG_0634.jpg,IMG_0634,5766550,3eaaca0818e0e79796f87d3e98008729bca710b67270466658156a57f1629005,yes,"Same IMG_#### token, same byte size, same SHA-256."
/Volumes/EOS_DIGITAL/DCIM/100CANON/IMG_0635.JPG,IMG_0635.JPG,/Users/dominiklukes/Library/CloudStorage/OneDrive-Personal/Pictures/2025/07/02/250702-02 Jul - IMG_0635.jpg,250702-02 Jul - IMG_0635.jpg,IMG_0635,6119776,8fea3578823fc4a90b9a873d7f4b8f4077df6be14e9bfe914a5612f16cb51a2b,yes,"Same IMG_#### token, same byte size, same SHA-256."
/Volumes/EOS_DIGITAL/DCIM/100CANON/IMG_0636.JPG,IMG_0636.JPG,/Users/dominiklukes/Library/CloudStorage/OneDrive-Personal/Pictures/2025/07/02/250702-02 Jul - IMG_0636.jpg,250702-02 Jul - IMG_0636.jpg,IMG_0636,6265114,1e3c7fa333c739dea84ff043f7676063319f3dc3105156324dc51bc53412cde2,yes,"Same IMG_#### token, same byte size, same SHA-256."
/Volumes/EOS_DIGITAL/DCIM/100CANON/IMG_0637.JPG,IMG_0637.JPG,/Users/dominiklukes/Library/CloudStorage/OneDrive-Personal/Pictures/2025/07/02/250702-02 Jul - IMG_0637.jpg,250702-02 Jul - IMG_0637.jpg,IMG_0637,11062211,09c55a8cb408d919d46fee7e5656962b098c104d828eda444b7ab4ea9f30c211,yes,"Same IMG_#### token, same byte size, same SHA-256."
/Volumes/EOS_DIGITAL/DCIM/100CANON/IMG_0638.JPG,IMG_0638.JPG,/Users/dominiklukes/Library/CloudStorage/OneDrive-Personal/Pictures/2025/07/02/250702-02 Jul - IMG_0638.jpg,250702-02 Jul - IMG_0638.jpg,IMG_0638,10823423,432a98f6c8eb458d78087a5e22ec00b8a64068a7654a1d9066902d33ce1c9623,yes,"Same IMG_#### token, same byte size, same SHA-256."
/Volumes/EOS_DIGITAL/DCIM/100CANON/IMG_0639.JPG,IMG_0639.JPG,/Users/dominiklukes/Library/CloudStorage/OneDrive-Personal/Pictures/2025/07/02/250702-02 Jul - IMG_0639.jpg,250702-02 Jul - IMG_0639.jpg,IMG_0639,4772844,4e9c2f74540b24ef67a5c7b99c17b8b6e7704ab26553e0e78b392d57fa02be76,yes,"Same IMG_#### token, same byte size, same SHA-256."
/Volumes/EOS_DIGITAL/DCIM/100CANON/IMG_0640.JPG,IMG_0640.JPG,/Users/dominiklukes/Library/CloudStorage/OneDrive-Personal/Pictures/2025/07/02/250702-02 Jul - IMG_0640.jpg,250702-02 Jul - IMG_0640.jpg,IMG_0640,4804652,f1fee11e7143a17cea503b9062f2d6fb3a45699978eab65c098313e1797fcac7,yes,"Same IMG_#### token, same byte size, same SHA-256."
/Volumes/EOS_DIGITAL/DCIM/100CANON/IMG_0641.JPG,IMG_0641.JPG,/Users/dominiklukes/Library/CloudStorage/OneDrive-Personal/Pictures/2025/07/02/250702-02 Jul - IMG_0641.jpg,250702-02 Jul - IMG_0641.jpg,IMG_0641,4589558,31df24fbcd062a525f89da21af258cc53115c38b260b2797565e4dd1f19e5af5,yes,"Same IMG_#### token, same byte size, same SHA-256."
/Volumes/EOS_DIGITAL/DCIM/100CANON/IMG_0642.JPG,IMG_0642.JPG,/Users/dominiklukes/Library/CloudStorage/OneDrive-Personal/Pictures/2025/07/02/250702-02 Jul - IMG_0642.jpg,250702-02 Jul - IMG_0642.jpg,IMG_0642,4668768,bf90a6d6dfefbe20746e320f649b23a0ac3aa4eb32cd287c841bb46b585fe99e,yes,"Same IMG_#### token, same byte size, same SHA-256."
/Volumes/EOS_DIGITAL/DCIM/100CANON/IMG_0643.JPG,IMG_0643.JPG,/Users/dominiklukes/Library/CloudStorage/OneDrive-Personal/Pictures/2025/07/02/250702-02 Jul - IMG_0643.jpg,250702-02 Jul - IMG_0643.jpg,IMG_0643,4621642,1d6636c9944197b2fe8bf14d36233a3a9b9cd12d7413c24e1aed96dccd820a73,yes,"Same IMG_#### token, same byte size, same SHA-256."
/Volumes/EOS_DIGITAL/DCIM/100CANON/IMG_0644.JPG,IMG_0644.JPG,/Users/dominiklukes/Library/CloudStorage/OneDrive-Personal/Pictures/2025/07/02/250702-02 Jul - IMG_0644.jpg,250702-02 Jul - IMG_0644.jpg,IMG_0644,4471363,65b64c4b3367c7ba755ab732e5ad24f6032429e3aeec5d2d7abf29f0442f23cd,yes,"Same IMG_#### token, same byte size, same SHA-256."
/Volumes/EOS_DIGITAL/DCIM/100CANON/IMG_0645.JPG,IMG_0645.JPG,/Users/dominiklukes/Library/CloudStorage/OneDrive-Personal/Pictures/2025/07/02/250702-02 Jul - IMG_0645.jpg,250702-02 Jul - IMG_0645.jpg,IMG_0645,4482273,ff224838aedc928fae3176621f3a2b3c0e7bdc921661a245d3510cfe0ebd1780,yes,"Same IMG_#### token, same byte size, same SHA-256."
/Volumes/EOS_DIGITAL/DCIM/100CANON/IMG_0646.JPG,IMG_0646.JPG,/Users/dominiklukes/Library/CloudStorage/OneDrive-Personal/Pictures/2025/07/02/250702-02 Jul - IMG_0646.jpg,250702-02 Jul - IMG_0646.jpg,IMG_0646,4755250,9a511fafb4a468638865ad49ba21305d49eb20e1b258d5fe561ca7f6328a3811,yes,"Same IMG_#### token, same byte size, same SHA-256."
/Volumes/EOS_DIGITAL/DCIM/100CANON/IMG_0647.JPG,IMG_0647.JPG,/Users/dominiklukes/Library/CloudStorage/OneDrive-Personal/Pictures/2025/07/02/250702-02 Jul - IMG_0647.jpg,250702-02 Jul - IMG_0647.jpg,IMG_0647,5357460,3c7ffa695c6bf5aace1b0e70e3379875caa099518f8942617b0ddf7733aeb5ae,yes,"Same IMG_#### token, same byte size, same SHA-256."
/Volumes/EOS_DIGITAL/DCIM/100CANON/IMG_0648.JPG,IMG_0648.JPG,/Users/dominiklukes/Library/CloudStorage/OneDrive-Personal/Pictures/2025/07/02/250702-02 Jul - IMG_0648.jpg,250702-02 Jul - IMG_0648.jpg,IMG_0648,6632013,a079af455559c3a0cafdc337a2d930d7b4a357e80c96de5d151c36f12de9a3d8,yes,"Same IMG_#### token, same byte size, same SHA-256."
/Volumes/EOS_DIGITAL/DCIM/100CANON/IMG_0649.JPG,IMG_0649.JPG,/Users/dominiklukes/Library/CloudStorage/OneDrive-Personal/Pictures/2025/07/02/250702-02 Jul - IMG_0649.jpg,250702-02 Jul - IMG_0649.jpg,IMG_0649,6359509,22e41d7cad046824aeb08f66daa17a41cb8887c7cce7d06ba8be26a3e6ba3db9,yes,"Same IMG_#### token, same byte size, same SHA-256."
/Volumes/EOS_DIGITAL/DCIM/100CANON/IMG_0650.JPG,IMG_0650.JPG,/Users/dominiklukes/Library/CloudStorage/OneDrive-Personal/Pictures/2025/07/02/250702-02 Jul - IMG_0650.jpg,250702-02 Jul - IMG_0650.jpg,IMG_0650,6322272,9dc88fac4649bc113405fca31b4eb75d69aacd5e9a1203bf620ab11aed397746,yes,"Same IMG_#### token, same byte size, same SHA-256."
/Volumes/EOS_DIGITAL/DCIM/100CANON/IMG_0651.JPG,IMG_0651.JPG,/Users/dominiklukes/Library/CloudStorage/OneDrive-Personal/Pictures/2025/07/02/250702-02 Jul - IMG_0651.jpg,250702-02 Jul - IMG_0651.jpg,IMG_0651,6371951,8ccd17668d1980c98d87e1c61e5ef979c10846b2fdb4a025a20e357ea2b8cb49,yes,"Same IMG_#### token, same byte size, same SHA-256."
/Volumes/EOS_DIGITAL/DCIM/100CANON/IMG_0652.JPG,IMG_0652.JPG,/Users/dominiklukes/Library/CloudStorage/OneDrive-Personal/Pictures/2025/07/02/250702-02 Jul - IMG_0652.jpg,250702-02 Jul - IMG_0652.jpg,IMG_0652,5794289,fb371f0da0f4de36c681c1694099b207de2f386ec28de0badf1481de7568355e,yes,"Same IMG_#### token, same byte size, same SHA-256."
/Volumes/EOS_DIGITAL/DCIM/100CANON/IMG_0653.JPG,IMG_0653.JPG,/Users/dominiklukes/Library/CloudStorage/OneDrive-Personal/Pictures/2025/07/02/250702-02 Jul - IMG_0653.jpg,250702-02 Jul - IMG_0653.jpg,IMG_0653,5886261,74d75d6e0d8b8f5a9dddd8cf99ed6593915e8df50f378a2f90eaa1097660409b,yes,"Same IMG_#### token, same byte size, same SHA-256."
/Volumes/EOS_DIGITAL/DCIM/100CANON/IMG_0654.JPG,IMG_0654.JPG,/Users/dominiklukes/Library/CloudStorage/OneDrive-Personal/Pictures/2025/07/02/250702-02 Jul - IMG_0654.jpg,250702-02 Jul - IMG_0654.jpg,IMG_0654,5888904,fa1fde138e0cdb823cf632c77209e6058a110c658918c5800d56f4ab87f1aed1,yes,"Same IMG_#### token, same byte size, same SHA-256."
/Volumes/EOS_DIGITAL/DCIM/100CANON/IMG_0655.JPG,IMG_0655.JPG,/Users/dominiklukes/Library/CloudStorage/OneDrive-Personal/Pictures/2025/07/02/250702-02 Jul - IMG_0655.jpg,250702-02 Jul - IMG_0655.jpg,IMG_0655,5451586,8310584357d3e45e5ffea902d6f5682014fed78480a78f51ed36d092a762285d,yes,"Same IMG_#### token, same byte size, same SHA-256."
/Volumes/EOS_DIGITAL/DCIM/100CANON/IMG_0656.JPG,IMG_0656.JPG,/Users/dominiklukes/Library/CloudStorage/OneDrive-Personal/Pictures/2025/07/02/250702-02 Jul - IMG_0656.jpg,250702-02 Jul - IMG_0656.jpg,IMG_0656,5484972,7e818fa951d7649fd6cb8d32d19518ae47a8373c18dbc949c41f5f464d224008,yes,"Same IMG_#### token, same byte size, same SHA-256."
/Volumes/EOS_DIGITAL/DCIM/100CANON/IMG_0657.JPG,IMG_0657.JPG,/Users/dominiklukes/Library/CloudStorage/OneDrive-Personal/Pictures/2025/07/02/250702-02 Jul - IMG_0657.jpg,250702-02 Jul - IMG_0657.jpg,IMG_0657,5496467,4b401f16ebb90a985b4096595bb8d5792162ad9c82167b4da2c85bf9ec4b4485,yes,"Same IMG_#### token, same byte size, same SHA-256."
/Volumes/EOS_DIGITAL/DCIM/100CANON/IMG_0658.JPG,IMG_0658.JPG,/Users/dominiklukes/Library/CloudStorage/OneDrive-Personal/Pictures/2025/07/02/250702-02 Jul - IMG_0658.jpg,250702-02 Jul - IMG_0658.jpg,IMG_0658,5299957,9476e25da5d0785cd3696072fdf27a2985e36179ac1c6fa1af14a758f05ec699,yes,"Same IMG_#### token, same byte size, same SHA-256."
/Volumes/EOS_DIGITAL/DCIM/100CANON/IMG_0659.JPG,IMG_0659.JPG,/Users/dominiklukes/Library/CloudStorage/OneDrive-Personal/Pictures/2025/07/02/250702-02 Jul - IMG_0659.jpg,250702-02 Jul - IMG_0659.jpg,IMG_0659,5802988,aa29693a74b3a716c2617710f2e2ffa134b8a8b8db6baae0b4927d2d6fd2fe6e,yes,"Same IMG_#### token, same byte size, same SHA-256."
/Volumes/EOS_DIGITAL/DCIM/100CANON/IMG_0660.JPG,IMG_0660.JPG,/Users/dominiklukes/Library/CloudStorage/OneDrive-Personal/Pictures/2025/07/02/250702-02 Jul - IMG_0660.jpg,250702-02 Jul - IMG_0660.jpg,IMG_0660,5700784,92e508be63106c3f0df9bafe279702663923cceb1e3bbfb28b9f539ec4e812c3,yes,"Same IMG_#### token, same byte size, same SHA-256."
/Volumes/EOS_DIGITAL/DCIM/100CANON/IMG_0661.JPG,IMG_0661.JPG,/Users/dominiklukes/Library/CloudStorage/OneDrive-Personal/Pictures/2025/07/02/250702-02 Jul - IMG_0661.jpg,250702-02 Jul - IMG_0661.jpg,IMG_0661,5744744,50912c8029fbe78dbe1758ad8ae040be7c1ca420a8c2634ef0934fad762562b6,yes,"Same IMG_#### token, same byte size, same SHA-256."
/Volumes/EOS_DIGITAL/DCIM/100CANON/IMG_0662.JPG,IMG_0662.JPG,/Users/dominiklukes/Library/CloudStorage/OneDrive-Personal/Pictures/2025/07/02/250702-02 Jul - IMG_0662.jpg,250702-02 Jul - IMG_0662.jpg,IMG_0662,5459987,33d62b6e9d157bfb5c6fec9a13a27d487132536f367579d788968e3bdbb3e09e,yes,"Same IMG_#### token, same byte size, same SHA-256."
/Volumes/EOS_DIGITAL/DCIM/100CANON/IMG_0663.JPG,IMG_0663.JPG,/Users/dominiklukes/Library/CloudStorage/OneDrive-Personal/Pictures/2025/07/02/250702-02 Jul - IMG_0663.jpg,250702-02 Jul - IMG_0663.jpg,IMG_0663,5490360,ab62833890d67d678037fb4ba1ee551591e7dd696938af44b6ee265d5379f279,yes,"Same IMG_#### token, same byte size, same SHA-256."
/Volumes/EOS_DIGITAL/DCIM/100CANON/IMG_0664.JPG,IMG_0664.JPG,/Users/dominiklukes/Library/CloudStorage/OneDrive-Personal/Pictures/2025/07/02/250702-02 Jul - IMG_0664.jpg,250702-02 Jul - IMG_0664.jpg,IMG_0664,5345039,fab0bcb15e85cb63384d0230079b9154eee9d0fa8cbdd3ee5f34c638ed770a9d,yes,"Same IMG_#### token, same byte size, same SHA-256."
/Volumes/EOS_DIGITAL/DCIM/100CANON/IMG_0665.JPG,IMG_0665.JPG,/Users/dominiklukes/Library/CloudStorage/OneDrive-Personal/Pictures/2025/07/02/250702-02 Jul - IMG_0665.jpg,250702-02 Jul - IMG_0665.jpg,IMG_0665,5337057,44adecd77e4864d80e721dbeb1c1bb88970278a3b39cc37bb2922e86fa2fce20,yes,"Same IMG_#### token, same byte size, same SHA-256."
/Volumes/EOS_DIGITAL/DCIM/100CANON/IMG_0666.JPG,IMG_0666.JPG,/Users/dominiklukes/Library/CloudStorage/OneDrive-Personal/Pictures/2025/07/02/250702-02 Jul - IMG_0666.jpg,250702-02 Jul - IMG_0666.jpg,IMG_0666,5773489,72bc1068327343b51c3618fdcacf23f3ed5a509ca594265cedef377d812892df,yes,"Same IMG_#### token, same byte size, same SHA-256."
/Volumes/EOS_DIGITAL/DCIM/100CANON/IMG_0667.JPG,IMG_0667.JPG,/Users/dominiklukes/Library/CloudStorage/OneDrive-Personal/Pictures/2025/07/02/250702-02 Jul - IMG_0667.jpg,250702-02 Jul - IMG_0667.jpg,IMG_0667,5675514,1cd95ca9b897a1be487f7f0343ce32d4b0a0d27ea201c2b0b9e38e11ff9addb4,yes,"Same IMG_#### token, same byte size, same SHA-256."
/Volumes/EOS_DIGITAL/DCIM/100CANON/IMG_0668.JPG,IMG_0668.JPG,/Users/dominiklukes/Library/CloudStorage/OneDrive-Personal/Pictures/2025/07/02/250702-02 Jul - IMG_0668.jpg,250702-02 Jul - IMG_0668.jpg,IMG_0668,5670765,4ef032a21464c68b413bf04b5673d5a511c7aaba9f861384750c47a3d19026d8,yes,"Same IMG_#### token, same byte size, same SHA-256."
/Volumes/EOS_DIGITAL/DCIM/100CANON/IMG_0669.JPG,IMG_0669.JPG,/Users/dominiklukes/Library/CloudStorage/OneDrive-Personal/Pictures/2025/07/02/250702-02 Jul - IMG_0669.jpg,250702-02 Jul - IMG_0669.jpg,IMG_0669,5696492,5e54cfc6f0aa09377750d4ed589a99bd18914f4fb7890b1fd0b668103a89e2fd,yes,"Same IMG_#### token, same byte size, same SHA-256."
/Volumes/EOS_DIGITAL/DCIM/100CANON/IMG_0670.JPG,IMG_0670.JPG,/Users/dominiklukes/Library/CloudStorage/OneDrive-Personal/Pictures/2025/07/02/250702-02 Jul - IMG_0670.jpg,250702-02 Jul - IMG_0670.jpg,IMG_0670,5863606,eff89641e3808bd6380e529b029282fe4c9f4edab0ab5ce0dba0030604d6eb0d,yes,"Same IMG_#### token, same byte size, same SHA-256."
/Volumes/EOS_DIGITAL/DCIM/100CANON/IMG_0671.JPG,IMG_0671.JPG,/Users/dominiklukes/Library/CloudStorage/OneDrive-Personal/Pictures/2025/07/02/250702-02 Jul - IMG_0671.jpg,250702-02 Jul - IMG_0671.jpg,IMG_0671,5773875,a4530dc750ef7c375ff8c915a80d14184fb06b97f7715c375bd6bd3c03a88f29,yes,"Same IMG_#### token, same byte size, same SHA-256."
/Volumes/EOS_DIGITAL/DCIM/100CANON/IMG_0672.JPG,IMG_0672.JPG,/Users/dominiklukes/Library/CloudStorage/OneDrive-Personal/Pictures/2025/07/02/250702-02 Jul - IMG_0672.jpg,250702-02 Jul - IMG_0672.jpg,IMG_0672,5757943,958727658a135f78b22c673e6226508c720643ec9df89c92651385bbc67dd1e8,yes,"Same IMG_#### token, same byte size, same SHA-256."
/Volumes/EOS_DIGITAL/DCIM/100CANON/IMG_0673.JPG,IMG_0673.JPG,/Users/dominiklukes/Library/CloudStorage/OneDrive-Personal/Pictures/2025/07/02/250702-02 Jul - IMG_0673.jpg,250702-02 Jul - IMG_0673.jpg,IMG_0673,5644555,f4f302182914b3dfc6723aa12b77b70f9dfd55b515a428503c071b948a123520,yes,"Same IMG_#### token, same byte size, same SHA-256."
/Volumes/EOS_DIGITAL/DCIM/100CANON/IMG_0674.JPG,IMG_0674.JPG,/Users/dominiklukes/Library/CloudStorage/OneDrive-Personal/Pictures/2025/07/02/250702-02 Jul - IMG_0674.jpg,250702-02 Jul - IMG_0674.jpg,IMG_0674,6445106,037936aecf4d672adffe1811943ad28629bad01cba553adc81f537623b636425,yes,"Same IMG_#### token, same byte size, same SHA-256."
/Volumes/EOS_DIGITAL/DCIM/100CANON/IMG_0675.JPG,IMG_0675.JPG,/Users/dominiklukes/Library/CloudStorage/OneDrive-Personal/Pictures/2025/07/02/250702-02 Jul - IMG_0675.jpg,250702-02 Jul - IMG_0675.jpg,IMG_0675,6271506,fd80fad0216e60deddfb1486a8ea76a9be3fd10adacf86ff7c568c3b7db8f389,yes,"Same IMG_#### token, same byte size, same SHA-256."
/Volumes/EOS_DIGITAL/DCIM/100CANON/IMG_0676.JPG,IMG_0676.JPG,/Users/dominiklukes/Library/CloudStorage/OneDrive-Personal/Pictures/2025/07/02/250702-02 Jul - IMG_0676.jpg,250702-02 Jul - IMG_0676.jpg,IMG_0676,5834690,1c402f432cdcaf834ad0e24c32e0a84989619e448fd31d361a073a931d5ff82b,yes,"Same IMG_#### token, same byte size, same SHA-256."
/Volumes/EOS_DIGITAL/DCIM/100CANON/IMG_0677.JPG,IMG_0677.JPG,/Users/dominiklukes/Library/CloudStorage/OneDrive-Personal/Pictures/2025/07/02/250702-02 Jul - IMG_0677.jpg,250702-02 Jul - IMG_0677.jpg,IMG_0677,5707871,cd91583695bd354a4fcbeeeb8e478a912142007cb02bf1197483da068aba5c6e,yes,"Same IMG_#### token, same byte size, same SHA-256."
/Volumes/EOS_DIGITAL/DCIM/100CANON/IMG_0678.JPG,IMG_0678.JPG,/Users/dominiklukes/Library/CloudStorage/OneDrive-Personal/Pictures/2025/07/02/250702-02 Jul - IMG_0678.jpg,250702-02 Jul - IMG_0678.jpg,IMG_0678,5773251,6d22deee8bf6a3e6bd44cbd1b09fd5ab1b4aa7f8e5bfcc2eef13fc0c0e029120,yes,"Same IMG_#### token, same byte size, same SHA-256."
/Volumes/EOS_DIGITAL/DCIM/100CANON/IMG_0679.JPG,IMG_0679.JPG,/Users/dominiklukes/Library/CloudStorage/OneDrive-Personal/Pictures/2025/07/02/250702-02 Jul - IMG_0679.jpg,250702-02 Jul - IMG_0679.jpg,IMG_0679,5818152,a1481d7a3a362869acbbbb7d22100b5fd72351baa294888c5d9ffef65d015d15,yes,"Same IMG_#### token, same byte size, same SHA-256."
/Volumes/EOS_DIGITAL/DCIM/100CANON/IMG_0680.JPG,IMG_0680.JPG,/Users/dominiklukes/Library/CloudStorage/OneDrive-Personal/Pictures/2025/07/02/250702-02 Jul - IMG_0680.jpg,250702-02 Jul - IMG_0680.jpg,IMG_0680,6648575,d93d2d5ad97a5ce619cd5d54f0eb3f84e23c2307f47e6846eb265beb89aca32b,yes,"Same IMG_#### token, same byte size, same SHA-256."
/Volumes/EOS_DIGITAL/DCIM/100CANON/IMG_0681.JPG,IMG_0681.JPG,/Users/dominiklukes/Library/CloudStorage/OneDrive-Personal/Pictures/2025/07/02/250702-02 Jul - IMG_0681.jpg,250702-02 Jul - IMG_0681.jpg,IMG_0681,6663926,866fb4688e64687a6c3a917408875b19952679484cb1e0a4ea65496c63e33e14,yes,"Same IMG_#### token, same byte size, same SHA-256."
/Volumes/EOS_DIGITAL/DCIM/100CANON/IMG_0682.JPG,IMG_0682.JPG,/Users/dominiklukes/Library/CloudStorage/OneDrive-Personal/Pictures/2025/07/02/250702-02 Jul - IMG_0682.jpg,250702-02 Jul - IMG_0682.jpg,IMG_0682,6782696,85460cc157032379ca1dd0c8c2dbf42016de3b176760e6624869b5700f0d0121,yes,"Same IMG_#### token, same byte size, same SHA-256."
/Volumes/EOS_DIGITAL/DCIM/100CANON/IMG_0683.JPG,IMG_0683.JPG,/Users/dominiklukes/Library/CloudStorage/OneDrive-Personal/Pictures/2025/07/02/250702-02 Jul - IMG_0683.jpg,250702-02 Jul - IMG_0683.jpg,IMG_0683,6669608,0cc90f0448af72f34221d82b30c8aa06fe7860c005a09c662b6aa7b6e28fd56f,yes,"Same IMG_#### token, same byte size, same SHA-256."
/Volumes/EOS_DIGITAL/DCIM/100CANON/IMG_0684.JPG,IMG_0684.JPG,/Users/dominiklukes/Library/CloudStorage/OneDrive-Personal/Pictures/2025/07/02/250702-02 Jul - IMG_0684.jpg,250702-02 Jul - IMG_0684.jpg,IMG_0684,7254970,709fbfe021e22f8531aa4795f7c432854f522dee807c04f6e7648bc1df34284b,yes,"Same IMG_#### token, same byte size, same SHA-256."
/Volumes/EOS_DIGITAL/DCIM/100CANON/IMG_0685.JPG,IMG_0685.JPG,/Users/dominiklukes/Library/CloudStorage/OneDrive-Personal/Pictures/2025/07/02/250702-02 Jul - IMG_0685.jpg,250702-02 Jul - IMG_0685.jpg,IMG_0685,7118991,031ff083b4bc4ccfd14e87dc0e307d7eb1e8ff7d4e411147ff55a95e630e89bc,yes,"Same IMG_#### token, same byte size, same SHA-256."
/Volumes/EOS_DIGITAL/DCIM/100CANON/IMG_0686.JPG,IMG_0686.JPG,/Users/dominiklukes/Library/CloudStorage/OneDrive-Personal/Pictures/2025/07/02/250702-02 Jul - IMG_0686.jpg,250702-02 Jul - IMG_0686.jpg,IMG_0686,4744582,0677b2ea4a372d87e936259f8e56ba4f12081edbeebba0db28afe2ae37d9b02a,yes,"Same IMG_#### token, same byte size, same SHA-256."
/Volumes/EOS_DIGITAL/DCIM/100CANON/IMG_0687.JPG,IMG_0687.JPG,/Users/dominiklukes/Library/CloudStorage/OneDrive-Personal/Pictures/2025/07/02/250702-02 Jul - IMG_0687.jpg,250702-02 Jul - IMG_0687.jpg,IMG_0687,4382948,d4818538a14d90b633da1e6dfa5f43170ccbafbb6a03a0864863136658cf61d8,yes,"Same IMG_#### token, same byte size, same SHA-256."
/Volumes/EOS_DIGITAL/DCIM/100CANON/IMG_0688.JPG,IMG_0688.JPG,/Users/dominiklukes/Library/CloudStorage/OneDrive-Personal/Pictures/2025/07/02/250702-02 Jul - IMG_0688.jpg,250702-02 Jul - IMG_0688.jpg,IMG_0688,4382505,d8935d9e56aaf141efefa7b6b646c292cb65a7ecff9ba946d8034fb29af487e6,yes,"Same IMG_#### token, same byte size, same SHA-256."
/Volumes/EOS_DIGITAL/DCIM/100CANON/IMG_0689.JPG,IMG_0689.JPG,/Users/dominiklukes/Library/CloudStorage/OneDrive-Personal/Pictures/2025/07/02/250702-02 Jul - IMG_0689.jpg,250702-02 Jul - IMG_0689.jpg,IMG_0689,4397384,be6488991414c1274074e58d70141337d3024f6080ea22e781ef3fcfc8d16f53,yes,"Same IMG_#### token, same byte size, same SHA-256."
/Volumes/EOS_DIGITAL/DCIM/100CANON/IMG_0690.JPG,IMG_0690.JPG,/Users/dominiklukes/Library/CloudStorage/OneDrive-Personal/Pictures/2025/07/02/250702-02 Jul - IMG_0690.jpg,250702-02 Jul - IMG_0690.jpg,IMG_0690,5741681,99aba8f7c789f8e12bc984024f24c12b50b24c6eed7ddba0fdada81db281e54a,yes,"Same IMG_#### token, same byte size, same SHA-256."
/Volumes/EOS_DIGITAL/DCIM/100CANON/IMG_0691.JPG,IMG_0691.JPG,/Users/dominiklukes/Library/CloudStorage/OneDrive-Personal/Pictures/2025/07/02/250702-02 Jul - IMG_0691.jpg,250702-02 Jul - IMG_0691.jpg,IMG_0691,6202720,b0d98eb9aed1b4eba8816d5890bb312056c5229533f39a8661f7b4a599c05160,yes,"Same IMG_#### token, same byte size, same SHA-256."
/Volumes/EOS_DIGITAL/DCIM/100CANON/IMG_0692.JPG,IMG_0692.JPG,/Users/dominiklukes/Library/CloudStorage/OneDrive-Personal/Pictures/2025/07/02/250702-02 Jul - IMG_0692.jpg,250702-02 Jul - IMG_0692.jpg,IMG_0692,6970780,6717ed2ee6db15ebe7bf96761713b3449940a4e3e0c5624515225b93fd5a405e,yes,"Same IMG_#### token, same byte size, same SHA-256."
/Volumes/EOS_DIGITAL/DCIM/100CANON/IMG_0693.JPG,IMG_0693.JPG,/Users/dominiklukes/Library/CloudStorage/OneDrive-Personal/Pictures/2025/07/02/250702-02 Jul - IMG_0693.jpg,250702-02 Jul - IMG_0693.jpg,IMG_0693,6921367,7359b418db48c43ec95d48b14a4a6bada165538e4d303f20d8e57201a4f2ee6c,yes,"Same IMG_#### token, same byte size, same SHA-256."
/Volumes/EOS_DIGITAL/DCIM/100CANON/IMG_0694.JPG,IMG_0694.JPG,/Users/dominiklukes/Library/CloudStorage/OneDrive-Personal/Pictures/2025/07/02/250702-02 Jul - IMG_0694.jpg,250702-02 Jul - IMG_0694.jpg,IMG_0694,7676125,8610460d85b1ca713f58343ddf43bb1554199eaf4759f43a06a4c34cbe563280,yes,"Same IMG_#### token, same byte size, same SHA-256."
/Volumes/EOS_DIGITAL/DCIM/100CANON/IMG_0695.JPG,IMG_0695.JPG,/Users/dominiklukes/Library/CloudStorage/OneDrive-Personal/Pictures/2025/07/02/250702-02 Jul - IMG_0695.jpg,250702-02 Jul - IMG_0695.jpg,IMG_0695,7342058,9fa12c84c886e39564af99c67ea6086e8ead177c1b72bd2ef1f9e8e31b9a1255,yes,"Same IMG_#### token, same byte size, same SHA-256."
/Volumes/EOS_DIGITAL/DCIM/100CANON/IMG_0696.JPG,IMG_0696.JPG,/Users/dominiklukes/Library/CloudStorage/OneDrive-Personal/Pictures/2025/07/02/250702-02 Jul - IMG_0696.jpg,250702-02 Jul - IMG_0696.jpg,IMG_0696,7321996,250e76f116836a7b93c9adc296476a7ecbe6b29f17c11e9a18288de43ef2a26b,yes,"Same IMG_#### token, same byte size, same SHA-256."
/Volumes/EOS_DIGITAL/DCIM/100CANON/IMG_0697.JPG,IMG_0697.JPG,/Users/dominiklukes/Library/CloudStorage/OneDrive-Personal/Pictures/2025/07/02/250702-02 Jul - IMG_0697.jpg,250702-02 Jul - IMG_0697.jpg,IMG_0697,7448427,9ee2dc2c9ecee944efbf2d9b856de2db8e606428ed55e17344b0708aef42eae6,yes,"Same IMG_#### token, same byte size, same SHA-256."
/Volumes/EOS_DIGITAL/DCIM/100CANON/IMG_0698.JPG,IMG_0698.JPG,/Users/dominiklukes/Library/CloudStorage/OneDrive-Personal/Pictures/2025/07/02/250702-02 Jul - IMG_0698.jpg,250702-02 Jul - IMG_0698.jpg,IMG_0698,7333473,bc892e5ecb8a8c591321e67081d1dad43ab89a35005ffab119669e2892b8a96b,yes,"Same IMG_#### token, same byte size, same SHA-256."
/Volumes/EOS_DIGITAL/DCIM/100CANON/IMG_0699.JPG,IMG_0699.JPG,/Users/dominiklukes/Library/CloudStorage/OneDrive-Personal/Pictures/2025/07/02/250702-02 Jul - IMG_0699.jpg,250702-02 Jul - IMG_0699.jpg,IMG_0699,7357596,baf4959d3289ab4360d954f346a430eb0f3d17890c29dfa98fd22d564484fa60,yes,"Same IMG_#### token, same byte size, same SHA-256."
/Volumes/EOS_DIGITAL/DCIM/100CANON/IMG_0700.JPG,IMG_0700.JPG,/Users/dominiklukes/Library/CloudStorage/OneDrive-Personal/Pictures/2025/07/02/250702-02 Jul - IMG_0700.jpg,250702-02 Jul - IMG_0700.jpg,IMG_0700,7339148,8afc011db23d4260131731fee07b879007eb474a8819fa927ea1d066e30e6d20,yes,"Same IMG_#### token, same byte size, same SHA-256."
/Volumes/EOS_DIGITAL/DCIM/100CANON/IMG_0701.JPG,IMG_0701.JPG,/Users/dominiklukes/Library/CloudStorage/OneDrive-Personal/Pictures/2025/07/02/250702-02 Jul - IMG_0701.jpg,250702-02 Jul - IMG_0701.jpg,IMG_0701,7074854,5306ef3ee05eb1c18dd3935cf5e5155b6695ce0c61e28801a7ce6665013526fa,yes,"Same IMG_#### token, same byte size, same SHA-256."
/Volumes/EOS_DIGITAL/DCIM/100CANON/IMG_0702.JPG,IMG_0702.JPG,/Users/dominiklukes/Library/CloudStorage/OneDrive-Personal/Pictures/2025/07/02/250702-02 Jul - IMG_0702.jpg,250702-02 Jul - IMG_0702.jpg,IMG_0702,7123879,54a9d73b8b50e46cdea3df5e2ea4932adc708b3bb1a7c632361ba014c1e21cd2,yes,"Same IMG_#### token, same byte size, same SHA-256."
/Volumes/EOS_DIGITAL/DCIM/100CANON/IMG_0703.JPG,IMG_0703.JPG,/Users/dominiklukes/Library/CloudStorage/OneDrive-Personal/Pictures/2025/07/02/250702-02 Jul - IMG_0703.jpg,250702-02 Jul - IMG_0703.jpg,IMG_0703,7823642,2d0ff534458ee960a5fadd4fe2787cbd6621c21ca2cc8a2aea37a86299abd8cb,yes,"Same IMG_#### token, same byte size, same SHA-256."
/Volumes/EOS_DIGITAL/DCIM/100CANON/IMG_0704.JPG,IMG_0704.JPG,/Users/dominiklukes/Library/CloudStorage/OneDrive-Personal/Pictures/2025/07/02/250702-02 Jul - IMG_0704.jpg,250702-02 Jul - IMG_0704.jpg,IMG_0704,7677128,47c04e2b0a94cab4f2e85fe833b035e1fd9efc07dfa6c2753b099e01a900e865,yes,"Same IMG_#### token, same byte size, same SHA-256."
/Volumes/EOS_DIGITAL/DCIM/100CANON/IMG_0705.JPG,IMG_0705.JPG,/Users/dominiklukes/Library/CloudStorage/OneDrive-Personal/Pictures/2025/07/02/250702-02 Jul - IMG_0705.jpg,250702-02 Jul - IMG_0705.jpg,IMG_0705,7712399,d0436e8fc89e82d539ffeea45f9b1d08cb3ce6fad06c9d2226fa297a5b15a6ca,yes,"Same IMG_#### token, same byte size, same SHA-256."
/Volumes/EOS_DIGITAL/DCIM/100CANON/IMG_0706.JPG,IMG_0706.JPG,/Users/dominiklukes/Library/CloudStorage/OneDrive-Personal/Pictures/2025/07/02/250702-02 Jul - IMG_0706.jpg,250702-02 Jul - IMG_0706.jpg,IMG_0706,7777021,4f8d5780ef86692cd41325b82ecec412cb00791120aa7b0120dad329edbeaea7,yes,"Same IMG_#### token, same byte size, same SHA-256."
/Volumes/EOS_DIGITAL/DCIM/100CANON/IMG_0707.JPG,IMG_0707.JPG,/Users/dominiklukes/Library/CloudStorage/OneDrive-Personal/Pictures/2025/07/02/250702-02 Jul - IMG_0707.jpg,250702-02 Jul - IMG_0707.jpg,IMG_0707,6848977,a80f2d734de17322af288c61507e968290defbec3b75d59cccb8b69bcc57e26f,yes,"Same IMG_#### token, same byte size, same SHA-256."
/Volumes/EOS_DIGITAL/DCIM/100CANON/IMG_0708.JPG,IMG_0708.JPG,/Users/dominiklukes/Library/CloudStorage/OneDrive-Personal/Pictures/2025/07/02/250702-02 Jul - IMG_0708.jpg,250702-02 Jul - IMG_0708.jpg,IMG_0708,6826070,1294797a84af61aeeda847a571777b8a0236740745987ef13199a58bd6ef9f1d,yes,"Same IMG_#### token, same byte size, same SHA-256."
/Volumes/EOS_DIGITAL/DCIM/100CANON/IMG_0709.JPG,IMG_0709.JPG,/Users/dominiklukes/Library/CloudStorage/OneDrive-Personal/Pictures/2025/07/02/250702-02 Jul - IMG_0709.jpg,250702-02 Jul - IMG_0709.jpg,IMG_0709,6847670,0c3202242c54c40797796324a16a3d9d907b2eccabb5adda3638a697ba0bbe50,yes,"Same IMG_#### token, same byte size, same SHA-256."
/Volumes/EOS_DIGITAL/DCIM/100CANON/IMG_0710.JPG,IMG_0710.JPG,/Users/dominiklukes/Library/CloudStorage/OneDrive-Personal/Pictures/2025/07/02/250702-02 Jul - IMG_0710.jpg,250702-02 Jul - IMG_0710.jpg,IMG_0710,6590376,764d7c8f2c88c8461e6da99175f6b3b1396b15705f48ea6488a9f847b3444f56,yes,"Same IMG_#### token, same byte size, same SHA-256."
/Volumes/EOS_DIGITAL/DCIM/100CANON/IMG_0711.JPG,IMG_0711.JPG,/Users/dominiklukes/Library/CloudStorage/OneDrive-Personal/Pictures/2025/07/02/250702-02 Jul - IMG_0711.jpg,250702-02 Jul - IMG_0711.jpg,IMG_0711,6838767,773015403ac5e140ca1aeebd78b363136433d884d254b162e04749e56696b783,yes,"Same IMG_#### token, same byte size, same SHA-256."
/Volumes/EOS_DIGITAL/DCIM/100CANON/IMG_0712.JPG,IMG_0712.JPG,/Users/dominiklukes/Library/CloudStorage/OneDrive-Personal/Pictures/2025/07/02/250702-02 Jul - IMG_0712.jpg,250702-02 Jul - IMG_0712.jpg,IMG_0712,6837916,6f99d45945533d1b691f74d61b6a35232784372ceab23710cffd1c2ff4dc8079,yes,"Same IMG_#### token, same byte size, same SHA-256."
/Volumes/EOS_DIGITAL/DCIM/100CANON/IMG_0713.JPG,IMG_0713.JPG,/Users/dominiklukes/Library/CloudStorage/OneDrive-Personal/Pictures/2025/07/02/250702-02 Jul - IMG_0713.jpg,250702-02 Jul - IMG_0713.jpg,IMG_0713,7979272,e8bd346d55ce190e2da030c24185e808251dcbdc44288a7e0723f6b66f6b36c4,yes,"Same IMG_#### token, same byte size, same SHA-256."
/Volumes/EOS_DIGITAL/DCIM/100CANON/IMG_0714.JPG,IMG_0714.JPG,/Users/dominiklukes/Library/CloudStorage/OneDrive-Personal/Pictures/2025/07/02/250702-02 Jul - IMG_0714.jpg,250702-02 Jul - IMG_0714.jpg,IMG_0714,7918219,185da124cdf3541adc3d176cb03d6be53d1d3952147b625b9cc1b004ce35ffd2,yes,"Same IMG_#### token, same byte size, same SHA-256."
/Volumes/EOS_DIGITAL/DCIM/100CANON/IMG_0715.JPG,IMG_0715.JPG,/Users/dominiklukes/Library/CloudStorage/OneDrive-Personal/Pictures/2025/07/02/250702-02 Jul - IMG_0715.jpg,250702-02 Jul - IMG_0715.jpg,IMG_0715,7412961,e66b9f1eaedc472c0b8e3d1f7154e65a80945d6ed884dc3980540ae0008a5be0,yes,"Same IMG_#### token, same byte size, same SHA-256."
/Volumes/EOS_DIGITAL/DCIM/100CANON/IMG_0716.JPG,IMG_0716.JPG,/Users/dominiklukes/Library/CloudStorage/OneDrive-Personal/Pictures/2025/07/02/250702-02 Jul - IMG_0716.jpg,250702-02 Jul - IMG_0716.jpg,IMG_0716,7095488,979c1cdd54d4565d4b968a4f81bee8468ef7925f068b4cf2633286a1a2660b20,yes,"Same IMG_#### token, same byte size, same SHA-256."
/Volumes/EOS_DIGITAL/DCIM/100CANON/IMG_0717.JPG,IMG_0717.JPG,/Users/dominiklukes/Library/CloudStorage/OneDrive-Personal/Pictures/2025/07/02/250702-02 Jul - IMG_0717.jpg,250702-02 Jul - IMG_0717.jpg,IMG_0717,7031967,da6f2ad03b2b43769b387d08d018ebb7ee4d464d76bb13d8fb7d30ed0f5cb91d,yes,"Same IMG_#### token, same byte size, same SHA-256."
/Volumes/EOS_DIGITAL/DCIM/100CANON/IMG_0718.JPG,IMG_0718.JPG,/Users/dominiklukes/Library/CloudStorage/OneDrive-Personal/Pictures/2025/07/02/250702-02 Jul - IMG_0718.jpg,250702-02 Jul - IMG_0718.jpg,IMG_0718,7055373,3d4d796882671e1498396ec6bba5f2c8edff69922394cda42569ec03a065ccb8,yes,"Same IMG_#### token, same byte size, same SHA-256."
/Volumes/EOS_DIGITAL/DCIM/100CANON/IMG_0719.JPG,IMG_0719.JPG,/Users/dominiklukes/Library/CloudStorage/OneDrive-Personal/Pictures/2025/07/02/250702-02 Jul - IMG_0719.jpg,250702-02 Jul - IMG_0719.jpg,IMG_0719,7313050,8664e4b02caea0d9cca3ecf89576e3f1a47bf91de9c183284be6b888186a6b56,yes,"Same IMG_#### token, same byte size, same SHA-256."
/Volumes/EOS_DIGITAL/DCIM/100CANON/IMG_0720.JPG,IMG_0720.JPG,/Users/dominiklukes/Library/CloudStorage/OneDrive-Personal/Pictures/2025/07/02/250702-02 Jul - IMG_0720.jpg,250702-02 Jul - IMG_0720.jpg,IMG_0720,6920549,1fa7d6ce84293e9cf0f6ba3c1b261bfbe395f47da9529c67ac499ece963302ee,yes,"Same IMG_#### token, same byte size, same SHA-256."
/Volumes/EOS_DIGITAL/DCIM/100CANON/IMG_0721.JPG,IMG_0721.JPG,/Users/dominiklukes/Library/CloudStorage/OneDrive-Personal/Pictures/2025/07/02/250702-02 Jul - IMG_0721.jpg,250702-02 Jul - IMG_0721.jpg,IMG_0721,7059250,a400d80c53c7939a5fe776b6b49c86b991187dc39cc4cc579efef466dc38ddba,yes,"Same IMG_#### token, same byte size, same SHA-256."
/Volumes/EOS_DIGITAL/DCIM/100CANON/IMG_0722.JPG,IMG_0722.JPG,/Users/dominiklukes/Library/CloudStorage/OneDrive-Personal/Pictures/2025/07/02/250702-02 Jul - IMG_0722.jpg,250702-02 Jul - IMG_0722.jpg,IMG_0722,7023061,33031c668806e542d3db8d7a1ddf452e85d00d7a6ad19bec0c3c89a212d0dcf0,yes,"Same IMG_#### token, same byte size, same SHA-256."
/Volumes/EOS_DIGITAL/DCIM/100CANON/IMG_0723.JPG,IMG_0723.JPG,/Users/dominiklukes/Library/CloudStorage/OneDrive-Personal/Pictures/2025/07/02/250702-02 Jul - IMG_0723.jpg,250702-02 Jul - IMG_0723.jpg,IMG_0723,7102028,bd8a3a5bf20c52c3962cbac26e6263d51a901a789cf3595860aa6886db8990eb,yes,"Same IMG_#### token, same byte size, same SHA-256."
/Volumes/EOS_DIGITAL/DCIM/100CANON/IMG_0724.JPG,IMG_0724.JPG,/Users/dominiklukes/Library/CloudStorage/OneDrive-Personal/Pictures/2025/07/02/250702-02 Jul - IMG_0724.jpg,250702-02 Jul - IMG_0724.jpg,IMG_0724,6625134,23a44b8aac3b09b204da0f15f70ead628a55d545fcb7cf6567d58685c4c552aa,yes,"Same IMG_#### token, same byte size, same SHA-256."
/Volumes/EOS_DIGITAL/DCIM/100CANON/IMG_0725.JPG,IMG_0725.JPG,/Users/dominiklukes/Library/CloudStorage/OneDrive-Personal/Pictures/2025/07/02/250702-02 Jul - IMG_0725.jpg,250702-02 Jul - IMG_0725.jpg,IMG_0725,6337203,d240903c8a2799d56d68832bcbaa657c5e1de951ad64063feed7a1b8357dded4,yes,"Same IMG_#### token, same byte size, same SHA-256."
/Volumes/EOS_DIGITAL/DCIM/100CANON/IMG_0726.JPG,IMG_0726.JPG,/Users/dominiklukes/Library/CloudStorage/OneDrive-Personal/Pictures/2025/07/02/250702-02 Jul - IMG_0726.jpg,250702-02 Jul - IMG_0726.jpg,IMG_0726,6592311,6e2a10804cf8be3e6867ec82bf629e70b17e6c3dedaaa20344ff8c892eb8705a,yes,"Same IMG_#### token, same byte size, same SHA-256."
/Volumes/EOS_DIGITAL/DCIM/100CANON/IMG_0727.JPG,IMG_0727.JPG,/Users/dominiklukes/Library/CloudStorage/OneDrive-Personal/Pictures/2025/07/02/250702-02 Jul - IMG_0727.jpg,250702-02 Jul - IMG_0727.jpg,IMG_0727,6621667,3253f9ec97ac5d81e51a12edf544852510620909b2b2b67e6a753243a30e8dbf,yes,"Same IMG_#### token, same byte size, same SHA-256."
/Volumes/EOS_DIGITAL/DCIM/100CANON/IMG_0728.JPG,IMG_0728.JPG,/Users/dominiklukes/Library/CloudStorage/OneDrive-Personal/Pictures/2025/07/02/250702-02 Jul - IMG_0728.jpg,250702-02 Jul - IMG_0728.jpg,IMG_0728,6677011,ed0153f48e82b0b7ad9478ff7474e8ac400199dbb5ce53a19a364b16cdc95923,yes,"Same IMG_#### token, same byte size, same SHA-256."
/Volumes/EOS_DIGITAL/DCIM/100CANON/IMG_0729.JPG,IMG_0729.JPG,/Users/dominiklukes/Library/CloudStorage/OneDrive-Personal/Pictures/2025/07/02/250702-02 Jul - IMG_0729.jpg,250702-02 Jul - IMG_0729.jpg,IMG_0729,6513169,438dd685871a2e6e34378f4e10291e30b1ab06b3c1bd540d9be959ec9d2726fd,yes,"Same IMG_#### token, same byte size, same SHA-256."
/Volumes/EOS_DIGITAL/DCIM/100CANON/IMG_0730.JPG,IMG_0730.JPG,/Users/dominiklukes/Library/CloudStorage/OneDrive-Personal/Pictures/2025/07/02/250702-02 Jul - IMG_0730.jpg,250702-02 Jul - IMG_0730.jpg,IMG_0730,6973593,99453218feaa5a65b0cf0cc5092b929cf87f2e7e471b2f155c49cfb06f4cd2b8,yes,"Same IMG_#### token, same byte size, same SHA-256."
/Volumes/EOS_DIGITAL/DCIM/100CANON/IMG_0731.JPG,IMG_0731.JPG,/Users/dominiklukes/Library/CloudStorage/OneDrive-Personal/Pictures/2025/07/02/250702-02 Jul - IMG_0731.jpg,250702-02 Jul - IMG_0731.jpg,IMG_0731,6977047,4e1359ea9df2837ef7f1aacbbaa89add8a4ce384e4f1952210c4446b6292b031,yes,"Same IMG_#### token, same byte size, same SHA-256."
/Volumes/EOS_DIGITAL/DCIM/100CANON/IMG_0732.JPG,IMG_0732.JPG,/Users/dominiklukes/Library/CloudStorage/OneDrive-Personal/Pictures/2025/07/02/250702-02 Jul - IMG_0732.jpg,250702-02 Jul - IMG_0732.jpg,IMG_0732,7789848,ead612dbf9bdca1aa015f4090e9a7dbbfc43b587a3bdcbb7c27585388c06dc98,yes,"Same IMG_#### token, same byte size, same SHA-256."
/Volumes/EOS_DIGITAL/DCIM/100CANON/IMG_0733.JPG,IMG_0733.JPG,/Users/dominiklukes/Library/CloudStorage/OneDrive-Personal/Pictures/2025/07/02/250702-02 Jul - IMG_0733.jpg,250702-02 Jul - IMG_0733.jpg,IMG_0733,7836866,f71ba067a38bf792b19255df22d46becad671c32a58fc13c46d7b67988966805,yes,"Same IMG_#### token, same byte size, same SHA-256."
/Volumes/EOS_DIGITAL/DCIM/100CANON/IMG_0734.JPG,IMG_0734.JPG,/Users/dominiklukes/Library/CloudStorage/OneDrive-Personal/Pictures/2025/07/02/250702-02 Jul - IMG_0734.jpg,250702-02 Jul - IMG_0734.jpg,IMG_0734,7844663,613b1b816cec9fb0f475f63f63754c7d26fb697927b2006c2824a70acb06014f,yes,"Same IMG_#### token, same byte size, same SHA-256."
/Volumes/EOS_DIGITAL/DCIM/100CANON/IMG_0735.JPG,IMG_0735.JPG,/Users/dominiklukes/Library/CloudStorage/OneDrive-Personal/Pictures/2025/07/02/250702-02 Jul - IMG_0735.jpg,250702-02 Jul - IMG_0735.jpg,IMG_0735,8998073,23ee714a957a983fa76aef1e8d3e8f26cd70e39c80317c1fdf2f9f6a2d571982,yes,"Same IMG_#### token, same byte size, same SHA-256."
/Volumes/EOS_DIGITAL/DCIM/100CANON/IMG_0736.JPG,IMG_0736.JPG,/Users/dominiklukes/Library/CloudStorage/OneDrive-Personal/Pictures/2025/07/02/250702-02 Jul - IMG_0736.jpg,250702-02 Jul - IMG_0736.jpg,IMG_0736,9268149,3ced55dc982a42e86eb054e0ec811c606dea587af31f43dc62889a3d0d49c2f8,yes,"Same IMG_#### token, same byte size, same SHA-256."
/Volumes/EOS_DIGITAL/DCIM/100CANON/IMG_0737.JPG,IMG_0737.JPG,/Users/dominiklukes/Library/CloudStorage/OneDrive-Personal/Pictures/2025/07/02/250702-02 Jul - IMG_0737.jpg,250702-02 Jul - IMG_0737.jpg,IMG_0737,9197049,9305fe52a3be58fee9642c0aab32aa414093505f4db5c6069e90804178b4f68d,yes,"Same IMG_#### token, same byte size, same SHA-256."
/Volumes/EOS_DIGITAL/DCIM/100CANON/IMG_0738.JPG,IMG_0738.JPG,/Users/dominiklukes/Library/CloudStorage/OneDrive-Personal/Pictures/2025/07/02/250702-02 Jul - IMG_0738.jpg,250702-02 Jul - IMG_0738.jpg,IMG_0738,6653852,1a98e4cd1e3c9f847677ab242ae250bc6b8bc9455a92f920f9a533f43d81dc44,yes,"Same IMG_#### token, same byte size, same SHA-256."
/Volumes/EOS_DIGITAL/DCIM/100CANON/IMG_0739.JPG,IMG_0739.JPG,/Users/dominiklukes/Library/CloudStorage/OneDrive-Personal/Pictures/2025/07/02/250702-02 Jul - IMG_0739.jpg,250702-02 Jul - IMG_0739.jpg,IMG_0739,6034934,e8bde11afecd954f5db6c7c350b2da95d9e937baabdedcef68c5e38d8cd7968f,yes,"Same IMG_#### token, same byte size, same SHA-256."
/Volumes/EOS_DIGITAL/DCIM/100CANON/IMG_0740.JPG,IMG_0740.JPG,/Users/dominiklukes/Library/CloudStorage/OneDrive-Personal/Pictures/2025/07/02/250702-02 Jul - IMG_0740.jpg,250702-02 Jul - IMG_0740.jpg,IMG_0740,9087520,179f9ef8f66cd79ed0eb7fdeeb3a782c837900bf4f613028426094d301d981aa,yes,"Same IMG_#### token, same byte size, same SHA-256."
/Volumes/EOS_DIGITAL/DCIM/100CANON/IMG_0741.JPG,IMG_0741.JPG,/Users/dominiklukes/Library/CloudStorage/OneDrive-Personal/Pictures/2025/07/02/250702-02 Jul - IMG_0741.jpg,250702-02 Jul - IMG_0741.jpg,IMG_0741,8856630,5b758ef650d6ffc4413896dd4fd4d9285d83742ec6b717ed5e5b363d5548a960,yes,"Same IMG_#### token, same byte size, same SHA-256."
/Volumes/EOS_DIGITAL/DCIM/100CANON/IMG_0742.JPG,IMG_0742.JPG,/Users/dominiklukes/Library/CloudStorage/OneDrive-Personal/Pictures/2025/07/02/250702-02 Jul - IMG_0742.jpg,250702-02 Jul - IMG_0742.jpg,IMG_0742,8674464,5d4cf4e137600da191968bf1b6f61b2e4a5ab37a727d38df0a9b46570af67166,yes,"Same IMG_#### token, same byte size, same SHA-256."
/Volumes/EOS_DIGITAL/DCIM/100CANON/IMG_0743.JPG,IMG_0743.JPG,/Users/dominiklukes/Library/CloudStorage/OneDrive-Personal/Pictures/2025/07/02/250702-02 Jul - IMG_0743.jpg,250702-02 Jul - IMG_0743.jpg,IMG_0743,8888407,5ab601894945d907e4aad048ee7a1f2c80386826a834f4a8814607338030ceda,yes,"Same IMG_#### token, same byte size, same SHA-256."
/Volumes/EOS_DIGITAL/DCIM/100CANON/IMG_0744.JPG,IMG_0744.JPG,/Users/dominiklukes/Library/CloudStorage/OneDrive-Personal/Pictures/2025/07/02/250702-02 Jul - IMG_0744.jpg,250702-02 Jul - IMG_0744.jpg,IMG_0744,8587563,1c2c0d3574c208f68cce6ab3d5fea99a2369a8bc719b22292a72b836d711bfd2,yes,"Same IMG_#### token, same byte size, same SHA-256."
/Volumes/EOS_DIGITAL/DCIM/100CANON/IMG_0745.JPG,IMG_0745.JPG,/Users/dominiklukes/Library/CloudStorage/OneDrive-Personal/Pictures/2025/07/02/250702-02 Jul - IMG_0745.jpg,250702-02 Jul - IMG_0745.jpg,IMG_0745,6782217,01f51531e9376b2c69b270b5177477bbc48d1b90afb1fbd0805dc74c678c0c61,yes,"Same IMG_#### token, same byte size, same SHA-256."
/Volumes/EOS_DIGITAL/DCIM/100CANON/IMG_0746.JPG,IMG_0746.JPG,/Users/dominiklukes/Library/CloudStorage/OneDrive-Personal/Pictures/2025/07/02/250702-02 Jul - IMG_0746.jpg,250702-02 Jul - IMG_0746.jpg,IMG_0746,6171127,c50abfc3fddc9fda5ed744e54329d557514750d6d10223fb539363e68c170bad,yes,"Same IMG_#### token, same byte size, same SHA-256."
/Volumes/EOS_DIGITAL/DCIM/100CANON/IMG_0747.JPG,IMG_0747.JPG,/Users/dominiklukes/Library/CloudStorage/OneDrive-Personal/Pictures/2025/07/02/250702-02 Jul - IMG_0747.jpg,250702-02 Jul - IMG_0747.jpg,IMG_0747,5265285,1319fb06ef4c0d656c08486ba8d20b4ca85e1cf4fa2766c30545dc8c3f4c7c68,yes,"Same IMG_#### token, same byte size, same SHA-256."
/Volumes/EOS_DIGITAL/DCIM/100CANON/IMG_0748.JPG,IMG_0748.JPG,/Users/dominiklukes/Library/CloudStorage/OneDrive-Personal/Pictures/2025/07/02/250702-02 Jul - IMG_0748.jpg,250702-02 Jul - IMG_0748.jpg,IMG_0748,5512588,b3d22970cb4e976da9aec4f3b8deebd86909d572000a6f0c13ffe707fc3064e1,yes,"Same IMG_#### token, same byte size, same SHA-256."
/Volumes/EOS_DIGITAL/DCIM/100CANON/IMG_0749.JPG,IMG_0749.JPG,/Users/dominiklukes/Library/CloudStorage/OneDrive-Personal/Pictures/2025/07/02/250702-02 Jul - IMG_0749.jpg,250702-02 Jul - IMG_0749.jpg,IMG_0749,5986210,adda284f6676b5983021c362a2a68f7bef11f01f90763977bafa0c16c5fcd2a5,yes,"Same IMG_#### token, same byte size, same SHA-256."
/Volumes/EOS_DIGITAL/DCIM/100CANON/IMG_0750.JPG,IMG_0750.JPG,/Users/dominiklukes/Library/CloudStorage/OneDrive-Personal/Pictures/2025/07/02/250702-02 Jul - IMG_0750.jpg,250702-02 Jul - IMG_0750.jpg,IMG_0750,6257304,52137efed59adfaae2f8f3eaba9124ec4fb4a31789999c318e23fcac46b485bc,yes,"Same IMG_#### token, same byte size, same SHA-256."
/Volumes/EOS_DIGITAL/DCIM/100CANON/IMG_0751.JPG,IMG_0751.JPG,/Users/dominiklukes/Library/CloudStorage/OneDrive-Personal/Pictures/2025/07/02/250702-02 Jul - IMG_0751.jpg,250702-02 Jul - IMG_0751.jpg,IMG_0751,6187379,6cad6b8d88aaae165151054ab2e2083a508e56692caaa1bc285b0e70cbbfe1f0,yes,"Same IMG_#### token, same byte size, same SHA-256."
/Volumes/EOS_DIGITAL/DCIM/100CANON/IMG_0752.JPG,IMG_0752.JPG,/Users/dominiklukes/Library/CloudStorage/OneDrive-Personal/Pictures/2025/07/02/250702-02 Jul - IMG_0752.jpg,250702-02 Jul - IMG_0752.jpg,IMG_0752,6340131,99961910f4dc9fb93a05532a159d64a3e2772cffc6e25d1e600180f01908ea7a,yes,"Same IMG_#### token, same byte size, same SHA-256."
/Volumes/EOS_DIGITAL/DCIM/100CANON/IMG_0753.JPG,IMG_0753.JPG,/Users/dominiklukes/Library/CloudStorage/OneDrive-Personal/Pictures/2025/07/02/250702-02 Jul - IMG_0753.jpg,250702-02 Jul - IMG_0753.jpg,IMG_0753,6491008,613ce7a55c16dbd27fc338ec112e1941aa2137b772b0143bde883bb64e361ff5,yes,"Same IMG_#### token, same byte size, same SHA-256."
/Volumes/EOS_DIGITAL/DCIM/100CANON/IMG_0754.JPG,IMG_0754.JPG,/Users/dominiklukes/Library/CloudStorage/OneDrive-Personal/Pictures/2025/07/02/250702-02 Jul - IMG_0754.jpg,250702-02 Jul - IMG_0754.jpg,IMG_0754,12551080,2a0c0d71fb5abda70071b0b8caeef80972b7976e1a7e6bde4edb69e333fd91ab,yes,"Same IMG_#### token, same byte size, same SHA-256."
/Volumes/EOS_DIGITAL/DCIM/100CANON/IMG_0755.JPG,IMG_0755.JPG,/Users/dominiklukes/Library/CloudStorage/OneDrive-Personal/Pictures/2025/07/02/250702-02 Jul - IMG_0755.jpg,250702-02 Jul - IMG_0755.jpg,IMG_0755,12733055,366feb82fd9617141ab3519253e5413591b4efe57548a463d29e30ec48a513f2,yes,"Same IMG_#### token, same byte size, same SHA-256."
/Volumes/EOS_DIGITAL/DCIM/100CANON/IMG_0756.JPG,IMG_0756.JPG,/Users/dominiklukes/Library/CloudStorage/OneDrive-Personal/Pictures/2025/07/02/250702-02 Jul - IMG_0756.jpg,250702-02 Jul - IMG_0756.jpg,IMG_0756,11930946,049b19f491db887559f3bf42bf7bef667385112f98261e9d9cf6a3e0ce16a75a,yes,"Same IMG_#### token, same byte size, same SHA-256."
/Volumes/EOS_DIGITAL/DCIM/100CANON/IMG_0757.JPG,IMG_0757.JPG,/Users/dominiklukes/Library/CloudStorage/OneDrive-Personal/Pictures/2025/07/02/250702-02 Jul - IMG_0757.jpg,250702-02 Jul - IMG_0757.jpg,IMG_0757,6254238,e00249a39fe04655ee96a00edfd1ce7826af06859802253e31a4ac7669c7a517,yes,"Same IMG_#### token, same byte size, same SHA-256."
/Volumes/EOS_DIGITAL/DCIM/100CANON/IMG_0758.JPG,IMG_0758.JPG,/Users/dominiklukes/Library/CloudStorage/OneDrive-Personal/Pictures/2025/07/02/250702-02 Jul - IMG_0758.jpg,250702-02 Jul - IMG_0758.jpg,IMG_0758,6250536,ce4266aa8199d4e33bd78253e6228fe636a94fd0be1c5d7d753a9d87dc75a47f,yes,"Same IMG_#### token, same byte size, same SHA-256."
/Volumes/EOS_DIGITAL/DCIM/100CANON/IMG_0759.JPG,IMG_0759.JPG,/Users/dominiklukes/Library/CloudStorage/OneDrive-Personal/Pictures/2025/07/02/250702-02 Jul - IMG_0759.jpg,250702-02 Jul - IMG_0759.jpg,IMG_0759,8273996,15339c594d1b1c8d6d19b8db1ea7e76b3799e228a63d5f29a64b4b4f52619095,yes,"Same IMG_#### token, same byte size, same SHA-256."
/Volumes/EOS_DIGITAL/DCIM/100CANON/IMG_0760.JPG,IMG_0760.JPG,/Users/dominiklukes/Library/CloudStorage/OneDrive-Personal/Pictures/2025/07/02/250702-02 Jul - IMG_0760.jpg,250702-02 Jul - IMG_0760.jpg,IMG_0760,8307704,95cb389ee56a1c3800bc1a41189c56c6584ab5ef421eb916a52d1ad1e599e738,yes,"Same IMG_#### token, same byte size, same SHA-256."
/Volumes/EOS_DIGITAL/DCIM/100CANON/IMG_0761.JPG,IMG_0761.JPG,/Users/dominiklukes/Library/CloudStorage/OneDrive-Personal/Pictures/2025/07/02/250702-02 Jul - IMG_0761.jpg,250702-02 Jul - IMG_0761.jpg,IMG_0761,7937511,80e3bff6fb84b51c20dbe1dda5c31b0c6e5ce50b927cf30f627cd62976f91bd7,yes,"Same IMG_#### token, same byte size, same SHA-256."
/Volumes/EOS_DIGITAL/DCIM/100CANON/IMG_0762.JPG,IMG_0762.JPG,/Users/dominiklukes/Library/CloudStorage/OneDrive-Personal/Pictures/2025/07/02/250702-02 Jul - IMG_0762.jpg,250702-02 Jul - IMG_0762.jpg,IMG_0762,8054330,1b13fcf3910c3eb6e53ee70aff42af5b656c8bf5b9e18bc9416d329ea970e9d3,yes,"Same IMG_#### token, same byte size, same SHA-256."
/Volumes/EOS_DIGITAL/DCIM/100CANON/IMG_0763.JPG,IMG_0763.JPG,/Users/dominiklukes/Library/CloudStorage/OneDrive-Personal/Pictures/2025/07/02/250702-02 Jul - IMG_0763.jpg,250702-02 Jul - IMG_0763.jpg,IMG_0763,8126004,4cb714682f75058a82cac0460073fc0fd1ac777091c74c00985658b769cca96c,yes,"Same IMG_#### token, same byte size, same SHA-256."
/Volumes/EOS_DIGITAL/DCIM/100CANON/IMG_0764.JPG,IMG_0764.JPG,/Users/dominiklukes/Library/CloudStorage/OneDrive-Personal/Pictures/2025/07/02/250702-02 Jul - IMG_0764.jpg,250702-02 Jul - IMG_0764.jpg,IMG_0764,8052511,e28e353116d3334dab8cdc1ab23e4c1765eb77c81b2d94946cf0fe916e13ccba,yes,"Same IMG_#### token, same byte size, same SHA-256."
/Volumes/EOS_DIGITAL/DCIM/100CANON/IMG_0765.JPG,IMG_0765.JPG,/Users/dominiklukes/Library/CloudStorage/OneDrive-Personal/Pictures/2025/07/02/250702-02 Jul - IMG_0765.jpg,250702-02 Jul - IMG_0765.jpg,IMG_0765,8101132,1b833158aa8a2dfd21691a1ed6e93486a81add4d9aceeb5f1e265c0ea26eae7c,yes,"Same IMG_#### token, same byte size, same SHA-256."
/Volumes/EOS_DIGITAL/DCIM/100CANON/IMG_0766.JPG,IMG_0766.JPG,/Users/dominiklukes/Library/CloudStorage/OneDrive-Personal/Pictures/2025/07/02/250702-02 Jul - IMG_0766.jpg,250702-02 Jul - IMG_0766.jpg,IMG_0766,8381875,2a95dec2f068d73d410718d0b1e4f0f2463dd04ba566ef38d805ff526c94c585,yes,"Same IMG_#### token, same byte size, same SHA-256."
/Volumes/EOS_DIGITAL/DCIM/100CANON/IMG_0767.JPG,IMG_0767.JPG,/Users/dominiklukes/Library/CloudStorage/OneDrive-Personal/Pictures/2025/07/02/250702-02 Jul - IMG_0767.jpg,250702-02 Jul - IMG_0767.jpg,IMG_0767,8284148,f8edf83788289b141f9eb67fe0855f5e93424a92325cb38d71a2601894e3f9d6,yes,"Same IMG_#### token, same byte size, same SHA-256."
/Volumes/EOS_DIGITAL/DCIM/100CANON/IMG_0768.JPG,IMG_0768.JPG,/Users/dominiklukes/Library/CloudStorage/OneDrive-Personal/Pictures/2025/07/02/250702-02 Jul - IMG_0768.jpg,250702-02 Jul - IMG_0768.jpg,IMG_0768,7954792,b8fe8c05e4f5caf1e7dfea0c8b04a5b2065f1a33bcac1091f24ecc5823da5c79,yes,"Same IMG_#### token, same byte size, same SHA-256."
/Volumes/EOS_DIGITAL/DCIM/100CANON/IMG_0769.JPG,IMG_0769.JPG,/Users/dominiklukes/Library/CloudStorage/OneDrive-Personal/Pictures/2025/07/02/250702-02 Jul - IMG_0769.jpg,250702-02 Jul - IMG_0769.jpg,IMG_0769,8017275,2cb548511f8ee603b1ed01fa2ab4b0787d8b97ddbed197e93324bbed4e5078a3,yes,"Same IMG_#### token, same byte size, same SHA-256."
/Volumes/EOS_DIGITAL/DCIM/100CANON/IMG_0770.JPG,IMG_0770.JPG,/Users/dominiklukes/Library/CloudStorage/OneDrive-Personal/Pictures/2025/07/02/250702-02 Jul - IMG_0770.jpg,250702-02 Jul - IMG_0770.jpg,IMG_0770,7988926,48126e6c5aa7fb579f4a4f7dfef5a8141ad72b08dafe9f8ff666e6fd0ec6c094,yes,"Same IMG_#### token, same byte size, same SHA-256."
/Volumes/EOS_DIGITAL/DCIM/100CANON/IMG_0771.JPG,IMG_0771.JPG,/Users/dominiklukes/Library/CloudStorage/OneDrive-Personal/Pictures/2025/07/02/250702-02 Jul - IMG_0771.jpg,250702-02 Jul - IMG_0771.jpg,IMG_0771,7950406,5b7c17e30a5c83a4f515880a3285420f8cba28875625e5d930fe75e1f78e52c5,yes,"Same IMG_#### token, same byte size, same SHA-256."
/Volumes/EOS_DIGITAL/DCIM/100CANON/IMG_0772.JPG,IMG_0772.JPG,/Users/dominiklukes/Library/CloudStorage/OneDrive-Personal/Pictures/2025/07/02/250702-02 Jul - IMG_0772.jpg,250702-02 Jul - IMG_0772.jpg,IMG_0772,7990054,328997dc761df7d09e36e1ca42647dcc74d80cda0707c3cb230b8fee7b5e46e8,yes,"Same IMG_#### token, same byte size, same SHA-256."
/Volumes/EOS_DIGITAL/DCIM/100CANON/IMG_0773.JPG,IMG_0773.JPG,/Users/dominiklukes/Library/CloudStorage/OneDrive-Personal/Pictures/2025/07/02/250702-02 Jul - IMG_0773.jpg,250702-02 Jul - IMG_0773.jpg,IMG_0773,8077000,a06c82b158dc7cda4f51439c65bce84224c20c1567dbe38327ed87191e152bda,yes,"Same IMG_#### token, same byte size, same SHA-256."
/Volumes/EOS_DIGITAL/DCIM/100CANON/IMG_0774.JPG,IMG_0774.JPG,/Users/dominiklukes/Library/CloudStorage/OneDrive-Personal/Pictures/2025/07/02/250702-02 Jul - IMG_0774.jpg,250702-02 Jul - IMG_0774.jpg,IMG_0774,8055530,01de07da0483eb6ef011bb800cdb3f8028a6c351b7df3bd366d4a568dc15a690,yes,"Same IMG_#### token, same byte size, same SHA-256."
/Volumes/EOS_DIGITAL/DCIM/100CANON/IMG_0775.JPG,IMG_0775.JPG,/Users/dominiklukes/Library/CloudStorage/OneDrive-Personal/Pictures/2025/07/02/250702-02 Jul - IMG_0775.jpg,250702-02 Jul - IMG_0775.jpg,IMG_0775,8110651,19823e71752c4d620a42fb6ad641f8a41b5306a263933f3fec20906fc8eb8663,yes,"Same IMG_#### token, same byte size, same SHA-256."
/Volumes/EOS_DIGITAL/DCIM/100CANON/IMG_0776.JPG,IMG_0776.JPG,/Users/dominiklukes/Library/CloudStorage/OneDrive-Personal/Pictures/2025/07/02/250702-02 Jul - IMG_0776.jpg,250702-02 Jul - IMG_0776.jpg,IMG_0776,7905179,c05924f9ce22c14484cbd82f9cd246f42c06320288be3f8d8956821d082815f9,yes,"Same IMG_#### token, same byte size, same SHA-256."
/Volumes/EOS_DIGITAL/DCIM/100CANON/IMG_0777.JPG,IMG_0777.JPG,/Users/dominiklukes/Library/CloudStorage/OneDrive-Personal/Pictures/2025/07/02/250702-02 Jul - IMG_0777.jpg,250702-02 Jul - IMG_0777.jpg,IMG_0777,7845238,bb6ad80dba815249b0e7186b16510e19c0503f67fc593d1e5fe21e437eaef1ec,yes,"Same IMG_#### token, same byte size, same SHA-256."
/Volumes/EOS_DIGITAL/DCIM/100CANON/IMG_0778.JPG,IMG_0778.JPG,/Users/dominiklukes/Library/CloudStorage/OneDrive-Personal/Pictures/2025/07/02/250702-02 Jul - IMG_0778.jpg,250702-02 Jul - IMG_0778.jpg,IMG_0778,7773699,944d5c0fb5973d17a351b22929b431225c3c2acea1eadddc273cad5be7a9fa46,yes,"Same IMG_#### token, same byte size, same SHA-256."
/Volumes/EOS_DIGITAL/DCIM/100CANON/IMG_0779.JPG,IMG_0779.JPG,/Users/dominiklukes/Library/CloudStorage/OneDrive-Personal/Pictures/2025/07/02/250702-02 Jul - IMG_0779.jpg,250702-02 Jul - IMG_0779.jpg,IMG_0779,7814761,a61e9d9c33f0acc2651cfe60680300e1e57118e3f695793c10e5119ec6d1d1f8,yes,"Same IMG_#### token, same byte size, same SHA-256."
/Volumes/EOS_DIGITAL/DCIM/100CANON/IMG_0780.JPG,IMG_0780.JPG,/Users/dominiklukes/Library/CloudStorage/OneDrive-Personal/Pictures/2025/07/02/250702-02 Jul - IMG_0780.jpg,250702-02 Jul - IMG_0780.jpg,IMG_0780,8199984,9f53f124e9aadad55e64b8a985b5bd1046dcf805d5aeca555c0a99102b40c90c,yes,"Same IMG_#### token, same byte size, same SHA-256."
/Volumes/EOS_DIGITAL/DCIM/100CANON/IMG_0781.JPG,IMG_0781.JPG,/Users/dominiklukes/Library/CloudStorage/OneDrive-Personal/Pictures/2025/07/02/250702-02 Jul - IMG_0781.jpg,250702-02 Jul - IMG_0781.jpg,IMG_0781,8241042,b1864c3e35dd75d1e5301cd4f0329a660d4b9077897daa3f7f88bddccb4d4f5e,yes,"Same IMG_#### token, same byte size, same SHA-256."
/Volumes/EOS_DIGITAL/DCIM/100CANON/IMG_0782.JPG,IMG_0782.JPG,/Users/dominiklukes/Library/CloudStorage/OneDrive-Personal/Pictures/2025/07/02/250702-02 Jul - IMG_0782.jpg,250702-02 Jul - IMG_0782.jpg,IMG_0782,8258209,b4cafc319b475a900f800a896f68db7154a963549a4202e1cfb6ad131bd0da0a,yes,"Same IMG_#### token, same byte size, same SHA-256."
/Volumes/EOS_DIGITAL/DCIM/100CANON/IMG_0783.JPG,IMG_0783.JPG,/Users/dominiklukes/Library/CloudStorage/OneDrive-Personal/Pictures/2025/07/02/250702-02 Jul - IMG_0783.jpg,250702-02 Jul - IMG_0783.jpg,IMG_0783,8321170,86d10f97be840d83f61bcdb1133cf660e504a08d2b30bcc40a5dceb338db2438,yes,"Same IMG_#### token, same byte size, same SHA-256."
/Volumes/EOS_DIGITAL/DCIM/100CANON/IMG_0784.JPG,IMG_0784.JPG,/Users/dominiklukes/Library/CloudStorage/OneDrive-Personal/Pictures/2025/07/02/250702-02 Jul - IMG_0784.jpg,250702-02 Jul - IMG_0784.jpg,IMG_0784,8366306,6c50dc23d46059c928788fba996c4535d7d7121d960fb5033acacda0492f1210,yes,"Same IMG_#### token, same byte size, same SHA-256."
/Volumes/EOS_DIGITAL/DCIM/100CANON/IMG_0785.JPG,IMG_0785.JPG,/Users/dominiklukes/Library/CloudStorage/OneDrive-Personal/Pictures/2025/07/02/250702-02 Jul - IMG_0785.jpg,250702-02 Jul - IMG_0785.jpg,IMG_0785,8188833,1620994f6a8c635a214e6c2d71dee5302f65d7fa0246e1c885739a817a01cc2c,yes,"Same IMG_#### token, same byte size, same SHA-256."
/Volumes/EOS_DIGITAL/DCIM/100CANON/IMG_0786.JPG,IMG_0786.JPG,/Users/dominiklukes/Library/CloudStorage/OneDrive-Personal/Pictures/2025/07/02/250702-02 Jul - IMG_0786.jpg,250702-02 Jul - IMG_0786.jpg,IMG_0786,8215796,0ad8a977b459f2ad0f1fbbe356fd4cd45535a2bd0e73c1e9d0b8d6807255951d,yes,"Same IMG_#### token, same byte size, same SHA-256."
/Volumes/EOS_DIGITAL/DCIM/100CANON/IMG_0787.JPG,IMG_0787.JPG,/Users/dominiklukes/Library/CloudStorage/OneDrive-Personal/Pictures/2025/07/02/250702-02 Jul - IMG_0787.jpg,250702-02 Jul - IMG_0787.jpg,IMG_0787,8341537,3b10dde60ca37bf2a4d14a44e3f82787a5877095086dc852d7c340a6f0b4e518,yes,"Same IMG_#### token, same byte size, same SHA-256."
/Volumes/EOS_DIGITAL/DCIM/100CANON/IMG_0788.JPG,IMG_0788.JPG,/Users/dominiklukes/Library/CloudStorage/OneDrive-Personal/Pictures/2025/07/02/250702-02 Jul - IMG_0788.jpg,250702-02 Jul - IMG_0788.jpg,IMG_0788,8065237,c2fd19f16dc75bbaa5786d4e012d587f429295660fd58d1c8e3a8735647b1fa6,yes,"Same IMG_#### token, same byte size, same SHA-256."
/Volumes/EOS_DIGITAL/DCIM/100CANON/IMG_0789.JPG,IMG_0789.JPG,/Users/dominiklukes/Library/CloudStorage/OneDrive-Personal/Pictures/2025/07/02/250702-02 Jul - IMG_0789.jpg,250702-02 Jul - IMG_0789.jpg,IMG_0789,7895545,9bcb958b29dc8cebf345e3688502359c4b30d1f63483abc68eb72b32a55c098e,yes,"Same IMG_#### token, same byte size, same SHA-256."
/Volumes/EOS_DIGITAL/DCIM/100CANON/IMG_0790.JPG,IMG_0790.JPG,/Users/dominiklukes/Library/CloudStorage/OneDrive-Personal/Pictures/2025/07/02/250702-02 Jul - IMG_0790.jpg,250702-02 Jul - IMG_0790.jpg,IMG_0790,8057047,131b6584b1a9bc82c3effb5ed963a3dfbb7d870655250c0a90c40279d2b6da70,yes,"Same IMG_#### token, same byte size, same SHA-256."
/Volumes/EOS_DIGITAL/DCIM/100CANON/IMG_0791.JPG,IMG_0791.JPG,/Users/dominiklukes/Library/CloudStorage/OneDrive-Personal/Pictures/2025/07/02/250702-02 Jul - IMG_0791.jpg,250702-02 Jul - IMG_0791.jpg,IMG_0791,7865814,9a30141391dc5090ef60464964530a83b97ae4ebb4282b10ad484b015259bfa5,yes,"Same IMG_#### token, same byte size, same SHA-256."
/Volumes/EOS_DIGITAL/DCIM/100CANON/IMG_0792.JPG,IMG_0792.JPG,/Users/dominiklukes/Library/CloudStorage/OneDrive-Personal/Pictures/2025/07/02/250702-02 Jul - IMG_0792.jpg,250702-02 Jul - IMG_0792.jpg,IMG_0792,7850085,691928729766564fef479cf090e13e716c51b698425bcb2ce9b1cb0ea48c36f6,yes,"Same IMG_#### token, same byte size, same SHA-256."
/Volumes/EOS_DIGITAL/DCIM/100CANON/IMG_0793.JPG,IMG_0793.JPG,/Users/dominiklukes/Library/CloudStorage/OneDrive-Personal/Pictures/2025/07/02/250702-02 Jul - IMG_0793.jpg,250702-02 Jul - IMG_0793.jpg,IMG_0793,7852776,5b9e953dd3359dfb404eab9a539e3c4d73a04039cc87209a85ed205f66db9dec,yes,"Same IMG_#### token, same byte size, same SHA-256."
/Volumes/EOS_DIGITAL/DCIM/100CANON/IMG_0794.JPG,IMG_0794.JPG,/Users/dominiklukes/Library/CloudStorage/OneDrive-Personal/Pictures/2025/07/02/250702-02 Jul - IMG_0794.jpg,250702-02 Jul - IMG_0794.jpg,IMG_0794,7838086,7ab52cb9fed5f312c6496d1f5fbf2f53ada09255c04a80ac413502f22a390fad,yes,"Same IMG_#### token, same byte size, same SHA-256."
/Volumes/EOS_DIGITAL/DCIM/100CANON/IMG_0795.JPG,IMG_0795.JPG,/Users/dominiklukes/Library/CloudStorage/OneDrive-Personal/Pictures/2025/07/02/250702-02 Jul - IMG_0795.jpg,250702-02 Jul - IMG_0795.jpg,IMG_0795,7846338,0162e22725902b20cd2249a7df8dcb156d8ee660ae8a46f98512bd3b3e4c35ea,yes,"Same IMG_#### token, same byte size, same SHA-256."
/Volumes/EOS_DIGITAL/DCIM/100CANON/IMG_0796.JPG,IMG_0796.JPG,/Users/dominiklukes/Library/CloudStorage/OneDrive-Personal/Pictures/2025/07/02/250702-02 Jul - IMG_0796.jpg,250702-02 Jul - IMG_0796.jpg,IMG_0796,7913016,67eac4a87e9f2fde119fc0190c8aadaf9eaa4b05919a0e1d4c6fcaa1222bb59c,yes,"Same IMG_#### token, same byte size, same SHA-256."
/Volumes/EOS_DIGITAL/DCIM/100CANON/IMG_0797.JPG,IMG_0797.JPG,/Users/dominiklukes/Library/CloudStorage/OneDrive-Personal/Pictures/2025/07/02/250702-02 Jul - IMG_0797.jpg,250702-02 Jul - IMG_0797.jpg,IMG_0797,7853978,cd668994d2a340f31ed850cbe82a592e3d8f920754de8252033f4ce4b845429b,yes,"Same IMG_#### token, same byte size, same SHA-256."
/Volumes/EOS_DIGITAL/DCIM/100CANON/IMG_0798.JPG,IMG_0798.JPG,/Users/dominiklukes/Library/CloudStorage/OneDrive-Personal/Pictures/2025/07/02/250702-02 Jul - IMG_0798.jpg,250702-02 Jul - IMG_0798.jpg,IMG_0798,7925176,7e8d4784fdaf944e0423cb86b2ebc75bb1f58d96bdab272924bdcce92cfc61ec,yes,"Same IMG_#### token, same byte size, same SHA-256."
/Volumes/EOS_DIGITAL/DCIM/100CANON/IMG_0799.JPG,IMG_0799.JPG,/Users/dominiklukes/Library/CloudStorage/OneDrive-Personal/Pictures/2025/07/02/250702-02 Jul - IMG_0799.jpg,250702-02 Jul - IMG_0799.jpg,IMG_0799,7902159,beaed77ad5de17ff4ce509c7c504e440ff27b5a14de04b5755c9967b5cd0e072,yes,"Same IMG_#### token, same byte size, same SHA-256."
/Volumes/EOS_DIGITAL/DCIM/100CANON/IMG_0800.JPG,IMG_0800.JPG,/Users/dominiklukes/Library/CloudStorage/OneDrive-Personal/Pictures/2025/07/02/250702-02 Jul - IMG_0800.jpg,250702-02 Jul - IMG_0800.jpg,IMG_0800,7433942,cb1c35055d72f8c8100c4238fc80d7f1ef795b79515f4e552604a6d092b4c131,yes,"Same IMG_#### token, same byte size, same SHA-256."
/Volumes/EOS_DIGITAL/DCIM/100CANON/IMG_0801.JPG,IMG_0801.JPG,/Users/dominiklukes/Library/CloudStorage/OneDrive-Personal/Pictures/2025/07/02/250702-02 Jul - IMG_0801.jpg,250702-02 Jul - IMG_0801.jpg,IMG_0801,7411479,f9448765d6f7c33c1908b10a67ce7139b0a0d2ddac9d0250a1ed4e7671d0ec67,yes,"Same IMG_#### token, same byte size, same SHA-256."
/Volumes/EOS_DIGITAL/DCIM/100CANON/IMG_0802.JPG,IMG_0802.JPG,/Users/dominiklukes/Library/CloudStorage/OneDrive-Personal/Pictures/2025/07/02/250702-02 Jul - IMG_0802.jpg,250702-02 Jul - IMG_0802.jpg,IMG_0802,7366070,9ca46f7d6efc0513d73c1e3a5923367748d0c6bd184a640559c10fc65bc9fea4,yes,"Same IMG_#### token, same byte size, same SHA-256."
/Volumes/EOS_DIGITAL/DCIM/100CANON/IMG_0803.JPG,IMG_0803.JPG,/Users/dominiklukes/Library/CloudStorage/OneDrive-Personal/Pictures/2025/07/02/250702-02 Jul - IMG_0803.jpg,250702-02 Jul - IMG_0803.jpg,IMG_0803,7232242,21ee2802cf0951d0b7a0d73b28d97dc35dc4b135b457e46556950ef34758faad,yes,"Same IMG_#### token, same byte size, same SHA-256."
/Volumes/EOS_DIGITAL/DCIM/100CANON/IMG_0804.JPG,IMG_0804.JPG,/Users/dominiklukes/Library/CloudStorage/OneDrive-Personal/Pictures/2025/07/02/250702-02 Jul - IMG_0804.jpg,250702-02 Jul - IMG_0804.jpg,IMG_0804,5727268,87c99ef999ac3cc545ecd0bac20964e32cbfbf11522910645ed93eb44a9f5a50,yes,"Same IMG_#### token, same byte size, same SHA-256."
/Volumes/EOS_DIGITAL/DCIM/100CANON/IMG_0805.JPG,IMG_0805.JPG,/Users/dominiklukes/Library/CloudStorage/OneDrive-Personal/Pictures/2025/07/02/250702-02 Jul - IMG_0805.jpg,250702-02 Jul - IMG_0805.jpg,IMG_0805,7829567,dd3e629824a8ca5f9edb160bb496700b122d5d32e186eb291760fdb84f621974,yes,"Same IMG_#### token, same byte size, same SHA-256."
/Volumes/EOS_DIGITAL/DCIM/100CANON/IMG_0806.JPG,IMG_0806.JPG,/Users/dominiklukes/Library/CloudStorage/OneDrive-Personal/Pictures/2025/07/02/250702-02 Jul - IMG_0806.jpg,250702-02 Jul - IMG_0806.jpg,IMG_0806,7747517,c4b5f52d0f9fac5db20378156c64f76f7b575f2f6e02951faf923475f11bbcd6,yes,"Same IMG_#### token, same byte size, same SHA-256."
/Volumes/EOS_DIGITAL/DCIM/100CANON/IMG_0807.JPG,IMG_0807.JPG,/Users/dominiklukes/Library/CloudStorage/OneDrive-Personal/Pictures/2025/07/02/250702-02 Jul - IMG_0807.jpg,250702-02 Jul - IMG_0807.jpg,IMG_0807,7731440,653fb017c9079e3be7b86253382f71ca4498e43363bbda33596413684d90bb0a,yes,"Same IMG_#### token, same byte size, same SHA-256."
/Volumes/EOS_DIGITAL/DCIM/100CANON/IMG_0808.JPG,IMG_0808.JPG,/Users/dominiklukes/Library/CloudStorage/OneDrive-Personal/Pictures/2025/07/02/250702-02 Jul - IMG_0808.jpg,250702-02 Jul - IMG_0808.jpg,IMG_0808,7183511,ba794035b9df4ba8f170ed7dc18ffc148985ec8880be61333d8b341dd1200c46,yes,"Same IMG_#### token, same byte size, same SHA-256."
/Volumes/EOS_DIGITAL/DCIM/100CANON/IMG_0809.JPG,IMG_0809.JPG,/Users/dominiklukes/Library/CloudStorage/OneDrive-Personal/Pictures/2025/07/02/250702-02 Jul - IMG_0809.jpg,250702-02 Jul - IMG_0809.jpg,IMG_0809,7151494,561cc3e933cfbca55fb243d767609debbdcdad250d5449b13769470d53b59222,yes,"Same IMG_#### token, same byte size, same SHA-256."
/Volumes/EOS_DIGITAL/DCIM/100CANON/IMG_0810.JPG,IMG_0810.JPG,/Users/dominiklukes/Library/CloudStorage/OneDrive-Personal/Pictures/2025/07/02/250702-02 Jul - IMG_0810.jpg,250702-02 Jul - IMG_0810.jpg,IMG_0810,7235302,6058ac61a99f6ba58bc1f90c6049943d0664862938e1ca57c7c1086de4446f92,yes,"Same IMG_#### token, same byte size, same SHA-256."
/Volumes/EOS_DIGITAL/DCIM/100CANON/IMG_0811.JPG,IMG_0811.JPG,/Users/dominiklukes/Library/CloudStorage/OneDrive-Personal/Pictures/2025/07/02/250702-02 Jul - IMG_0811.jpg,250702-02 Jul - IMG_0811.jpg,IMG_0811,7284512,98af5952992d68d96465fb502ff490efba3adcc3be25362d7ed1737b5793ce54,yes,"Same IMG_#### token, same byte size, same SHA-256."
/Volumes/EOS_DIGITAL/DCIM/100CANON/IMG_0812.JPG,IMG_0812.JPG,/Users/dominiklukes/Library/CloudStorage/OneDrive-Personal/Pictures/2025/07/02/250702-02 Jul - IMG_0812.jpg,250702-02 Jul - IMG_0812.jpg,IMG_0812,4627712,fa5c3754f269843c03ab540b4635a5a427187fb5c0881ae0a414c0a84357282a,yes,"Same IMG_#### token, same byte size, same SHA-256."
/Volumes/EOS_DIGITAL/DCIM/100CANON/IMG_0813.JPG,IMG_0813.JPG,/Users/dominiklukes/Library/CloudStorage/OneDrive-Personal/Pictures/2025/07/02/250702-02 Jul - IMG_0813.jpg,250702-02 Jul - IMG_0813.jpg,IMG_0813,4646417,8960e4fe4f844f415c6b9609218aa95f5e8b0b22b7eb66bb636e9b38c5e8bf24,yes,"Same IMG_#### token, same byte size, same SHA-256."
/Volumes/EOS_DIGITAL/DCIM/100CANON/IMG_0814.JPG,IMG_0814.JPG,/Users/dominiklukes/Library/CloudStorage/OneDrive-Personal/Pictures/2025/07/02/250702-02 Jul - IMG_0814.jpg,250702-02 Jul - IMG_0814.jpg,IMG_0814,7746166,b491270eeeab1335f74ad5002380e037191f50033bb2162e844a3ee5976f0483,yes,"Same IMG_#### token, same byte size, same SHA-256."
/Volumes/EOS_DIGITAL/DCIM/100CANON/IMG_0815.JPG,IMG_0815.JPG,/Users/dominiklukes/Library/CloudStorage/OneDrive-Personal/Pictures/2025/07/02/250702-02 Jul - IMG_0815.jpg,250702-02 Jul - IMG_0815.jpg,IMG_0815,8194903,8419ad2503e79db9b720cac1fa35b1914bbff8b27fc4b5f0b0cf8f5d565e10cb,yes,"Same IMG_#### token, same byte size, same SHA-256."
/Volumes/EOS_DIGITAL/DCIM/100CANON/IMG_0816.JPG,IMG_0816.JPG,/Users/dominiklukes/Library/CloudStorage/OneDrive-Personal/Pictures/2025/07/02/250702-02 Jul - IMG_0816.jpg,250702-02 Jul - IMG_0816.jpg,IMG_0816,8070687,139dcccd4dbe323e9fc0f48c129dd7686eb693dd47edc060d3759eb1a30fc9a3,yes,"Same IMG_#### token, same byte size, same SHA-256."
/Volumes/EOS_DIGITAL/DCIM/100CANON/IMG_0817.JPG,IMG_0817.JPG,/Users/dominiklukes/Library/CloudStorage/OneDrive-Personal/Pictures/2025/07/02/250702-02 Jul - IMG_0817.jpg,250702-02 Jul - IMG_0817.jpg,IMG_0817,7366349,e6e651d94cce4da8601fbc500ead043de77208773eb820dc45b9282f849b1be1,yes,"Same IMG_#### token, same byte size, same SHA-256."
/Volumes/EOS_DIGITAL/DCIM/100CANON/IMG_0818.JPG,IMG_0818.JPG,/Users/dominiklukes/Library/CloudStorage/OneDrive-Personal/Pictures/2025/07/02/250702-02 Jul - IMG_0818.jpg,250702-02 Jul - IMG_0818.jpg,IMG_0818,5085909,7ed0173820f35a4b19b61f50669fa2121bbedad8ff0090ebfab207535e1beabf,yes,"Same IMG_#### token, same byte size, same SHA-256."
/Volumes/EOS_DIGITAL/DCIM/100CANON/IMG_0819.JPG,IMG_0819.JPG,/Users/dominiklukes/Library/CloudStorage/OneDrive-Personal/Pictures/2025/07/02/250702-02 Jul - IMG_0819.jpg,250702-02 Jul - IMG_0819.jpg,IMG_0819,5053551,0a2a6cbfafb7a958ad947dd0d0eb30381b7ad2eae2661b5b786195f382f06e02,yes,"Same IMG_#### token, same byte size, same SHA-256."
/Volumes/EOS_DIGITAL/DCIM/100CANON/IMG_0820.JPG,IMG_0820.JPG,/Users/dominiklukes/Library/CloudStorage/OneDrive-Personal/Pictures/2025/07/02/250702-02 Jul - IMG_0820.jpg,250702-02 Jul - IMG_0820.jpg,IMG_0820,5068197,29239a64b4e773db8e3d5a211c6dee4d2ad587ec9eea690ed4c21a820ed6f91e,yes,"Same IMG_#### token, same byte size, same SHA-256."
/Volumes/EOS_DIGITAL/DCIM/100CANON/IMG_0821.JPG,IMG_0821.JPG,/Users/dominiklukes/Library/CloudStorage/OneDrive-Personal/Pictures/2025/07/02/250702-02 Jul - IMG_0821.jpg,250702-02 Jul - IMG_0821.jpg,IMG_0821,8417623,e9552c6e72bc787f1bb5e5664d81d4bc082ce793d6ceee60cdeb46b829eb8d3d,yes,"Same IMG_#### token, same byte size, same SHA-256."
/Volumes/EOS_DIGITAL/DCIM/100CANON/IMG_0822.JPG,IMG_0822.JPG,/Users/dominiklukes/Library/CloudStorage/OneDrive-Personal/Pictures/2025/07/02/250702-02 Jul - IMG_0822.jpg,250702-02 Jul - IMG_0822.jpg,IMG_0822,8258291,b1747383be08d70742c420039e905bf3771643e19ef4ae5c489074e7c27b5614,yes,"Same IMG_#### token, same byte size, same SHA-256."
/Volumes/EOS_DIGITAL/DCIM/100CANON/IMG_0823.JPG,IMG_0823.JPG,/Users/dominiklukes/Library/CloudStorage/OneDrive-Personal/Pictures/2025/07/02/250702-02 Jul - IMG_0823.jpg,250702-02 Jul - IMG_0823.jpg,IMG_0823,8968550,3acc521df67cb4178881a3ee50799089789f28c577106b5cd5870f9e49d53d63,yes,"Same IMG_#### token, same byte size, same SHA-256."
/Volumes/EOS_DIGITAL/DCIM/100CANON/IMG_0824.JPG,IMG_0824.JPG,/Users/dominiklukes/Library/CloudStorage/OneDrive-Personal/Pictures/2025/07/02/250702-02 Jul - IMG_0824.jpg,250702-02 Jul - IMG_0824.jpg,IMG_0824,8969299,349aa5e58e5f581a9286b1feddc525743e78080f2f8d0d3dd0f2becc080f91b2,yes,"Same IMG_#### token, same byte size, same SHA-256."
/Volumes/EOS_DIGITAL/DCIM/100CANON/IMG_0825.JPG,IMG_0825.JPG,/Users/dominiklukes/Library/CloudStorage/OneDrive-Personal/Pictures/2025/07/02/250702-02 Jul - IMG_0825.jpg,250702-02 Jul - IMG_0825.jpg,IMG_0825,8983208,2e137fc9ca5c5ea152995b17e90997e63810beab89565bc15c2635b9d299b6dc,yes,"Same IMG_#### token, same byte size, same SHA-256."
/Volumes/EOS_DIGITAL/DCIM/100CANON/IMG_0826.JPG,IMG_0826.JPG,/Users/dominiklukes/Library/CloudStorage/OneDrive-Personal/Pictures/2025/07/02/250702-02 Jul - IMG_0826.jpg,250702-02 Jul - IMG_0826.jpg,IMG_0826,7925862,aca7276929adb3f256df9380e4cbc117f37cdca696e9b99c7f819cc69cbc3e47,yes,"Same IMG_#### token, same byte size, same SHA-256."
/Volumes/EOS_DIGITAL/DCIM/100CANON/IMG_0827.JPG,IMG_0827.JPG,/Users/dominiklukes/Library/CloudStorage/OneDrive-Personal/Pictures/2025/07/02/250702-02 Jul - IMG_0827.jpg,250702-02 Jul - IMG_0827.jpg,IMG_0827,7929724,3f51f76b877dfaf5e21163d2fa47002bf5b88323ef445d46a17b875505027f50,yes,"Same IMG_#### token, same byte size, same SHA-256."
/Volumes/EOS_DIGITAL/DCIM/100CANON/IMG_0828.JPG,IMG_0828.JPG,/Users/dominiklukes/Library/CloudStorage/OneDrive-Personal/Pictures/2025/07/02/250702-02 Jul - IMG_0828.jpg,250702-02 Jul - IMG_0828.jpg,IMG_0828,7593305,a897028978976bf6dbec1bc28554e4ed027e6a3f35794e1c2902157bd5107c75,yes,"Same IMG_#### token, same byte size, same SHA-256."
/Volumes/EOS_DIGITAL/DCIM/100CANON/IMG_0829.JPG,IMG_0829.JPG,/Users/dominiklukes/Library/CloudStorage/OneDrive-Personal/Pictures/2025/07/02/250702-02 Jul - IMG_0829.jpg,250702-02 Jul - IMG_0829.jpg,IMG_0829,7708056,655e9b5c60b2a4934d916f512f4b21858747e132df9746ffd48103da2cf47c3e,yes,"Same IMG_#### token, same byte size, same SHA-256."
/Volumes/EOS_DIGITAL/DCIM/100CANON/IMG_0830.JPG,IMG_0830.JPG,/Users/dominiklukes/Library/CloudStorage/OneDrive-Personal/Pictures/2025/07/02/250702-02 Jul - IMG_0830.jpg,250702-02 Jul - IMG_0830.jpg,IMG_0830,7687694,f5ee6342d672334dd7da59a593983150eddd2d53eaa0fcd3a3c9f3b125496667,yes,"Same IMG_#### token, same byte size, same SHA-256."
/Volumes/EOS_DIGITAL/DCIM/100CANON/IMG_0831.JPG,IMG_0831.JPG,/Users/dominiklukes/Library/CloudStorage/OneDrive-Personal/Pictures/2025/07/03/250703-03 Jul - IMG_0831.jpg,250703-03 Jul - IMG_0831.jpg,IMG_0831,4348765,d31e1924f475d3e10ccb8c2f2a60cb230dcf2c4cb86635157c05f85aa7ba2697,yes,"Same IMG_#### token, same byte size, same SHA-256."
/Volumes/EOS_DIGITAL/DCIM/100CANON/IMG_0832.JPG,IMG_0832.JPG,/Users/dominiklukes/Library/CloudStorage/OneDrive-Personal/Pictures/2025/07/03/250703-03 Jul - IMG_0832.jpg,250703-03 Jul - IMG_0832.jpg,IMG_0832,4543259,dde881b650ccd231dfa2bdd1a4df23f4dd441c396b8733dc8c7f515b6492c844,yes,"Same IMG_#### token, same byte size, same SHA-256."
/Volumes/EOS_DIGITAL/DCIM/100CANON/IMG_0833.JPG,IMG_0833.JPG,/Users/dominiklukes/Library/CloudStorage/OneDrive-Personal/Pictures/2025/07/03/250703-03 Jul - IMG_0833.jpg,250703-03 Jul - IMG_0833.jpg,IMG_0833,4549561,3ef765e74658392b6aa6eb90eabb1fa4564467442c80a210cd2316ddb3c304ec,yes,"Same IMG_#### token, same byte size, same SHA-256."
/Volumes/EOS_DIGITAL/DCIM/100CANON/IMG_0834.JPG,IMG_0834.JPG,/Users/dominiklukes/Library/CloudStorage/OneDrive-Personal/Pictures/2025/07/03/250703-03 Jul - IMG_0834.jpg,250703-03 Jul - IMG_0834.jpg,IMG_0834,4705308,9f2ffe222995077dbf1afb6f7841e0e4092373c28560cc8963999ea3672d27e8,yes,"Same IMG_#### token, same byte size, same SHA-256."
/Volumes/EOS_DIGITAL/DCIM/100CANON/IMG_0835.JPG,IMG_0835.JPG,/Users/dominiklukes/Library/CloudStorage/OneDrive-Personal/Pictures/2025/07/03/250703-03 Jul - IMG_0835.jpg,250703-03 Jul - IMG_0835.jpg,IMG_0835,4688847,0ad56bd5d0e65680fade0a9d5c41bbe9b6ae4b61e2400b7271f344dc200a1e6c,yes,"Same IMG_#### token, same byte size, same SHA-256."
/Volumes/EOS_DIGITAL/DCIM/100CANON/IMG_0836.JPG,IMG_0836.JPG,/Users/dominiklukes/Library/CloudStorage/OneDrive-Personal/Pictures/2025/07/03/250703-03 Jul - IMG_0836.jpg,250703-03 Jul - IMG_0836.jpg,IMG_0836,4690487,5a5cdcd2b237660cac5909a9e29bc72fedbc39e2111493ebe43adfaee0e89243,yes,"Same IMG_#### token, same byte size, same SHA-256."
/Volumes/EOS_DIGITAL/DCIM/100CANON/IMG_0837.JPG,IMG_0837.JPG,/Users/dominiklukes/Library/CloudStorage/OneDrive-Personal/Pictures/2025/07/03/250703-03 Jul - IMG_0837.jpg,250703-03 Jul - IMG_0837.jpg,IMG_0837,4705960,f7d9a7897e13904e983bc9021dbf0951f9e18ae402fe273c12a70ad7528c9f97,yes,"Same IMG_#### token, same byte size, same SHA-256."
/Volumes/EOS_DIGITAL/DCIM/100CANON/IMG_0838.JPG,IMG_0838.JPG,/Users/dominiklukes/Library/CloudStorage/OneDrive-Personal/Pictures/2025/07/03/250703-03 Jul - IMG_0838.jpg,250703-03 Jul - IMG_0838.jpg,IMG_0838,4628335,f47270ab77872bb9f0047467f19c934bb4f41c6a5184c9571983a2d5b08f30c6,yes,"Same IMG_#### token, same byte size, same SHA-256."
/Volumes/EOS_DIGITAL/DCIM/100CANON/IMG_0839.JPG,IMG_0839.JPG,/Users/dominiklukes/Library/CloudStorage/OneDrive-Personal/Pictures/2025/07/03/250703-03 Jul - IMG_0839.jpg,250703-03 Jul - IMG_0839.jpg,IMG_0839,4488382,41a968a1c5ae48233d1fb5f9e849e09dd336c6863533dc9c8d28657ab068fa7f,yes,"Same IMG_#### token, same byte size, same SHA-256."
/Volumes/EOS_DIGITAL/DCIM/100CANON/IMG_0840.JPG,IMG_0840.JPG,/Users/dominiklukes/Library/CloudStorage/OneDrive-Personal/Pictures/2025/07/03/250703-03 Jul - IMG_0840.jpg,250703-03 Jul - IMG_0840.jpg,IMG_0840,4476594,244777af7129b603e114221d86783135404777e29ca5194bf111dd71de7a86d3,yes,"Same IMG_#### token, same byte size, same SHA-256."
/Volumes/EOS_DIGITAL/DCIM/100CANON/IMG_0841.JPG,IMG_0841.JPG,/Users/dominiklukes/Library/CloudStorage/OneDrive-Personal/Pictures/2025/07/03/250703-03 Jul - IMG_0841.jpg,250703-03 Jul - IMG_0841.jpg,IMG_0841,4487967,dd569f33eddc00492704ec26d754d9900ca3693603bd3daae69d9e3c6b0dbf35,yes,"Same IMG_#### token, same byte size, same SHA-256."
/Volumes/EOS_DIGITAL/DCIM/100CANON/IMG_0842.JPG,IMG_0842.JPG,/Users/dominiklukes/Library/CloudStorage/OneDrive-Personal/Pictures/2025/07/03/250703-03 Jul - IMG_0842.jpg,250703-03 Jul - IMG_0842.jpg,IMG_0842,4491987,7d1fd630ddf5cbd7e6aca83c02551e28d6232a10e941e4519fa55465ac6b44c0,yes,"Same IMG_#### token, same byte size, same SHA-256."
/Volumes/EOS_DIGITAL/DCIM/100CANON/IMG_0843.JPG,IMG_0843.JPG,/Users/dominiklukes/Library/CloudStorage/OneDrive-Personal/Pictures/2025/07/03/250703-03 Jul - IMG_0843.jpg,250703-03 Jul - IMG_0843.jpg,IMG_0843,4468631,1fb82d64405e8daffc3691dec320fda39c938fda01457d5c9010efb12c5df4df,yes,"Same IMG_#### token, same byte size, same SHA-256."
/Volumes/EOS_DIGITAL/DCIM/100CANON/IMG_0844.JPG,IMG_0844.JPG,/Users/dominiklukes/Library/CloudStorage/OneDrive-Personal/Pictures/2025/07/03/250703-03 Jul - IMG_0844.jpg,250703-03 Jul - IMG_0844.jpg,IMG_0844,4466591,0ea1de8852ba01ee0bf92774dbfe3b6552cc991823e7fe639c8c964e021d8ac3,yes,"Same IMG_#### token, same byte size, same SHA-256."
/Volumes/EOS_DIGITAL/DCIM/100CANON/IMG_0845.JPG,IMG_0845.JPG,/Users/dominiklukes/Library/CloudStorage/OneDrive-Personal/Pictures/2025/07/03/250703-03 Jul - IMG_0845.jpg,250703-03 Jul - IMG_0845.jpg,IMG_0845,4747249,2506387240d0af7dee0b6684aa2cbc41e4ccdfe5fdeb7984b9b78764d0d23b32,yes,"Same IMG_#### token, same byte size, same SHA-256."
/Volumes/EOS_DIGITAL/DCIM/100CANON/IMG_0846.JPG,IMG_0846.JPG,/Users/dominiklukes/Library/CloudStorage/OneDrive-Personal/Pictures/2025/07/03/250703-03 Jul - IMG_0846.jpg,250703-03 Jul - IMG_0846.jpg,IMG_0846,4720992,9ad8e5912029ea7dfe1b5176a04a206f8b8dbedadf1a0339c4f59af4e0ae7b22,yes,"Same IMG_#### token, same byte size, same SHA-256."
/Volumes/EOS_DIGITAL/DCIM/100CANON/IMG_0847.JPG,IMG_0847.JPG,/Users/dominiklukes/Library/CloudStorage/OneDrive-Personal/Pictures/2025/07/03/250703-03 Jul - IMG_0847.jpg,250703-03 Jul - IMG_0847.jpg,IMG_0847,4710331,d6f3bc72e67a298620ced7f6cc2fe045d9bcc56f0ac40fa0acf985727d372f28,yes,"Same IMG_#### token, same byte size, same SHA-256."
/Volumes/EOS_DIGITAL/DCIM/100CANON/IMG_0848.JPG,IMG_0848.JPG,/Users/dominiklukes/Library/CloudStorage/OneDrive-Personal/Pictures/2025/07/03/250703-03 Jul - IMG_0848.jpg,250703-03 Jul - IMG_0848.jpg,IMG_0848,4436877,4a67df6f2ec566b0c8b01fd7231fecb3ef339bed50245531c66e90126c3d02d2,yes,"Same IMG_#### token, same byte size, same SHA-256."
/Volumes/EOS_DIGITAL/DCIM/100CANON/IMG_0849.JPG,IMG_0849.JPG,/Users/dominiklukes/Library/CloudStorage/OneDrive-Personal/Pictures/2025/07/03/250703-03 Jul - IMG_0849.jpg,250703-03 Jul - IMG_0849.jpg,IMG_0849,4423369,3ddf3d7c15bfd4c0198843af5ffe8add6d96c8b2e5d9f7de82e7d0bb1a5af864,yes,"Same IMG_#### token, same byte size, same SHA-256."
/Volumes/EOS_DIGITAL/DCIM/100CANON/IMG_0850.JPG,IMG_0850.JPG,/Users/dominiklukes/Library/CloudStorage/OneDrive-Personal/Pictures/2025/07/03/250703-03 Jul - IMG_0850.jpg,250703-03 Jul - IMG_0850.jpg,IMG_0850,4381679,fd578d945d755866b608a08d7a47211bfed91aac9c6e8cd8a6e0eee47ebbc158,yes,"Same IMG_#### token, same byte size, same SHA-256."
/Volumes/EOS_DIGITAL/DCIM/100CANON/IMG_0851.JPG,IMG_0851.JPG,/Users/dominiklukes/Library/CloudStorage/OneDrive-Personal/Pictures/2025/07/03/250703-03 Jul - IMG_0851.jpg,250703-03 Jul - IMG_0851.jpg,IMG_0851,4389874,852d7b0e67e52359880fce5bb58c2f6582fcfd296ddb6815ffaa80f16f50a80a,yes,"Same IMG_#### token, same byte size, same SHA-256."
/Volumes/EOS_DIGITAL/DCIM/100CANON/IMG_0852.JPG,IMG_0852.JPG,/Users/dominiklukes/Library/CloudStorage/OneDrive-Personal/Pictures/2025/07/03/250703-03 Jul - IMG_0852.jpg,250703-03 Jul - IMG_0852.jpg,IMG_0852,4432010,3834ec5ffa87279c662b758a5e10e6bcb8cd72d0dba0bf96a73d66ada01af3e2,yes,"Same IMG_#### token, same byte size, same SHA-256."
/Volumes/EOS_DIGITAL/DCIM/100CANON/IMG_0853.JPG,IMG_0853.JPG,/Users/dominiklukes/Library/CloudStorage/OneDrive-Personal/Pictures/2025/07/03/250703-03 Jul - IMG_0853.jpg,250703-03 Jul - IMG_0853.jpg,IMG_0853,4365807,6d22ccc75f9ad85b3ededf4c3e49ae62c7e402755efeade370c2dad86c39f0c8,yes,"Same IMG_#### token, same byte size, same SHA-256."
/Volumes/EOS_DIGITAL/DCIM/100CANON/IMG_0854.JPG,IMG_0854.JPG,/Users/dominiklukes/Library/CloudStorage/OneDrive-Personal/Pictures/2025/07/03/250703-03 Jul - IMG_0854.jpg,250703-03 Jul - IMG_0854.jpg,IMG_0854,4589856,853cb449d843c557052404362cb019b4b2d59f90f135d445bac3d76cbb0e8402,yes,"Same IMG_#### token, same byte size, same SHA-256."
/Volumes/EOS_DIGITAL/DCIM/100CANON/IMG_0855.JPG,IMG_0855.JPG,/Users/dominiklukes/Library/CloudStorage/OneDrive-Personal/Pictures/2025/07/03/250703-03 Jul - IMG_0855.jpg,250703-03 Jul - IMG_0855.jpg,IMG_0855,4849625,311572ab9458849b06321017e5dd8b900992da663bf9782a0329e386b9fe4255,yes,"Same IMG_#### token, same byte size, same SHA-256."
/Volumes/EOS_DIGITAL/DCIM/100CANON/IMG_0856.JPG,IMG_0856.JPG,/Users/dominiklukes/Library/CloudStorage/OneDrive-Personal/Pictures/2025/07/03/250703-03 Jul - IMG_0856.jpg,250703-03 Jul - IMG_0856.jpg,IMG_0856,5651549,333340e9c2b6ead419aec706a2e6462fdf33f5ce379b98a097580b2e5e3d9075,yes,"Same IMG_#### token, same byte size, same SHA-256."
/Volumes/EOS_DIGITAL/DCIM/100CANON/IMG_0857.JPG,IMG_0857.JPG,/Users/dominiklukes/Library/CloudStorage/OneDrive-Personal/Pictures/2025/07/03/250703-03 Jul - IMG_0857.jpg,250703-03 Jul - IMG_0857.jpg,IMG_0857,7686273,42fd1a68f3aaaccc7ab4fd2808525fa957f0d8a7183abe4cf37915bc42ad7125,yes,"Same IMG_#### token, same byte size, same SHA-256."
/Volumes/EOS_DIGITAL/DCIM/100CANON/IMG_0858.JPG,IMG_0858.JPG,/Users/dominiklukes/Library/CloudStorage/OneDrive-Personal/Pictures/2025/07/03/250703-03 Jul - IMG_0858.jpg,250703-03 Jul - IMG_0858.jpg,IMG_0858,8637050,08a18866604b62487a40fda311db676a586a2cf182d24dcec958baeb99ade40f,yes,"Same IMG_#### token, same byte size, same SHA-256."
/Volumes/EOS_DIGITAL/DCIM/100CANON/IMG_0859.JPG,IMG_0859.JPG,/Users/dominiklukes/Library/CloudStorage/OneDrive-Personal/Pictures/2025/07/03/250703-03 Jul - IMG_0859.jpg,250703-03 Jul - IMG_0859.jpg,IMG_0859,7250193,0b93d439ffb2aa139ddd39221a142ded45cfa9dbb698236dae1c3cf981bcdd2a,yes,"Same IMG_#### token, same byte size, same SHA-256."
/Volumes/EOS_DIGITAL/DCIM/100CANON/IMG_0860.JPG,IMG_0860.JPG,/Users/dominiklukes/Library/CloudStorage/OneDrive-Personal/Pictures/2025/07/03/250703-03 Jul - IMG_0860.jpg,250703-03 Jul - IMG_0860.jpg,IMG_0860,7527755,ae6821e4a24b3db9a134d6716829153bdf27bbdcf4aa880e0fc4576601cbc6b9,yes,"Same IMG_#### token, same byte size, same SHA-256."
/Volumes/EOS_DIGITAL/DCIM/100CANON/IMG_0861.JPG,IMG_0861.JPG,/Users/dominiklukes/Library/CloudStorage/OneDrive-Personal/Pictures/2025/07/03/250703-03 Jul - IMG_0861.jpg,250703-03 Jul - IMG_0861.jpg,IMG_0861,7478764,8a61a0a05d399e39291b8ad0ec883c9fad61b229ba867e68282349152c9cb62a,yes,"Same IMG_#### token, same byte size, same SHA-256."
/Volumes/EOS_DIGITAL/DCIM/100CANON/IMG_0862.JPG,IMG_0862.JPG,/Users/dominiklukes/Library/CloudStorage/OneDrive-Personal/Pictures/2025/07/03/250703-03 Jul - IMG_0862.jpg,250703-03 Jul - IMG_0862.jpg,IMG_0862,6986696,7f130e89a282fbc093c2066313ca53330ccdaad2ded31741af7ae367c9bdeeae,yes,"Same IMG_#### token, same byte size, same SHA-256."
/Volumes/EOS_DIGITAL/DCIM/100CANON/IMG_0863.JPG,IMG_0863.JPG,/Users/dominiklukes/Library/CloudStorage/OneDrive-Personal/Pictures/2025/07/03/250703-03 Jul - IMG_0863.jpg,250703-03 Jul - IMG_0863.jpg,IMG_0863,5755732,1e648306a40c81af4290d53c617331046a56245830c382c91ca42bbed4d2e5f1,yes,"Same IMG_#### token, same byte size, same SHA-256."
/Volumes/EOS_DIGITAL/DCIM/100CANON/IMG_0864.JPG,IMG_0864.JPG,/Users/dominiklukes/Library/CloudStorage/OneDrive-Personal/Pictures/2025/07/03/250703-03 Jul - IMG_0864.jpg,250703-03 Jul - IMG_0864.jpg,IMG_0864,5817639,f55acfb7c78b30c04d202f5cdc0ecc15ec393307b5d43f679041cc016c4202b0,yes,"Same IMG_#### token, same byte size, same SHA-256."
/Volumes/EOS_DIGITAL/DCIM/100CANON/IMG_0865.JPG,IMG_0865.JPG,/Users/dominiklukes/Library/CloudStorage/OneDrive-Personal/Pictures/2025/07/03/250703-03 Jul - IMG_0865.jpg,250703-03 Jul - IMG_0865.jpg,IMG_0865,5718306,944eaef385b4a590b624bbc74b86b09fbdee6c2bebdc180d1fb680c1656e2637,yes,"Same IMG_#### token, same byte size, same SHA-256."
/Volumes/EOS_DIGITAL/DCIM/100CANON/IMG_0866.JPG,IMG_0866.JPG,/Users/dominiklukes/Library/CloudStorage/OneDrive-Personal/Pictures/2025/07/03/250703-03 Jul - IMG_0866.jpg,250703-03 Jul - IMG_0866.jpg,IMG_0866,6087748,3695d52e00dbb4bfb43e3ce826fc54c40c54cee7a0b287ad6900dc95b631c8d5,yes,"Same IMG_#### token, same byte size, same SHA-256."
/Volumes/EOS_DIGITAL/DCIM/100CANON/IMG_0867.JPG,IMG_0867.JPG,/Users/dominiklukes/Library/CloudStorage/OneDrive-Personal/Pictures/2025/07/03/250703-03 Jul - IMG_0867.jpg,250703-03 Jul - IMG_0867.jpg,IMG_0867,5922392,c5549e73c6cd59cad8a92960ff1de5304c349fbb47c29f525c190bd6f889bd8f,yes,"Same IMG_#### token, same byte size, same SHA-256."
/Volumes/EOS_DIGITAL/DCIM/100CANON/IMG_0868.JPG,IMG_0868.JPG,/Users/dominiklukes/Library/CloudStorage/OneDrive-Personal/Pictures/2025/07/03/250703-03 Jul - IMG_0868.jpg,250703-03 Jul - IMG_0868.jpg,IMG_0868,5956530,efba96e4021b15c3cc9a7931c68fb7f6b3eeb68fdec7a91e819c04cd087012dc,yes,"Same IMG_#### token, same byte size, same SHA-256."
/Volumes/EOS_DIGITAL/DCIM/100CANON/IMG_0869.JPG,IMG_0869.JPG,/Users/dominiklukes/Library/CloudStorage/OneDrive-Personal/Pictures/2025/07/03/250703-03 Jul - IMG_0869.jpg,250703-03 Jul - IMG_0869.jpg,IMG_0869,8600773,f88437dd45a18da5308c637a0a189bcaf631aaad572796a02eb96434384e9403,yes,"Same IMG_#### token, same byte size, same SHA-256."
/Volumes/EOS_DIGITAL/DCIM/100CANON/IMG_0870.JPG,IMG_0870.JPG,/Users/dominiklukes/Library/CloudStorage/OneDrive-Personal/Pictures/2025/07/03/250703-03 Jul - IMG_0870.jpg,250703-03 Jul - IMG_0870.jpg,IMG_0870,8498328,08f7f871c758f9e38ad4533b229be65e7f99419eeb17add2dad328394d46ea47,yes,"Same IMG_#### token, same byte size, same SHA-256."
/Volumes/EOS_DIGITAL/DCIM/100CANON/IMG_0871.JPG,IMG_0871.JPG,/Users/dominiklukes/Library/CloudStorage/OneDrive-Personal/Pictures/2025/07/03/250703-03 Jul - IMG_0871.jpg,250703-03 Jul - IMG_0871.jpg,IMG_0871,10445448,edb3b27ad3d90bd9ed5a4b9a2e396f9614172996cf7fb8f1ff9b7089601c216d,yes,"Same IMG_#### token, same byte size, same SHA-256."
/Volumes/EOS_DIGITAL/DCIM/100CANON/IMG_0872.JPG,IMG_0872.JPG,/Users/dominiklukes/Library/CloudStorage/OneDrive-Personal/Pictures/2025/07/03/250703-03 Jul - IMG_0872.jpg,250703-03 Jul - IMG_0872.jpg,IMG_0872,10290558,3ab079698abac7cd95c7f98313542db77d9d7cdc490e502ab380a14267196c85,yes,"Same IMG_#### token, same byte size, same SHA-256."
/Volumes/EOS_DIGITAL/DCIM/100CANON/IMG_0873.JPG,IMG_0873.JPG,/Users/dominiklukes/Library/CloudStorage/OneDrive-Personal/Pictures/2025/07/03/250703-03 Jul - IMG_0873.jpg,250703-03 Jul - IMG_0873.jpg,IMG_0873,6072643,50c71b22f0b6ac8fdbbe53ddfa4014b2901430c26fe7638e76a7c3c439010f66,yes,"Same IMG_#### token, same byte size, same SHA-256."
/Volumes/EOS_DIGITAL/DCIM/100CANON/IMG_0874.JPG,IMG_0874.JPG,/Users/dominiklukes/Library/CloudStorage/OneDrive-Personal/Pictures/2025/07/03/250703-03 Jul - IMG_0874.jpg,250703-03 Jul - IMG_0874.jpg,IMG_0874,6874389,86a16d92ec4a463437a984479c0a6bb41735c5917a66d65c22fcca77a6588745,yes,"Same IMG_#### token, same byte size, same SHA-256."
/Volumes/EOS_DIGITAL/DCIM/100CANON/IMG_0875.JPG,IMG_0875.JPG,/Users/dominiklukes/Library/CloudStorage/OneDrive-Personal/Pictures/2025/07/03/250703-03 Jul - IMG_0875.jpg,250703-03 Jul - IMG_0875.jpg,IMG_0875,7342381,dae3add9934589bc86a3493001879060aeed2ba91b68bc32b98dbd3684e84471,yes,"Same IMG_#### token, same byte size, same SHA-256."
/Volumes/EOS_DIGITAL/DCIM/100CANON/IMG_0876.JPG,IMG_0876.JPG,/Users/dominiklukes/Library/CloudStorage/OneDrive-Personal/Pictures/2025/07/03/250703-03 Jul - IMG_0876.jpg,250703-03 Jul - IMG_0876.jpg,IMG_0876,6225443,03dfdd7cca60bfcfed0969f4e2bfb4558984838f23267b46061d5cb34321372f,yes,"Same IMG_#### token, same byte size, same SHA-256."
/Volumes/EOS_DIGITAL/DCIM/100CANON/IMG_0877.JPG,IMG_0877.JPG,/Users/dominiklukes/Library/CloudStorage/OneDrive-Personal/Pictures/2025/07/03/250703-03 Jul - IMG_0877.jpg,250703-03 Jul - IMG_0877.jpg,IMG_0877,6087548,43abe280e402bd7ed6092f89e24c1abb675ccc9e3eb8300a409311c25f4a7514,yes,"Same IMG_#### token, same byte size, same SHA-256."
/Volumes/EOS_DIGITAL/DCIM/100CANON/IMG_0878.JPG,IMG_0878.JPG,/Users/dominiklukes/Library/CloudStorage/OneDrive-Personal/Pictures/2025/07/03/250703-03 Jul - IMG_0878.jpg,250703-03 Jul - IMG_0878.jpg,IMG_0878,6504267,c203b7212b50ffc8521067b9484d7c18c92d4c5b484561ad93647c39df107921,yes,"Same IMG_#### token, same byte size, same SHA-256."
/Volumes/EOS_DIGITAL/DCIM/100CANON/IMG_0879.JPG,IMG_0879.JPG,/Users/dominiklukes/Library/CloudStorage/OneDrive-Personal/Pictures/2025/07/03/250703-03 Jul - IMG_0879.jpg,250703-03 Jul - IMG_0879.jpg,IMG_0879,6553229,00568075b2202b0d2301d20f3dc274d713d6a32806b105d8d7c7ba4073798841,yes,"Same IMG_#### token, same byte size, same SHA-256."
/Volumes/EOS_DIGITAL/DCIM/100CANON/IMG_0880.JPG,IMG_0880.JPG,/Users/dominiklukes/Library/CloudStorage/OneDrive-Personal/Pictures/2025/07/03/250703-03 Jul - IMG_0880.jpg,250703-03 Jul - IMG_0880.jpg,IMG_0880,6584575,f2483054ec90879bb0a2422413d87896b8c98120219f86ee12d1e75f3970112c,yes,"Same IMG_#### token, same byte size, same SHA-256."
/Volumes/EOS_DIGITAL/DCIM/100CANON/IMG_0881.JPG,IMG_0881.JPG,/Users/dominiklukes/Library/CloudStorage/OneDrive-Personal/Pictures/2025/07/03/250703-03 Jul - IMG_0881.jpg,250703-03 Jul - IMG_0881.jpg,IMG_0881,6359410,b68e114e8f7c20ade295af55f97f04138ca9bab2bd8d6f01cdaa1c915aa15404,yes,"Same IMG_#### token, same byte size, same SHA-256."
/Volumes/EOS_DIGITAL/DCIM/100CANON/IMG_0882.JPG,IMG_0882.JPG,/Users/dominiklukes/Library/CloudStorage/OneDrive-Personal/Pictures/2025/07/03/250703-03 Jul - IMG_0882.jpg,250703-03 Jul - IMG_0882.jpg,IMG_0882,6622132,066aa04786296a502de29595d827e43220bec4980a75a835d79985e9100137ae,yes,"Same IMG_#### token, same byte size, same SHA-256."
/Volumes/EOS_DIGITAL/DCIM/100CANON/IMG_0883.JPG,IMG_0883.JPG,/Users/dominiklukes/Library/CloudStorage/OneDrive-Personal/Pictures/2025/07/03/250703-03 Jul - IMG_0883.jpg,250703-03 Jul - IMG_0883.jpg,IMG_0883,6254692,2ec4a8cc91cdd170154877591e14960373fa85dff57626fcfe5e07d5c9780715,yes,"Same IMG_#### token, same byte size, same SHA-256."
/Volumes/EOS_DIGITAL/DCIM/100CANON/IMG_0884.JPG,IMG_0884.JPG,/Users/dominiklukes/Library/CloudStorage/OneDrive-Personal/Pictures/2025/07/03/250703-03 Jul - IMG_0884.jpg,250703-03 Jul - IMG_0884.jpg,IMG_0884,6555995,aee72f52061df5cd5ffea1e6db8ff73034a612ebecb12dae467fc9d7d79996e5,yes,"Same IMG_#### token, same byte size, same SHA-256."
/Volumes/EOS_DIGITAL/DCIM/100CANON/IMG_0885.JPG,IMG_0885.JPG,/Users/dominiklukes/Library/CloudStorage/OneDrive-Personal/Pictures/2025/07/03/250703-03 Jul - IMG_0885.jpg,250703-03 Jul - IMG_0885.jpg,IMG_0885,6244373,c17646f54488dd6476038748aa36da7f7d6d6dcac3bfce41c27e153bb13ecdfc,yes,"Same IMG_#### token, same byte size, same SHA-256."
/Volumes/EOS_DIGITAL/DCIM/100CANON/IMG_0886.JPG,IMG_0886.JPG,/Users/dominiklukes/Library/CloudStorage/OneDrive-Personal/Pictures/2025/07/03/250703-03 Jul - IMG_0886.jpg,250703-03 Jul - IMG_0886.jpg,IMG_0886,6580259,66c10d57f08a839b09d0c4d09f2fd8d476dd0ea8b29b6ea8af4714e94db8b356,yes,"Same IMG_#### token, same byte size, same SHA-256."
/Volumes/EOS_DIGITAL/DCIM/100CANON/IMG_0887.JPG,IMG_0887.JPG,/Users/dominiklukes/Library/CloudStorage/OneDrive-Personal/Pictures/2025/07/03/250703-03 Jul - IMG_0887.jpg,250703-03 Jul - IMG_0887.jpg,IMG_0887,6521463,db1527c6e2bdc3d6bcdb31391e9dfcec62e36cf00514e488e9eb66faab6dce56,yes,"Same IMG_#### token, same byte size, same SHA-256."
/Volumes/EOS_DIGITAL/DCIM/100CANON/IMG_0888.JPG,IMG_0888.JPG,/Users/dominiklukes/Library/CloudStorage/OneDrive-Personal/Pictures/2025/07/03/250703-03 Jul - IMG_0888.jpg,250703-03 Jul - IMG_0888.jpg,IMG_0888,6097395,f6dff1fe1864fc0250c47707d8234dd44a288f032fd997a3beaaedf2328beb9e,yes,"Same IMG_#### token, same byte size, same SHA-256."
/Volumes/EOS_DIGITAL/DCIM/100CANON/IMG_0889.JPG,IMG_0889.JPG,/Users/dominiklukes/Library/CloudStorage/OneDrive-Personal/Pictures/2025/07/03/250703-03 Jul - IMG_0889.jpg,250703-03 Jul - IMG_0889.jpg,IMG_0889,6822540,0cc088427436e9653361c35896aa3c9b9be2ab216d10b5c13536ac5d9cdd0ac1,yes,"Same IMG_#### token, same byte size, same SHA-256."
/Volumes/EOS_DIGITAL/DCIM/100CANON/IMG_0890.JPG,IMG_0890.JPG,/Users/dominiklukes/Library/CloudStorage/OneDrive-Personal/Pictures/2025/07/03/250703-03 Jul - IMG_0890.jpg,250703-03 Jul - IMG_0890.jpg,IMG_0890,4620625,fcdfb9ab8d62030be54c5abadb47c90215a4f211f5caba1acc830301a1821718,yes,"Same IMG_#### token, same byte size, same SHA-256."
/Volumes/EOS_DIGITAL/DCIM/100CANON/IMG_0891.JPG,IMG_0891.JPG,/Users/dominiklukes/Library/CloudStorage/OneDrive-Personal/Pictures/2025/07/03/250703-03 Jul - IMG_0891.jpg,250703-03 Jul - IMG_0891.jpg,IMG_0891,4553369,c1847425223a701a14b74d1dd8192d107762cb40ecb365dd0fcd0879f4a7d036,yes,"Same IMG_#### token, same byte size, same SHA-256."
/Volumes/EOS_DIGITAL/DCIM/100CANON/IMG_0892.JPG,IMG_0892.JPG,/Users/dominiklukes/Library/CloudStorage/OneDrive-Personal/Pictures/2025/07/03/250703-03 Jul - IMG_0892.jpg,250703-03 Jul - IMG_0892.jpg,IMG_0892,5024755,a7506701a033992dbb346371e530d21c5579d6511d6eda12675eb3f07a1031dd,yes,"Same IMG_#### token, same byte size, same SHA-256."
/Volumes/EOS_DIGITAL/DCIM/100CANON/IMG_0893.JPG,IMG_0893.JPG,/Users/dominiklukes/Library/CloudStorage/OneDrive-Personal/Pictures/2025/07/03/250703-03 Jul - IMG_0893.jpg,250703-03 Jul - IMG_0893.jpg,IMG_0893,5173316,5dde97c6614bc958805ecb93966c3b69f402a7ca88e318bdc94a8adc00629182,yes,"Same IMG_#### token, same byte size, same SHA-256."
/Volumes/EOS_DIGITAL/DCIM/100CANON/IMG_0894.JPG,IMG_0894.JPG,/Users/dominiklukes/Library/CloudStorage/OneDrive-Personal/Pictures/2025/07/03/250703-03 Jul - IMG_0894.jpg,250703-03 Jul - IMG_0894.jpg,IMG_0894,5147429,b8aacc4cf64b1ab69a725bc82873641c8f0780b1a2697f5db6bba7fe32265aff,yes,"Same IMG_#### token, same byte size, same SHA-256."
/Volumes/EOS_DIGITAL/DCIM/100CANON/IMG_0895.JPG,IMG_0895.JPG,/Users/dominiklukes/Library/CloudStorage/OneDrive-Personal/Pictures/2025/07/03/250703-03 Jul - IMG_0895.jpg,250703-03 Jul - IMG_0895.jpg,IMG_0895,5529508,94c2ba815ae039f6cbd7e92470e5dbbf56acd389098fed1c5f232d79fb51b0d1,yes,"Same IMG_#### token, same byte size, same SHA-256."
/Volumes/EOS_DIGITAL/DCIM/100CANON/IMG_0896.JPG,IMG_0896.JPG,/Users/dominiklukes/Library/CloudStorage/OneDrive-Personal/Pictures/2025/07/03/250703-03 Jul - IMG_0896.jpg,250703-03 Jul - IMG_0896.jpg,IMG_0896,6254325,6c0fffa63aa60d76fd705d9a1756904651248d69b3042955084315126e8e3821,yes,"Same IMG_#### token, same byte size, same SHA-256."
/Volumes/EOS_DIGITAL/DCIM/100CANON/IMG_0897.JPG,IMG_0897.JPG,/Users/dominiklukes/Library/CloudStorage/OneDrive-Personal/Pictures/2025/07/03/250703-03 Jul - IMG_0897.jpg,250703-03 Jul - IMG_0897.jpg,IMG_0897,6901046,337b063ba766aa73186be72e0569c339a12b89465bccff7a1932a47c2e58cfa6,yes,"Same IMG_#### token, same byte size, same SHA-256."
/Volumes/EOS_DIGITAL/DCIM/100CANON/IMG_0898.JPG,IMG_0898.JPG,/Users/dominiklukes/Library/CloudStorage/OneDrive-Personal/Pictures/2025/07/03/250703-03 Jul - IMG_0898.jpg,250703-03 Jul - IMG_0898.jpg,IMG_0898,7192871,7cb1b3701808cf71f5833797a0fc47fa22e001777d95c7fc0d2b3482ff1c2ee1,yes,"Same IMG_#### token, same byte size, same SHA-256."
/Volumes/EOS_DIGITAL/DCIM/100CANON/IMG_0899.JPG,IMG_0899.JPG,/Users/dominiklukes/Library/CloudStorage/OneDrive-Personal/Pictures/2025/07/03/250703-03 Jul - IMG_0899.jpg,250703-03 Jul - IMG_0899.jpg,IMG_0899,6136092,e1a73174866f208e5a278353b71895674f3768004397caa87a3c01d03fba949a,yes,"Same IMG_#### token, same byte size, same SHA-256."
/Volumes/EOS_DIGITAL/DCIM/100CANON/IMG_0900.JPG,IMG_0900.JPG,/Users/dominiklukes/Library/CloudStorage/OneDrive-Personal/Pictures/2025/07/03/250703-03 Jul - IMG_0900.jpg,250703-03 Jul - IMG_0900.jpg,IMG_0900,6083360,0bcf8acb10624499feb8096147e8246bd0a0bcbc59c0a0b6808da9cfeb415c67,yes,"Same IMG_#### token, same byte size, same SHA-256."
/Volumes/EOS_DIGITAL/DCIM/100CANON/IMG_0901.JPG,IMG_0901.JPG,/Users/dominiklukes/Library/CloudStorage/OneDrive-Personal/Pictures/2025/07/03/250703-03 Jul - IMG_0901.jpg,250703-03 Jul - IMG_0901.jpg,IMG_0901,6503556,ef767fb7f67ffce260ce8963626a457de44a8d67d17a7650c97b4486a3e0a804,yes,"Same IMG_#### token, same byte size, same SHA-256."
/Volumes/EOS_DIGITAL/DCIM/100CANON/IMG_0902.JPG,IMG_0902.JPG,/Users/dominiklukes/Library/CloudStorage/OneDrive-Personal/Pictures/2025/07/03/250703-03 Jul - IMG_0902.jpg,250703-03 Jul - IMG_0902.jpg,IMG_0902,8397169,f15ffa637a96077ee15d5647253350b57bff348be9f8eea0b4d8c10c49c20eb3,yes,"Same IMG_#### token, same byte size, same SHA-256."
/Volumes/EOS_DIGITAL/DCIM/100CANON/IMG_0903.JPG,IMG_0903.JPG,/Users/dominiklukes/Library/CloudStorage/OneDrive-Personal/Pictures/2025/07/03/250703-03 Jul - IMG_0903.jpg,250703-03 Jul - IMG_0903.jpg,IMG_0903,8417586,f9388bf20c33136e2569a8f1acf34f9cf95f790d2bf6a98d1ba90d5bcba50b3c,yes,"Same IMG_#### token, same byte size, same SHA-256."
/Volumes/EOS_DIGITAL/DCIM/100CANON/IMG_0904.JPG,IMG_0904.JPG,/Users/dominiklukes/Library/CloudStorage/OneDrive-Personal/Pictures/2025/07/03/250703-03 Jul - IMG_0904.jpg,250703-03 Jul - IMG_0904.jpg,IMG_0904,6453913,e5ddb299d2955e37a1768d46faf60d09a8e1eb7508da35b093df2d3b258f8e71,yes,"Same IMG_#### token, same byte size, same SHA-256."
/Volumes/EOS_DIGITAL/DCIM/100CANON/IMG_0905.JPG,IMG_0905.JPG,/Users/dominiklukes/Library/CloudStorage/OneDrive-Personal/Pictures/2025/07/03/250703-03 Jul - IMG_0905.jpg,250703-03 Jul - IMG_0905.jpg,IMG_0905,6500897,96f34f920563546e81c99aa1bd727b0a26151c5cde1048a73caecc9cb429d857,yes,"Same IMG_#### token, same byte size, same SHA-256."
/Volumes/EOS_DIGITAL/DCIM/100CANON/IMG_0906.JPG,IMG_0906.JPG,/Users/dominiklukes/Library/CloudStorage/OneDrive-Personal/Pictures/2025/07/03/250703-03 Jul - IMG_0906.jpg,250703-03 Jul - IMG_0906.jpg,IMG_0906,6307486,a1bb2786e8cfd27bd0beb0eb9593e72eede1f957a784c4275551528839548725,yes,"Same IMG_#### token, same byte size, same SHA-256."
/Volumes/EOS_DIGITAL/DCIM/100CANON/IMG_0907.JPG,IMG_0907.JPG,/Users/dominiklukes/Library/CloudStorage/OneDrive-Personal/Pictures/2025/07/03/250703-03 Jul - IMG_0907.jpg,250703-03 Jul - IMG_0907.jpg,IMG_0907,5853534,78508177da5e340c54e0daa0e05118aa3031f76f67ebbfd0583bcb99aa948ece,yes,"Same IMG_#### token, same byte size, same SHA-256."
/Volumes/EOS_DIGITAL/DCIM/100CANON/IMG_0908.JPG,IMG_0908.JPG,/Users/dominiklukes/Library/CloudStorage/OneDrive-Personal/Pictures/2025/07/03/250703-03 Jul - IMG_0908.jpg,250703-03 Jul - IMG_0908.jpg,IMG_0908,7280927,49108d8eb71a92b42a201637994bdae25c3d11ffc5f25c6d3d99a775d53512e8,yes,"Same IMG_#### token, same byte size, same SHA-256."
/Volumes/EOS_DIGITAL/DCIM/100CANON/IMG_0909.JPG,IMG_0909.JPG,/Users/dominiklukes/Library/CloudStorage/OneDrive-Personal/Pictures/2025/07/03/250703-03 Jul - IMG_0909.jpg,250703-03 Jul - IMG_0909.jpg,IMG_0909,7410618,31e15c8d2978707b838fcd4f8c4ffe2a996e8348c84ba0a7621ca276da160ed8,yes,"Same IMG_#### token, same byte size, same SHA-256."
/Volumes/EOS_DIGITAL/DCIM/100CANON/IMG_0910.JPG,IMG_0910.JPG,/Users/dominiklukes/Library/CloudStorage/OneDrive-Personal/Pictures/2025/07/03/250703-03 Jul - IMG_0910.jpg,250703-03 Jul - IMG_0910.jpg,IMG_0910,5779822,e4bc0f3f5f521b55a42dfc559587e03eac5ce26043f989a7bcb3123dd8b8ffbe,yes,"Same IMG_#### token, same byte size, same SHA-256."
/Volumes/EOS_DIGITAL/DCIM/100CANON/IMG_0911.JPG,IMG_0911.JPG,/Users/dominiklukes/Library/CloudStorage/OneDrive-Personal/Pictures/2025/07/03/250703-03 Jul - IMG_0911.jpg,250703-03 Jul - IMG_0911.jpg,IMG_0911,4893633,e6646cfc3cc9eb3fad7ce29ef189fb38ce3f1f24fd2152c1b7c826a5418eff42,yes,"Same IMG_#### token, same byte size, same SHA-256."
/Volumes/EOS_DIGITAL/DCIM/100CANON/IMG_0912.JPG,IMG_0912.JPG,/Users/dominiklukes/Library/CloudStorage/OneDrive-Personal/Pictures/2025/07/03/250703-03 Jul - IMG_0912.jpg,250703-03 Jul - IMG_0912.jpg,IMG_0912,5153333,9c51d09f3d6f94483d0ad01922e753252554c346515cd7d294e86fffe4b7b9b9,yes,"Same IMG_#### token, same byte size, same SHA-256."
/Volumes/EOS_DIGITAL/DCIM/100CANON/IMG_0913.JPG,IMG_0913.JPG,/Users/dominiklukes/Library/CloudStorage/OneDrive-Personal/Pictures/2025/07/03/250703-03 Jul - IMG_0913.jpg,250703-03 Jul - IMG_0913.jpg,IMG_0913,6395171,8b315152bf6f4777f2f292d480eca44335f8451462f10aafd2db936d45bab11c,yes,"Same IMG_#### token, same byte size, same SHA-256."
/Volumes/EOS_DIGITAL/DCIM/100CANON/IMG_0914.JPG,IMG_0914.JPG,/Users/dominiklukes/Library/CloudStorage/OneDrive-Personal/Pictures/2025/07/03/250703-03 Jul - IMG_0914.jpg,250703-03 Jul - IMG_0914.jpg,IMG_0914,6497707,bc38bec04305d920f38ab8da0f4f1d598667605797048e5e65093f894fbb63c0,yes,"Same IMG_#### token, same byte size, same SHA-256."
/Volumes/EOS_DIGITAL/DCIM/100CANON/IMG_0915.JPG,IMG_0915.JPG,/Users/dominiklukes/Library/CloudStorage/OneDrive-Personal/Pictures/2025/07/03/250703-03 Jul - IMG_0915.jpg,250703-03 Jul - IMG_0915.jpg,IMG_0915,8445588,38ca846747c6a0cf5bd386b7d4586a2c382ca931230b2ddb8c2c480d24dc9891,yes,"Same IMG_#### token, same byte size, same SHA-256."
/Volumes/EOS_DIGITAL/DCIM/100CANON/IMG_0916.JPG,IMG_0916.JPG,/Users/dominiklukes/Library/CloudStorage/OneDrive-Personal/Pictures/2025/07/03/250703-03 Jul - IMG_0916.jpg,250703-03 Jul - IMG_0916.jpg,IMG_0916,8435645,ed950fe2991a5deb8c1e365339bc445ef11ff395c3afe3d52edb432d4f52baab,yes,"Same IMG_#### token, same byte size, same SHA-256."
/Volumes/EOS_DIGITAL/DCIM/100CANON/IMG_0917.JPG,IMG_0917.JPG,/Users/dominiklukes/Library/CloudStorage/OneDrive-Personal/Pictures/2025/07/03/250703-03 Jul - IMG_0917.jpg,250703-03 Jul - IMG_0917.jpg,IMG_0917,7448314,5f612dab4ae0b2778696a3db0188da8328d9052bfe1c3ac052b2196993439276,yes,"Same IMG_#### token, same byte size, same SHA-256."
/Volumes/EOS_DIGITAL/DCIM/100CANON/IMG_0918.JPG,IMG_0918.JPG,/Users/dominiklukes/Library/CloudStorage/OneDrive-Personal/Pictures/2025/07/03/250703-03 Jul - IMG_0918.jpg,250703-03 Jul - IMG_0918.jpg,IMG_0918,8820231,965f71176a1f2f2a335bd66823d90f43b4e868ee3fad6b19a42e439144d5c36a,yes,"Same IMG_#### token, same byte size, same SHA-256."
/Volumes/EOS_DIGITAL/DCIM/100CANON/IMG_0919.JPG,IMG_0919.JPG,/Users/dominiklukes/Library/CloudStorage/OneDrive-Personal/Pictures/2025/07/03/250703-03 Jul - IMG_0919.jpg,250703-03 Jul - IMG_0919.jpg,IMG_0919,5751986,ce7d58a2414f7e4733160de4a966e56362b058c73f0d8a88a1e55cea4f482794,yes,"Same IMG_#### token, same byte size, same SHA-256."
/Volumes/EOS_DIGITAL/DCIM/100CANON/IMG_0920.JPG,IMG_0920.JPG,/Users/dominiklukes/Library/CloudStorage/OneDrive-Personal/Pictures/2025/07/03/250703-03 Jul - IMG_0920.jpg,250703-03 Jul - IMG_0920.jpg,IMG_0920,5695305,b83d5b210cf9157e3c374b5148a857048192b96008a9d46b3c8810493d7b9758,yes,"Same IMG_#### token, same byte size, same SHA-256."
/Volumes/EOS_DIGITAL/DCIM/100CANON/IMG_0921.JPG,IMG_0921.JPG,/Users/dominiklukes/Library/CloudStorage/OneDrive-Personal/Pictures/2025/07/03/250703-03 Jul - IMG_0921.jpg,250703-03 Jul - IMG_0921.jpg,IMG_0921,5287723,63bdadffdf69cb2c2ac68cad96176169058ca49a0a0ef733803716ac053621dc,yes,"Same IMG_#### token, same byte size, same SHA-256."
/Volumes/EOS_DIGITAL/DCIM/100CANON/IMG_0922.JPG,IMG_0922.JPG,/Users/dominiklukes/Library/CloudStorage/OneDrive-Personal/Pictures/2025/07/03/250703-03 Jul - IMG_0922.jpg,250703-03 Jul - IMG_0922.jpg,IMG_0922,5329183,3647d7156f5f6f802c5f18ce9072758a8b709e9fe1a2761423906c74d7668704,yes,"Same IMG_#### token, same byte size, same SHA-256."
/Volumes/EOS_DIGITAL/DCIM/100CANON/IMG_0923.JPG,IMG_0923.JPG,/Users/dominiklukes/Library/CloudStorage/OneDrive-Personal/Pictures/2025/07/03/250703-03 Jul - IMG_0923.jpg,250703-03 Jul - IMG_0923.jpg,IMG_0923,5113903,06eb2d40354e84d3065eed1e6494544dd6bee86dc7efef5755b132ab9102c352,yes,"Same IMG_#### token, same byte size, same SHA-256."
/Volumes/EOS_DIGITAL/DCIM/100CANON/IMG_0924.JPG,IMG_0924.JPG,/Users/dominiklukes/Library/CloudStorage/OneDrive-Personal/Pictures/2025/07/03/250703-03 Jul - IMG_0924.jpg,250703-03 Jul - IMG_0924.jpg,IMG_0924,5090135,30a22ad6dae5b8409a738632e15e20dccb188451fe2e18f1179de4a32fc8b45f,yes,"Same IMG_#### token, same byte size, same SHA-256."
/Volumes/EOS_DIGITAL/DCIM/100CANON/IMG_0925.JPG,IMG_0925.JPG,/Users/dominiklukes/Library/CloudStorage/OneDrive-Personal/Pictures/2025/07/03/250703-03 Jul - IMG_0925.jpg,250703-03 Jul - IMG_0925.jpg,IMG_0925,10146963,4a8c2e3a7aff84ab79f59e0aeb9e91392385509a1771131afa9c0a112ac91314,yes,"Same IMG_#### token, same byte size, same SHA-256."
/Volumes/EOS_DIGITAL/DCIM/100CANON/IMG_0926.JPG,IMG_0926.JPG,/Users/dominiklukes/Library/CloudStorage/OneDrive-Personal/Pictures/2025/07/03/250703-03 Jul - IMG_0926.jpg,250703-03 Jul - IMG_0926.jpg,IMG_0926,9889505,a2bbc856eeda421a5e103a3fdebd186f581eaae983a691dad794d09355c9240a,yes,"Same IMG_#### token, same byte size, same SHA-256."
/Volumes/EOS_DIGITAL/DCIM/100CANON/IMG_0927.JPG,IMG_0927.JPG,/Users/dominiklukes/Library/CloudStorage/OneDrive-Personal/Pictures/2025/07/03/250703-03 Jul - IMG_0927.jpg,250703-03 Jul - IMG_0927.jpg,IMG_0927,9463006,7f5e407ea37be5661fd0513bef6623ff90ade4532d10e6f20e4ac2f4448ff75d,yes,"Same IMG_#### token, same byte size, same SHA-256."
/Volumes/EOS_DIGITAL/DCIM/100CANON/IMG_0928.JPG,IMG_0928.JPG,/Users/dominiklukes/Library/CloudStorage/OneDrive-Personal/Pictures/2025/07/03/250703-03 Jul - IMG_0928.jpg,250703-03 Jul - IMG_0928.jpg,IMG_0928,10099455,96c5bbb2e4cf0432006d2f3582bfa1007a07311fb23bbbd13c4cc4df8585d125,yes,"Same IMG_#### token, same byte size, same SHA-256."
/Volumes/EOS_DIGITAL/DCIM/100CANON/IMG_0929.JPG,IMG_0929.JPG,/Users/dominiklukes/Library/CloudStorage/OneDrive-Personal/Pictures/2025/07/03/250703-03 Jul - IMG_0929.jpg,250703-03 Jul - IMG_0929.jpg,IMG_0929,8967275,ba8b45289346d44b81d8843e57c3dd1fabc981a15b296ea7e521537f35781a69,yes,"Same IMG_#### token, same byte size, same SHA-256."
/Volumes/EOS_DIGITAL/DCIM/100CANON/IMG_0930.JPG,IMG_0930.JPG,/Users/dominiklukes/Library/CloudStorage/OneDrive-Personal/Pictures/2025/07/03/250703-03 Jul - IMG_0930.jpg,250703-03 Jul - IMG_0930.jpg,IMG_0930,8732388,1ef72eb63d1d09a90eeaf8244f3ba415e0ba2e406036925968cb5949da2ebcc1,yes,"Same IMG_#### token, same byte size, same SHA-256."
/Volumes/EOS_DIGITAL/DCIM/100CANON/IMG_0931.JPG,IMG_0931.JPG,/Users/dominiklukes/Library/CloudStorage/OneDrive-Personal/Pictures/2025/07/03/250703-03 Jul - IMG_0931.jpg,250703-03 Jul - IMG_0931.jpg,IMG_0931,6363647,dd42ad115e54b8736c6ea3e8ae74d7b9b8ad72fd8e1a67fec74878ce78a6e255,yes,"Same IMG_#### token, same byte size, same SHA-256."
/Volumes/EOS_DIGITAL/DCIM/100CANON/IMG_0932.JPG,IMG_0932.JPG,/Users/dominiklukes/Library/CloudStorage/OneDrive-Personal/Pictures/2025/07/03/250703-03 Jul - IMG_0932.jpg,250703-03 Jul - IMG_0932.jpg,IMG_0932,10860114,2318209d612574c586e1c6d8450082cfa5d5d6a8d8f515faff37e577d41c85cd,yes,"Same IMG_#### token, same byte size, same SHA-256."
/Volumes/EOS_DIGITAL/DCIM/100CANON/IMG_0933.JPG,IMG_0933.JPG,/Users/dominiklukes/Library/CloudStorage/OneDrive-Personal/Pictures/2025/07/03/250703-03 Jul - IMG_0933.jpg,250703-03 Jul - IMG_0933.jpg,IMG_0933,9962183,885cfa78f7415fb9df25dac751e3a7f484d0d2dc332798a6a0bb0b6b4ce3babb,yes,"Same IMG_#### token, same byte size, same SHA-256."
/Volumes/EOS_DIGITAL/DCIM/100CANON/IMG_0934.JPG,IMG_0934.JPG,/Users/dominiklukes/Library/CloudStorage/OneDrive-Personal/Pictures/2025/07/03/250703-03 Jul - IMG_0934.jpg,250703-03 Jul - IMG_0934.jpg,IMG_0934,8723755,b6d6b8aa9a4c1067b557f3345c73604ef43d452875ffd5754b9081463eecbdca,yes,"Same IMG_#### token, same byte size, same SHA-256."
/Volumes/EOS_DIGITAL/DCIM/100CANON/IMG_0935.JPG,IMG_0935.JPG,/Users/dominiklukes/Library/CloudStorage/OneDrive-Personal/Pictures/2025/07/03/250703-03 Jul - IMG_0935.jpg,250703-03 Jul - IMG_0935.jpg,IMG_0935,8733382,562f22baaadd71c3a2d2c44845b835e448f2250c8f67d2cb61ebdaf14599f7ce,yes,"Same IMG_#### token, same byte size, same SHA-256."
/Volumes/EOS_DIGITAL/DCIM/100CANON/IMG_0936.JPG,IMG_0936.JPG,/Users/dominiklukes/Library/CloudStorage/OneDrive-Personal/Pictures/2025/07/03/250703-03 Jul - IMG_0936.jpg,250703-03 Jul - IMG_0936.jpg,IMG_0936,9146821,3a6cefe4b17aa02aaafa1f3cb5c900fb2194df7dea3beead236b93bac27c574f,yes,"Same IMG_#### token, same byte size, same SHA-256."
/Volumes/EOS_DIGITAL/DCIM/100CANON/IMG_0937.JPG,IMG_0937.JPG,/Users/dominiklukes/Library/CloudStorage/OneDrive-Personal/Pictures/2025/07/03/250703-03 Jul - IMG_0937.jpg,250703-03 Jul - IMG_0937.jpg,IMG_0937,9583925,77064d869f4883817e7de287d2f189bb47287b472ab0b6003aa77265354311a0,yes,"Same IMG_#### token, same byte size, same SHA-256."
/Volumes/EOS_DIGITAL/DCIM/100CANON/IMG_0938.JPG,IMG_0938.JPG,/Users/dominiklukes/Library/CloudStorage/OneDrive-Personal/Pictures/2025/07/03/250703-03 Jul - IMG_0938.jpg,250703-03 Jul - IMG_0938.jpg,IMG_0938,10702069,4c4204efafcbeb086cde0af46b376446ed2bc302ca98917b0cf9cb77ec1501df,yes,"Same IMG_#### token, same byte size, same SHA-256."
/Volumes/EOS_DIGITAL/DCIM/100CANON/IMG_0939.JPG,IMG_0939.JPG,/Users/dominiklukes/Library/CloudStorage/OneDrive-Personal/Pictures/2025/07/03/250703-03 Jul - IMG_0939.jpg,250703-03 Jul - IMG_0939.jpg,IMG_0939,9759037,1c5d07eb5a479def466ebe1c4043b9107555a2b488ecea8fede754bbccb14c05,yes,"Same IMG_#### token, same byte size, same SHA-256."
/Volumes/EOS_DIGITAL/DCIM/100CANON/IMG_0940.JPG,IMG_0940.JPG,/Users/dominiklukes/Library/CloudStorage/OneDrive-Personal/Pictures/2025/07/03/250703-03 Jul - IMG_0940.jpg,250703-03 Jul - IMG_0940.jpg,IMG_0940,8231356,b58ae7c0cea7a3bf8f95d65490d46745b4332df924c699d21b9105a13e1dec49,yes,"Same IMG_#### token, same byte size, same SHA-256."
/Volumes/EOS_DIGITAL/DCIM/100CANON/IMG_0941.JPG,IMG_0941.JPG,/Users/dominiklukes/Library/CloudStorage/OneDrive-Personal/Pictures/2025/07/03/250703-03 Jul - IMG_0941.jpg,250703-03 Jul - IMG_0941.jpg,IMG_0941,10220068,aab1edf72e9cf424c7b786e6d6e401da4b776e18c9a33d6acb30771e47bf9427,yes,"Same IMG_#### token, same byte size, same SHA-256."
/Volumes/EOS_DIGITAL/DCIM/100CANON/IMG_0942.JPG,IMG_0942.JPG,/Users/dominiklukes/Library/CloudStorage/OneDrive-Personal/Pictures/2025/07/03/250703-03 Jul - IMG_0942.jpg,250703-03 Jul - IMG_0942.jpg,IMG_0942,9488165,390b6b938061e493dd854a01884fd44443c45c1768147124d9c0575b5ad5b2db,yes,"Same IMG_#### token, same byte size, same SHA-256."
/Volumes/EOS_DIGITAL/DCIM/100CANON/IMG_0943.JPG,IMG_0943.JPG,/Users/dominiklukes/Library/CloudStorage/OneDrive-Personal/Pictures/2025/07/03/250703-03 Jul - IMG_0943.jpg,250703-03 Jul - IMG_0943.jpg,IMG_0943,8497977,e1ba7980846cf30682a7240b155d5a4bfb9999fb5da301c27fc415d91c2d5df1,yes,"Same IMG_#### token, same byte size, same SHA-256."
/Volumes/EOS_DIGITAL/DCIM/100CANON/IMG_0944.JPG,IMG_0944.JPG,/Users/dominiklukes/Library/CloudStorage/OneDrive-Personal/Pictures/2025/07/03/250703-03 Jul - IMG_0944.jpg,250703-03 Jul - IMG_0944.jpg,IMG_0944,8931770,7ad4d13072e14a593250408a95101be987f549ee5c464152ac731243514f1bff,yes,"Same IMG_#### token, same byte size, same SHA-256."
/Volumes/EOS_DIGITAL/DCIM/100CANON/IMG_0945.JPG,IMG_0945.JPG,/Users/dominiklukes/Library/CloudStorage/OneDrive-Personal/Pictures/2025/07/03/250703-03 Jul - IMG_0945.jpg,250703-03 Jul - IMG_0945.jpg,IMG_0945,8733876,878beab6df4318634d526d5675349c81dd1dc769ac5e055146a5e15941469333,yes,"Same IMG_#### token, same byte size, same SHA-256."
/Volumes/EOS_DIGITAL/DCIM/100CANON/IMG_0946.JPG,IMG_0946.JPG,/Users/dominiklukes/Library/CloudStorage/OneDrive-Personal/Pictures/2025/07/03/250703-03 Jul - IMG_0946.jpg,250703-03 Jul - IMG_0946.jpg,IMG_0946,8893414,4de6090da89b8209b9bcb55751a501d4a2afdc808c147be882be28d8170d3107,yes,"Same IMG_#### token, same byte size, same SHA-256."
/Volumes/EOS_DIGITAL/DCIM/100CANON/IMG_0947.JPG,IMG_0947.JPG,/Users/dominiklukes/Library/CloudStorage/OneDrive-Personal/Pictures/2025/07/03/250703-03 Jul - IMG_0947.jpg,250703-03 Jul - IMG_0947.jpg,IMG_0947,9194577,f448029942dac1757c8e42e37fb93531f58b169ba443f924f92d10b606443b7b,yes,"Same IMG_#### token, same byte size, same SHA-256."
/Volumes/EOS_DIGITAL/DCIM/100CANON/IMG_0948.JPG,IMG_0948.JPG,/Users/dominiklukes/Library/CloudStorage/OneDrive-Personal/Pictures/2025/07/03/250703-03 Jul - IMG_0948.jpg,250703-03 Jul - IMG_0948.jpg,IMG_0948,5397338,38f6f779ca534703d52672a3bde7d0cb7163ca2a32d03981a069a019f1fa8411,yes,"Same IMG_#### token, same byte size, same SHA-256."
/Volumes/EOS_DIGITAL/DCIM/100CANON/IMG_0949.JPG,IMG_0949.JPG,/Users/dominiklukes/Library/CloudStorage/OneDrive-Personal/Pictures/2025/07/03/250703-03 Jul - IMG_0949.jpg,250703-03 Jul - IMG_0949.jpg,IMG_0949,5127948,eefcd83a33048bb5221b36e25ebe9a590792516f5e4cef7c45ff4425de71521a,yes,"Same IMG_#### token, same byte size, same SHA-256."
/Volumes/EOS_DIGITAL/DCIM/100CANON/IMG_0950.JPG,IMG_0950.JPG,/Users/dominiklukes/Library/CloudStorage/OneDrive-Personal/Pictures/2025/07/03/250703-03 Jul - IMG_0950.jpg,250703-03 Jul - IMG_0950.jpg,IMG_0950,5403220,941ee92fd17af36568026b454258ce270b0f10ce68e1553ec2132197f9a53e08,yes,"Same IMG_#### token, same byte size, same SHA-256."
/Volumes/EOS_DIGITAL/DCIM/100CANON/IMG_0951.JPG,IMG_0951.JPG,/Users/dominiklukes/Library/CloudStorage/OneDrive-Personal/Pictures/2025/07/03/250703-03 Jul - IMG_0951.jpg,250703-03 Jul - IMG_0951.jpg,IMG_0951,5974754,8eff22952f8436a0b134a1e22f3200f29cf1885e386aa2f892c9997ce006d236,yes,"Same IMG_#### token, same byte size, same SHA-256."
/Volumes/EOS_DIGITAL/DCIM/100CANON/IMG_0952.JPG,IMG_0952.JPG,/Users/dominiklukes/Library/CloudStorage/OneDrive-Personal/Pictures/2025/07/03/250703-03 Jul - IMG_0952.jpg,250703-03 Jul - IMG_0952.jpg,IMG_0952,9370581,a745aa972b99bd57cce19210cefe59b1dd1a29bd74fb32cf8ae572407fe979be,yes,"Same IMG_#### token, same byte size, same SHA-256."
/Volumes/EOS_DIGITAL/DCIM/100CANON/IMG_0953.JPG,IMG_0953.JPG,/Users/dominiklukes/Library/CloudStorage/OneDrive-Personal/Pictures/2025/07/03/250703-03 Jul - IMG_0953.jpg,250703-03 Jul - IMG_0953.jpg,IMG_0953,7346864,cf9eb5eb69337a2254473f97957388a0cdfc4647a21c0ad55aa2a9290975f949,yes,"Same IMG_#### token, same byte size, same SHA-256."
/Volumes/EOS_DIGITAL/DCIM/100CANON/IMG_0954.JPG,IMG_0954.JPG,/Users/dominiklukes/Library/CloudStorage/OneDrive-Personal/Pictures/2025/07/03/250703-03 Jul - IMG_0954.jpg,250703-03 Jul - IMG_0954.jpg,IMG_0954,5974634,daea2230577e3c6ec5428473b6243beb4f8516fb66b18c51cfeebf1f54a22b6e,yes,"Same IMG_#### token, same byte size, same SHA-256."
/Volumes/EOS_DIGITAL/DCIM/100CANON/IMG_0955.JPG,IMG_0955.JPG,/Users/dominiklukes/Library/CloudStorage/OneDrive-Personal/Pictures/2025/07/03/250703-03 Jul - IMG_0955.jpg,250703-03 Jul - IMG_0955.jpg,IMG_0955,5239189,6d3f69148b40464728f2a1cd609de7326ed4d7c7518b96a82c57b1b4d5d4ce41,yes,"Same IMG_#### token, same byte size, same SHA-256."
/Volumes/EOS_DIGITAL/DCIM/100CANON/IMG_0956.JPG,IMG_0956.JPG,/Users/dominiklukes/Library/CloudStorage/OneDrive-Personal/Pictures/2025/07/03/250703-03 Jul - IMG_0956.jpg,250703-03 Jul - IMG_0956.jpg,IMG_0956,4600611,6cb2b2a9e95861244ca2819a30a067a24cc5ced2c974e6343f6068f638fb3586,yes,"Same IMG_#### token, same byte size, same SHA-256."
/Volumes/EOS_DIGITAL/DCIM/100CANON/IMG_0957.JPG,IMG_0957.JPG,/Users/dominiklukes/Library/CloudStorage/OneDrive-Personal/Pictures/2025/07/03/250703-03 Jul - IMG_0957.jpg,250703-03 Jul - IMG_0957.jpg,IMG_0957,4684370,475383f4bc60831ea996e1e9ab60364068d13233e9c8cd59a03393a0835ed300,yes,"Same IMG_#### token, same byte size, same SHA-256."
/Volumes/EOS_DIGITAL/DCIM/100CANON/IMG_0958.JPG,IMG_0958.JPG,/Users/dominiklukes/Library/CloudStorage/OneDrive-Personal/Pictures/2025/07/03/250703-03 Jul - IMG_0958.jpg,250703-03 Jul - IMG_0958.jpg,IMG_0958,5131621,536cdefe11a15f52734bfc286f278eb96b4145e1af03d6a82a828f9277e58121,yes,"Same IMG_#### token, same byte size, same SHA-256."
/Volumes/EOS_DIGITAL/DCIM/100CANON/IMG_0959.JPG,IMG_0959.JPG,/Users/dominiklukes/Library/CloudStorage/OneDrive-Personal/Pictures/2025/07/03/250703-03 Jul - IMG_0959.jpg,250703-03 Jul - IMG_0959.jpg,IMG_0959,5571196,d711a5baf40aa881be8bb308bf94254d63bf6cb0561ed53ad425b01389a499ef,yes,"Same IMG_#### token, same byte size, same SHA-256."
/Volumes/EOS_DIGITAL/DCIM/100CANON/IMG_0960.JPG,IMG_0960.JPG,/Users/dominiklukes/Library/CloudStorage/OneDrive-Personal/Pictures/2025/07/03/250703-03 Jul - IMG_0960.jpg,250703-03 Jul - IMG_0960.jpg,IMG_0960,4656863,e7c956ccf70210679b4921e636fce1bc1da944b0471d19f4cd2b4dd1598ec054,yes,"Same IMG_#### token, same byte size, same SHA-256."
/Volumes/EOS_DIGITAL/DCIM/100CANON/IMG_0961.JPG,IMG_0961.JPG,/Users/dominiklukes/Library/CloudStorage/OneDrive-Personal/Pictures/2025/07/03/250703-03 Jul - IMG_0961.jpg,250703-03 Jul - IMG_0961.jpg,IMG_0961,4005076,a409a2b93613f340ba1382dd5ab088776091dba3d2233eae1b9802b4204e8890,yes,"Same IMG_#### token, same byte size, same SHA-256."
/Volumes/EOS_DIGITAL/DCIM/100CANON/IMG_0962.JPG,IMG_0962.JPG,/Users/dominiklukes/Library/CloudStorage/OneDrive-Personal/Pictures/2025/07/03/250703-03 Jul - IMG_0962.jpg,250703-03 Jul - IMG_0962.jpg,IMG_0962,3927896,b9f85fe4de3acb33d06ba394cf0882d0d25a3a6129852c2b340586346b4a0259,yes,"Same IMG_#### token, same byte size, same SHA-256."
/Volumes/EOS_DIGITAL/DCIM/100CANON/IMG_0963.JPG,IMG_0963.JPG,/Users/dominiklukes/Library/CloudStorage/OneDrive-Personal/Pictures/2025/07/03/250703-03 Jul - IMG_0963.jpg,250703-03 Jul - IMG_0963.jpg,IMG_0963,3899232,b7a34c1447680d2aa08a0a5bccc87c92ea0041f303cc91bd1d76493fd5ee371a,yes,"Same IMG_#### token, same byte size, same SHA-256."
/Volumes/EOS_DIGITAL/DCIM/100CANON/IMG_0964.JPG,IMG_0964.JPG,/Users/dominiklukes/Library/CloudStorage/OneDrive-Personal/Pictures/2025/07/03/250703-03 Jul - IMG_0964.jpg,250703-03 Jul - IMG_0964.jpg,IMG_0964,3887621,21065ebd91686bf4e3d4b338ee8e65942b9552b231407f1daa0d0cde4029013e,yes,"Same IMG_#### token, same byte size, same SHA-256."
/Volumes/EOS_DIGITAL/DCIM/100CANON/IMG_0965.JPG,IMG_0965.JPG,/Users/dominiklukes/Library/CloudStorage/OneDrive-Personal/Pictures/2025/07/03/250703-03 Jul - IMG_0965.jpg,250703-03 Jul - IMG_0965.jpg,IMG_0965,3895847,c68819d912429b902d9494badce41ef96df14f5f70f60075428699bc80587b77,yes,"Same IMG_#### token, same byte size, same SHA-256."
/Volumes/EOS_DIGITAL/DCIM/100CANON/IMG_0966.JPG,IMG_0966.JPG,/Users/dominiklukes/Library/CloudStorage/OneDrive-Personal/Pictures/2025/07/03/250703-03 Jul - IMG_0966.jpg,250703-03 Jul - IMG_0966.jpg,IMG_0966,3858596,0afad02ace00dd3e8d43dc786d2d8d6ce4f9df69d9be452aa9c80ed64b192014,yes,"Same IMG_#### token, same byte size, same SHA-256."
/Volumes/EOS_DIGITAL/DCIM/100CANON/IMG_0967.JPG,IMG_0967.JPG,/Users/dominiklukes/Library/CloudStorage/OneDrive-Personal/Pictures/2025/07/03/250703-03 Jul - IMG_0967.jpg,250703-03 Jul - IMG_0967.jpg,IMG_0967,3798603,a48e40cab49e8170a1a00900886363440caaa9ac9a54654c856268c0248745b6,yes,"Same IMG_#### token, same byte size, same SHA-256."
/Volumes/EOS_DIGITAL/DCIM/100CANON/IMG_0968.JPG,IMG_0968.JPG,/Users/dominiklukes/Library/CloudStorage/OneDrive-Personal/Pictures/2025/07/03/250703-03 Jul - IMG_0968.jpg,250703-03 Jul - IMG_0968.jpg,IMG_0968,3825150,ba381db0e7f307671aafc9ef1d3a8929b54d5429758e0ec3d93fc9148f2feca2,yes,"Same IMG_#### token, same byte size, same SHA-256."
/Volumes/EOS_DIGITAL/DCIM/100CANON/IMG_0969.JPG,IMG_0969.JPG,/Users/dominiklukes/Library/CloudStorage/OneDrive-Personal/Pictures/2025/07/03/250703-03 Jul - IMG_0969.jpg,250703-03 Jul - IMG_0969.jpg,IMG_0969,8604830,f667f807d4b68784ec928b11103669f86a590f0da217d3f3ff8ab96a492e8f0c,yes,"Same IMG_#### token, same byte size, same SHA-256."
/Volumes/EOS_DIGITAL/DCIM/100CANON/IMG_0970.JPG,IMG_0970.JPG,/Users/dominiklukes/Library/CloudStorage/OneDrive-Personal/Pictures/2025/07/03/250703-03 Jul - IMG_0970.jpg,250703-03 Jul - IMG_0970.jpg,IMG_0970,8670803,a09f2b624064377c7aa012f9d6e49183e20789549e0779e9313cbd3247998147,yes,"Same IMG_#### token, same byte size, same SHA-256."
/Volumes/EOS_DIGITAL/DCIM/100CANON/IMG_0971.JPG,IMG_0971.JPG,/Users/dominiklukes/Library/CloudStorage/OneDrive-Personal/Pictures/2025/07/03/250703-03 Jul - IMG_0971.jpg,250703-03 Jul - IMG_0971.jpg,IMG_0971,8614567,a58c1b8f37276029f90a7665b005296f01c7ec504951d2ee934645e38d488052,yes,"Same IMG_#### token, same byte size, same SHA-256."
/Volumes/EOS_DIGITAL/DCIM/100CANON/IMG_0972.JPG,IMG_0972.JPG,/Users/dominiklukes/Library/CloudStorage/OneDrive-Personal/Pictures/2025/07/03/250703-03 Jul - IMG_0972.jpg,250703-03 Jul - IMG_0972.jpg,IMG_0972,8062541,70f1aec0784211d47cbfb3109dc5ca3397f03a0c5e7fb6f2840932ddbfc063d1,yes,"Same IMG_#### token, same byte size, same SHA-256."
/Volumes/EOS_DIGITAL/DCIM/100CANON/IMG_0973.JPG,IMG_0973.JPG,/Users/dominiklukes/Library/CloudStorage/OneDrive-Personal/Pictures/2025/07/03/250703-03 Jul - IMG_0973.jpg,250703-03 Jul - IMG_0973.jpg,IMG_0973,7789633,d083d060dab8b4feab2aac65c2f0493a40658b374ee4772856b27d34420620ac,yes,"Same IMG_#### token, same byte size, same SHA-256."
/Volumes/EOS_DIGITAL/DCIM/100CANON/IMG_0974.JPG,IMG_0974.JPG,/Users/dominiklukes/Library/CloudStorage/OneDrive-Personal/Pictures/2025/07/03/250703-03 Jul - IMG_0974.jpg,250703-03 Jul - IMG_0974.jpg,IMG_0974,7378093,32796f0482fb5453f0b8d8404cc34c61b5b81d8e6f52161e31c04815879d6f89,yes,"Same IMG_#### token, same byte size, same SHA-256."
/Volumes/EOS_DIGITAL/DCIM/100CANON/IMG_0975.JPG,IMG_0975.JPG,/Users/dominiklukes/Library/CloudStorage/OneDrive-Personal/Pictures/2025/07/03/250703-03 Jul - IMG_0975.jpg,250703-03 Jul - IMG_0975.jpg,IMG_0975,8592271,aa4a578bccad062e22eea131e6aca22e25fa37eb647bc595b03bfb4ab0cac3f2,yes,"Same IMG_#### token, same byte size, same SHA-256."
/Volumes/EOS_DIGITAL/DCIM/100CANON/IMG_0976.JPG,IMG_0976.JPG,/Users/dominiklukes/Library/CloudStorage/OneDrive-Personal/Pictures/2025/07/03/250703-03 Jul - IMG_0976.jpg,250703-03 Jul - IMG_0976.jpg,IMG_0976,7008914,62fc082962caaebfa3ec7f440350eaab270b83b219495a45c854a878733be748,yes,"Same IMG_#### token, same byte size, same SHA-256."
/Volumes/EOS_DIGITAL/DCIM/100CANON/IMG_0977.JPG,IMG_0977.JPG,/Users/dominiklukes/Library/CloudStorage/OneDrive-Personal/Pictures/2025/07/03/250703-03 Jul - IMG_0977.jpg,250703-03 Jul - IMG_0977.jpg,IMG_0977,6350274,cb6e5ec0f97ceb2ff1b62fc9d6d040d540e64c3f3f361ed209592900f0f870be,yes,"Same IMG_#### token, same byte size, same SHA-256."
/Volumes/EOS_DIGITAL/DCIM/100CANON/IMG_0978.JPG,IMG_0978.JPG,/Users/dominiklukes/Library/CloudStorage/OneDrive-Personal/Pictures/2025/07/03/250703-03 Jul - IMG_0978.jpg,250703-03 Jul - IMG_0978.jpg,IMG_0978,3478124,f0c008f379786f61317be0a89d09c8a11b837eca225e627fa5ccfba314645e2a,yes,"Same IMG_#### token, same byte size, same SHA-256."
/Volumes/EOS_DIGITAL/DCIM/100CANON/IMG_0979.JPG,IMG_0979.JPG,/Users/dominiklukes/Library/CloudStorage/OneDrive-Personal/Pictures/2025/07/03/250703-03 Jul - IMG_0979.jpg,250703-03 Jul - IMG_0979.jpg,IMG_0979,6909181,dda6a4f44e69217ff85961fe753bf4ec01db19667a222dd2be58f4643efffd0d,yes,"Same IMG_#### token, same byte size, same SHA-256."
/Volumes/EOS_DIGITAL/DCIM/100CANON/IMG_0980.JPG,IMG_0980.JPG,/Users/dominiklukes/Library/CloudStorage/OneDrive-Personal/Pictures/2025/07/03/250703-03 Jul - IMG_0980.jpg,250703-03 Jul - IMG_0980.jpg,IMG_0980,7187654,907e21cc0c6e383d340fde1a4e2bc093a838635452cbe540284f4485bb1270c7,yes,"Same IMG_#### token, same byte size, same SHA-256."
/Volumes/EOS_DIGITAL/DCIM/100CANON/IMG_0981.JPG,IMG_0981.JPG,/Users/dominiklukes/Library/CloudStorage/OneDrive-Personal/Pictures/2025/07/03/250703-03 Jul - IMG_0981.jpg,250703-03 Jul - IMG_0981.jpg,IMG_0981,7418310,f371dce88686418075c137476ceb13899eb98d9e6d7d0364643bcdad4a566b1a,yes,"Same IMG_#### token, same byte size, same SHA-256."
/Volumes/EOS_DIGITAL/DCIM/100CANON/IMG_0982.JPG,IMG_0982.JPG,/Users/dominiklukes/Library/CloudStorage/OneDrive-Personal/Pictures/2025/07/03/250703-03 Jul - IMG_0982.jpg,250703-03 Jul - IMG_0982.jpg,IMG_0982,6374596,176d0ae21a03477c981f1ca3b08522d9073132bcecd49fa81f5880643d1c01dc,yes,"Same IMG_#### token, same byte size, same SHA-256."
/Volumes/EOS_DIGITAL/DCIM/100CANON/IMG_0983.JPG,IMG_0983.JPG,/Users/dominiklukes/Library/CloudStorage/OneDrive-Personal/Pictures/2025/07/03/250703-03 Jul - IMG_0983.jpg,250703-03 Jul - IMG_0983.jpg,IMG_0983,7827131,7bba96f3f6ccfb8bc12e1188eeddc40dc3d8b0970cc76a2da23ec85c1ba24482,yes,"Same IMG_#### token, same byte size, same SHA-256."
/Volumes/EOS_DIGITAL/DCIM/100CANON/IMG_0984.JPG,IMG_0984.JPG,/Users/dominiklukes/Library/CloudStorage/OneDrive-Personal/Pictures/2025/07/03/250703-03 Jul - IMG_0984.jpg,250703-03 Jul - IMG_0984.jpg,IMG_0984,8131304,f5547c724b3858af70e7edfe3430edbafc0736f52439ef8cfaca1a7adbbaa0c1,yes,"Same IMG_#### token, same byte size, same SHA-256."
/Volumes/EOS_DIGITAL/DCIM/100CANON/IMG_0985.JPG,IMG_0985.JPG,/Users/dominiklukes/Library/CloudStorage/OneDrive-Personal/Pictures/2025/07/03/250703-03 Jul - IMG_0985.jpg,250703-03 Jul - IMG_0985.jpg,IMG_0985,7646533,4a211e9ba90bf82982f4ec1b149a3e213c0ebc5b25610565aca2855d4742272e,yes,"Same IMG_#### token, same byte size, same SHA-256."
/Volumes/EOS_DIGITAL/DCIM/100CANON/IMG_0986.JPG,IMG_0986.JPG,/Users/dominiklukes/Library/CloudStorage/OneDrive-Personal/Pictures/2025/07/03/250703-03 Jul - IMG_0986.jpg,250703-03 Jul - IMG_0986.jpg,IMG_0986,8101987,e937a6a1826ceab96dd1655b2e68f3e3d56445c53a708f6a032e2a528daeff86,yes,"Same IMG_#### token, same byte size, same SHA-256."
/Volumes/EOS_DIGITAL/DCIM/100CANON/IMG_0987.JPG,IMG_0987.JPG,/Users/dominiklukes/Library/CloudStorage/OneDrive-Personal/Pictures/2025/07/03/250703-03 Jul - IMG_0987.jpg,250703-03 Jul - IMG_0987.jpg,IMG_0987,8275635,5e0f46d4be12d38769ff07b65d7e6a2872a8529e8ad3e93d045c5092c6226133,yes,"Same IMG_#### token, same byte size, same SHA-256."
/Volumes/EOS_DIGITAL/DCIM/100CANON/IMG_0988.JPG,IMG_0988.JPG,/Users/dominiklukes/Library/CloudStorage/OneDrive-Personal/Pictures/2025/07/03/250703-03 Jul - IMG_0988.jpg,250703-03 Jul - IMG_0988.jpg,IMG_0988,8295231,84b535de6ca64bc7741b6714423272c5652d4c99a9355932962b89ab26ad5202,yes,"Same IMG_#### token, same byte size, same SHA-256."
/Volumes/EOS_DIGITAL/DCIM/100CANON/IMG_0989.JPG,IMG_0989.JPG,/Users/dominiklukes/Library/CloudStorage/OneDrive-Personal/Pictures/2025/07/03/250703-03 Jul - IMG_0989.jpg,250703-03 Jul - IMG_0989.jpg,IMG_0989,5862186,b835c824fabe13b32c2b265148022f2d6ac2c92a264599810869fe1f9d4be73b,yes,"Same IMG_#### token, same byte size, same SHA-256."
/Volumes/EOS_DIGITAL/DCIM/100CANON/IMG_0990.JPG,IMG_0990.JPG,/Users/dominiklukes/Library/CloudStorage/OneDrive-Personal/Pictures/2025/07/03/250703-03 Jul - IMG_0990.jpg,250703-03 Jul - IMG_0990.jpg,IMG_0990,5839035,cc9a64547e1a900c3845ceb30aa45827ea80718e48bbbe85ac5a002456179522,yes,"Same IMG_#### token, same byte size, same SHA-256."
/Volumes/EOS_DIGITAL/DCIM/100CANON/IMG_0991.JPG,IMG_0991.JPG,/Users/dominiklukes/Library/CloudStorage/OneDrive-Personal/Pictures/2025/07/03/250703-03 Jul - IMG_0991.jpg,250703-03 Jul - IMG_0991.jpg,IMG_0991,6198755,d4a05e0c8d16de456d0d5192563dc9a6dfdb40e7b133715f5a919cccb6f2887a,yes,"Same IMG_#### token, same byte size, same SHA-256."
/Volumes/EOS_DIGITAL/DCIM/100CANON/IMG_0992.JPG,IMG_0992.JPG,/Users/dominiklukes/Library/CloudStorage/OneDrive-Personal/Pictures/2025/07/03/250703-03 Jul - IMG_0992.jpg,250703-03 Jul - IMG_0992.jpg,IMG_0992,6188149,03c16a96b8fead7048c16aff7028ed776e71ae2ad453d080c9267c6bf31b9f62,yes,"Same IMG_#### token, same byte size, same SHA-256."
/Volumes/EOS_DIGITAL/DCIM/100CANON/IMG_0993.JPG,IMG_0993.JPG,/Users/dominiklukes/Library/CloudStorage/OneDrive-Personal/Pictures/2025/07/03/250703-03 Jul - IMG_0993.jpg,250703-03 Jul - IMG_0993.jpg,IMG_0993,8491255,129fa78dcc7794e7b9643ca4bd8a7dddefcc4afc82c106f34a3ea590ae7d2cc6,yes,"Same IMG_#### token, same byte size, same SHA-256."
/Volumes/EOS_DIGITAL/DCIM/100CANON/IMG_0994.JPG,IMG_0994.JPG,/Users/dominiklukes/Library/CloudStorage/OneDrive-Personal/Pictures/2025/07/03/250703-03 Jul - IMG_0994.jpg,250703-03 Jul - IMG_0994.jpg,IMG_0994,8476033,1c4fa5ca4124d4bc8a9b1106a64116e80c47eeeacb92c18b480cd52418fa8d25,yes,"Same IMG_#### token, same byte size, same SHA-256."
/Volumes/EOS_DIGITAL/DCIM/100CANON/IMG_0995.JPG,IMG_0995.JPG,/Users/dominiklukes/Library/CloudStorage/OneDrive-Personal/Pictures/2025/07/03/250703-03 Jul - IMG_0995.jpg,250703-03 Jul - IMG_0995.jpg,IMG_0995,8425569,2c213fdf5aefd93cc3d62b6b4fd23c67c2b112a1b656461f841b3e082a9e9199,yes,"Same IMG_#### token, same byte size, same SHA-256."
/Volumes/EOS_DIGITAL/DCIM/100CANON/IMG_0996.JPG,IMG_0996.JPG,/Users/dominiklukes/Library/CloudStorage/OneDrive-Personal/Pictures/2025/07/03/250703-03 Jul - IMG_0996.jpg,250703-03 Jul - IMG_0996.jpg,IMG_0996,8294210,e5dfc5e09808b22e3594cc9d5df348190b7f8550591c76748a65b7362d6bc2bf,yes,"Same IMG_#### token, same byte size, same SHA-256."
/Volumes/EOS_DIGITAL/DCIM/100CANON/IMG_0997.JPG,IMG_0997.JPG,/Users/dominiklukes/Library/CloudStorage/OneDrive-Personal/Pictures/2025/07/03/250703-03 Jul - IMG_0997.jpg,250703-03 Jul - IMG_0997.jpg,IMG_0997,8195680,d43cedcb3e079aa92afe838aeb8330c42cbddae60dec3d3fb370a5c9d135ee52,yes,"Same IMG_#### token, same byte size, same SHA-256."
/Volumes/EOS_DIGITAL/DCIM/100CANON/IMG_0998.JPG,IMG_0998.JPG,/Users/dominiklukes/Library/CloudStorage/OneDrive-Personal/Pictures/2025/07/03/250703-03 Jul - IMG_0998.jpg,250703-03 Jul - IMG_0998.jpg,IMG_0998,8214694,fe921337faff13d0b9a634198739e094f0507e06d5e0c695f37d7a6ad84cb6af,yes,"Same IMG_#### token, same byte size, same SHA-256."
/Volumes/EOS_DIGITAL/DCIM/100CANON/IMG_0999.JPG,IMG_0999.JPG,/Users/dominiklukes/Library/CloudStorage/OneDrive-Personal/Pictures/2025/07/03/250703-03 Jul - IMG_0999.jpg,250703-03 Jul - IMG_0999.jpg,IMG_0999,6224158,cb9183e92120915ddf860694d4eb8fbc1e5fa5ace8f9522dba6ef840944818e0,yes,"Same IMG_#### token, same byte size, same SHA-256."
/Volumes/EOS_DIGITAL/DCIM/100CANON/IMG_1000.JPG,IMG_1000.JPG,/Users/dominiklukes/Library/CloudStorage/OneDrive-Personal/Pictures/2025/07/03/250703-03 Jul - IMG_1000.jpg,250703-03 Jul - IMG_1000.jpg,IMG_1000,6244908,a47995c3cde333000511d4a701dbbce4c8bac7f4b3713f339230b73d2933f1f9,yes,"Same IMG_#### token, same byte size, same SHA-256."
/Volumes/EOS_DIGITAL/DCIM/100CANON/IMG_1001.JPG,IMG_1001.JPG,/Users/dominiklukes/Library/CloudStorage/OneDrive-Personal/Pictures/2025/07/03/250703-03 Jul - IMG_1001.jpg,250703-03 Jul - IMG_1001.jpg,IMG_1001,6235341,2b508ebebf97df5f371c1ee23395fc553ec6ef56c7f1dd700b1aa929796ef4be,yes,"Same IMG_#### token, same byte size, same SHA-256."
/Volumes/EOS_DIGITAL/DCIM/100CANON/IMG_1002.JPG,IMG_1002.JPG,/Users/dominiklukes/Library/CloudStorage/OneDrive-Personal/Pictures/2025/07/03/250703-03 Jul - IMG_1002.jpg,250703-03 Jul - IMG_1002.jpg,IMG_1002,6042062,2ebf3c8713c0990462783411fcc340dddbe7fea02d39677a05179c389ed08e5b,yes,"Same IMG_#### token, same byte size, same SHA-256."
/Volumes/EOS_DIGITAL/DCIM/100CANON/IMG_1003.JPG,IMG_1003.JPG,/Users/dominiklukes/Library/CloudStorage/OneDrive-Personal/Pictures/2025/07/03/250703-03 Jul - IMG_1003.jpg,250703-03 Jul - IMG_1003.jpg,IMG_1003,6077266,deb20e2555519cd780d394d90f3eef158b0ede30e72cb7495dd5025557ef973a,yes,"Same IMG_#### token, same byte size, same SHA-256."
/Volumes/EOS_DIGITAL/DCIM/100CANON/IMG_1004.JPG,IMG_1004.JPG,/Users/dominiklukes/Library/CloudStorage/OneDrive-Personal/Pictures/2025/07/03/250703-03 Jul - IMG_1004.jpg,250703-03 Jul - IMG_1004.jpg,IMG_1004,6169175,a5d1035c5081e0f75adbb6ca3bced27ca052f1a0feff0a0157a18231b28b847a,yes,"Same IMG_#### token, same byte size, same SHA-256."
/Volumes/EOS_DIGITAL/DCIM/100CANON/IMG_1005.JPG,IMG_1005.JPG,/Users/dominiklukes/Library/CloudStorage/OneDrive-Personal/Pictures/2025/07/03/250703-03 Jul - IMG_1005.jpg,250703-03 Jul - IMG_1005.jpg,IMG_1005,6150711,fb87cf3c3342b857fca97ba0f4b1a0ee1007ba8f6ce39c6cc414bf194a3f8c0e,yes,"Same IMG_#### token, same byte size, same SHA-256."
/Volumes/EOS_DIGITAL/DCIM/100CANON/IMG_1006.JPG,IMG_1006.JPG,/Users/dominiklukes/Library/CloudStorage/OneDrive-Personal/Pictures/2025/07/03/250703-03 Jul - IMG_1006.jpg,250703-03 Jul - IMG_1006.jpg,IMG_1006,5986754,f52f47900e85741d7429879a6ce3c468725fdc470f20f003b00c35d7f8972238,yes,"Same IMG_#### token, same byte size, same SHA-256."
/Volumes/EOS_DIGITAL/DCIM/100CANON/IMG_1007.JPG,IMG_1007.JPG,/Users/dominiklukes/Library/CloudStorage/OneDrive-Personal/Pictures/2025/07/03/250703-03 Jul - IMG_1007.jpg,250703-03 Jul - IMG_1007.jpg,IMG_1007,5928912,a81222ab7146f3d73d0a8bf62705a500ca53dd229d08bd9c2f7794e3bd0a7fad,yes,"Same IMG_#### token, same byte size, same SHA-256."
/Volumes/EOS_DIGITAL/DCIM/100CANON/IMG_1008.JPG,IMG_1008.JPG,/Users/dominiklukes/Library/CloudStorage/OneDrive-Personal/Pictures/2025/07/03/250703-03 Jul - IMG_1008.jpg,250703-03 Jul - IMG_1008.jpg,IMG_1008,5870185,6cb393530f34202fa2a3aac7d9f51fbd5d61d212b6c4e5b8d81c78003902d398,yes,"Same IMG_#### token, same byte size, same SHA-256."
/Volumes/EOS_DIGITAL/DCIM/100CANON/IMG_1009.JPG,IMG_1009.JPG,/Users/dominiklukes/Library/CloudStorage/OneDrive-Personal/Pictures/2025/07/03/250703-03 Jul - IMG_1009.jpg,250703-03 Jul - IMG_1009.jpg,IMG_1009,5955321,0ee7fbdffdf20f7ede504675f9d0bde0c9c9fe874c60317c66f3765798696b1d,yes,"Same IMG_#### token, same byte size, same SHA-256."
/Volumes/EOS_DIGITAL/DCIM/100CANON/IMG_1010.JPG,IMG_1010.JPG,/Users/dominiklukes/Library/CloudStorage/OneDrive-Personal/Pictures/2025/07/03/250703-03 Jul - IMG_1010.jpg,250703-03 Jul - IMG_1010.jpg,IMG_1010,6000770,9ad316ba6d3044151ee2e5e57ed2d5b13e410cb8ae4909e5b7a4ee98119a91b8,yes,"Same IMG_#### token, same byte size, same SHA-256."
/Volumes/EOS_DIGITAL/DCIM/100CANON/IMG_1011.JPG,IMG_1011.JPG,/Users/dominiklukes/Library/CloudStorage/OneDrive-Personal/Pictures/2025/07/03/250703-03 Jul - IMG_1011.jpg,250703-03 Jul - IMG_1011.jpg,IMG_1011,6056634,3121d151c38665aae9f9baa641956559d4ee64456c6ccf31f5d17667aae90cc4,yes,"Same IMG_#### token, same byte size, same SHA-256."
/Volumes/EOS_DIGITAL/DCIM/100CANON/IMG_1012.JPG,IMG_1012.JPG,/Users/dominiklukes/Library/CloudStorage/OneDrive-Personal/Pictures/2025/07/03/250703-03 Jul - IMG_1012.jpg,250703-03 Jul - IMG_1012.jpg,IMG_1012,5975005,d8ad5c2f666b1e854f08a4c7e8d14e8023de302d4daab46e29252ad1ca9db2d4,yes,"Same IMG_#### token, same byte size, same SHA-256."
/Volumes/EOS_DIGITAL/DCIM/100CANON/IMG_1013.JPG,IMG_1013.JPG,/Users/dominiklukes/Library/CloudStorage/OneDrive-Personal/Pictures/2025/07/03/250703-03 Jul - IMG_1013.jpg,250703-03 Jul - IMG_1013.jpg,IMG_1013,5909440,8aa2e1506c929bd420154d8f78304429dcd7d75884e72cd04edd79206c01b725,yes,"Same IMG_#### token, same byte size, same SHA-256."
/Volumes/EOS_DIGITAL/DCIM/100CANON/IMG_1014.JPG,IMG_1014.JPG,/Users/dominiklukes/Library/CloudStorage/OneDrive-Personal/Pictures/2025/07/03/250703-03 Jul - IMG_1014.jpg,250703-03 Jul - IMG_1014.jpg,IMG_1014,5829466,60b0044bf774c18530d07b4ab4e24491d5b79d0017e3a8f12b08247142965e20,yes,"Same IMG_#### token, same byte size, same SHA-256."
/Volumes/EOS_DIGITAL/DCIM/100CANON/IMG_1015.JPG,IMG_1015.JPG,/Users/dominiklukes/Library/CloudStorage/OneDrive-Personal/Pictures/2025/07/03/250703-03 Jul - IMG_1015.jpg,250703-03 Jul - IMG_1015.jpg,IMG_1015,5768831,4fd051a064c9458176f6aae2403000b397f4a911a6ef5d27366c0a6ecd9c5772,yes,"Same IMG_#### token, same byte size, same SHA-256."
/Volumes/EOS_DIGITAL/DCIM/100CANON/IMG_1016.JPG,IMG_1016.JPG,/Users/dominiklukes/Library/CloudStorage/OneDrive-Personal/Pictures/2025/07/03/250703-03 Jul - IMG_1016.jpg,250703-03 Jul - IMG_1016.jpg,IMG_1016,5710290,b903c8e238ccb9dffa54ea0a577cd5ecde183b63dc26826f7339d1aba2130054,yes,"Same IMG_#### token, same byte size, same SHA-256."
/Volumes/EOS_DIGITAL/DCIM/100CANON/IMG_1017.JPG,IMG_1017.JPG,/Users/dominiklukes/Library/CloudStorage/OneDrive-Personal/Pictures/2025/07/03/250703-03 Jul - IMG_1017.jpg,250703-03 Jul - IMG_1017.jpg,IMG_1017,5740763,de4c9fa6e7658935c4661a3190e57da8bc1e791197e8ef53dfd3af9e635edad7,yes,"Same IMG_#### token, same byte size, same SHA-256."
/Volumes/EOS_DIGITAL/DCIM/100CANON/IMG_1018.JPG,IMG_1018.JPG,/Users/dominiklukes/Library/CloudStorage/OneDrive-Personal/Pictures/2025/07/03/250703-03 Jul - IMG_1018.jpg,250703-03 Jul - IMG_1018.jpg,IMG_1018,5734420,11895fc22b069f40076c6b8b18ff994b0c1f9022b4ddac76db050e7337d5feab,yes,"Same IMG_#### token, same byte size, same SHA-256."
/Volumes/EOS_DIGITAL/DCIM/100CANON/IMG_1019.JPG,IMG_1019.JPG,/Users/dominiklukes/Library/CloudStorage/OneDrive-Personal/Pictures/2025/07/03/250703-03 Jul - IMG_1019.jpg,250703-03 Jul - IMG_1019.jpg,IMG_1019,5711362,0f3e0b094dd33652270bde1c9d7e565d41726c0d2e6516b0565c25d307514931,yes,"Same IMG_#### token, same byte size, same SHA-256."
/Volumes/EOS_DIGITAL/DCIM/100CANON/IMG_1020.JPG,IMG_1020.JPG,/Users/dominiklukes/Library/CloudStorage/OneDrive-Personal/Pictures/2025/07/03/250703-03 Jul - IMG_1020.jpg,250703-03 Jul - IMG_1020.jpg,IMG_1020,6027569,100c50df56bb3aac657731cf342f8363b4f08e8290808617b8ef007d5f9eeb08,yes,"Same IMG_#### token, same byte size, same SHA-256."
/Volumes/EOS_DIGITAL/DCIM/100CANON/IMG_1021.JPG,IMG_1021.JPG,/Users/dominiklukes/Library/CloudStorage/OneDrive-Personal/Pictures/2025/07/03/250703-03 Jul - IMG_1021.jpg,250703-03 Jul - IMG_1021.jpg,IMG_1021,6105176,93002abb0f9cc5e47ef034d40bcea70d3c52f8434c10c0107167c9996eccbb9b,yes,"Same IMG_#### token, same byte size, same SHA-256."
/Volumes/EOS_DIGITAL/DCIM/100CANON/IMG_1022.JPG,IMG_1022.JPG,/Users/dominiklukes/Library/CloudStorage/OneDrive-Personal/Pictures/2025/07/03/250703-03 Jul - IMG_1022.jpg,250703-03 Jul - IMG_1022.jpg,IMG_1022,6146213,5435e6239d5c2c11eef701419cabbe5fed4fb363faed025175ffe35fdd7fce47,yes,"Same IMG_#### token, same byte size, same SHA-256."
/Volumes/EOS_DIGITAL/DCIM/100CANON/IMG_1023.JPG,IMG_1023.JPG,/Users/dominiklukes/Library/CloudStorage/OneDrive-Personal/Pictures/2025/07/03/250703-03 Jul - IMG_1023.jpg,250703-03 Jul - IMG_1023.jpg,IMG_1023,4977614,9e77521700024e30bb36f3bca77d4c4ec6d44a71e73458537cb6b6cb4f7d5a97,yes,"Same IMG_#### token, same byte size, same SHA-256."
/Volumes/EOS_DIGITAL/DCIM/100CANON/IMG_1024.JPG,IMG_1024.JPG,/Users/dominiklukes/Library/CloudStorage/OneDrive-Personal/Pictures/2025/07/03/250703-03 Jul - IMG_1024.jpg,250703-03 Jul - IMG_1024.jpg,IMG_1024,5105208,4b218d590648f538e9ceb454089c28c631c64b74b5ca2835cbc041e02cb3d251,yes,"Same IMG_#### token, same byte size, same SHA-256."
/Volumes/EOS_DIGITAL/DCIM/100CANON/IMG_1025.JPG,IMG_1025.JPG,/Users/dominiklukes/Library/CloudStorage/OneDrive-Personal/Pictures/2025/07/03/250703-03 Jul - IMG_1025.jpg,250703-03 Jul - IMG_1025.jpg,IMG_1025,7845389,1d3646daf35629da07b4e926c54cefb244753b00d5349a52e5ff2f36c66e4430,yes,"Same IMG_#### token, same byte size, same SHA-256."
/Volumes/EOS_DIGITAL/DCIM/100CANON/IMG_1026.JPG,IMG_1026.JPG,/Users/dominiklukes/Library/CloudStorage/OneDrive-Personal/Pictures/2025/07/03/250703-03 Jul - IMG_1026.jpg,250703-03 Jul - IMG_1026.jpg,IMG_1026,7921534,0f2a3d247dbac3f2c4648cdc74ba2b62a19c2be043e9b99d5060d79532fb858e,yes,"Same IMG_#### token, same byte size, same SHA-256."
/Volumes/EOS_DIGITAL/DCIM/100CANON/IMG_1027.JPG,IMG_1027.JPG,/Users/dominiklukes/Library/CloudStorage/OneDrive-Personal/Pictures/2025/07/03/250703-03 Jul - IMG_1027.jpg,250703-03 Jul - IMG_1027.jpg,IMG_1027,6884462,33e62828124ed24105d1c7a4e0ffe5fb614d0f520909f35344acb54a8c6ccbe8,yes,"Same IMG_#### token, same byte size, same SHA-256."
/Volumes/EOS_DIGITAL/DCIM/100CANON/IMG_1028.JPG,IMG_1028.JPG,/Users/dominiklukes/Library/CloudStorage/OneDrive-Personal/Pictures/2025/07/03/250703-03 Jul - IMG_1028.jpg,250703-03 Jul - IMG_1028.jpg,IMG_1028,6980078,8d43a55ac8d9ea526d5e293154e8d19105af538e459cfd02ff3c67c48898e6ce,yes,"Same IMG_#### token, same byte size, same SHA-256."
/Volumes/EOS_DIGITAL/DCIM/100CANON/IMG_1029.JPG,IMG_1029.JPG,/Users/dominiklukes/Library/CloudStorage/OneDrive-Personal/Pictures/2025/07/03/250703-03 Jul - IMG_1029.jpg,250703-03 Jul - IMG_1029.jpg,IMG_1029,7014168,f301b816467cae1ffcc7413f4e442e4a61d0389c7924cd44e624a6ad943e0899,yes,"Same IMG_#### token, same byte size, same SHA-256."
/Volumes/EOS_DIGITAL/DCIM/100CANON/IMG_1030.JPG,IMG_1030.JPG,/Users/dominiklukes/Library/CloudStorage/OneDrive-Personal/Pictures/2025/07/04/250704-04 Jul - IMG_1030.jpg,250704-04 Jul - IMG_1030.jpg,IMG_1030,7787391,ea833eb198975a2648d962e32d5593e05e4560813a78e33b00aa379da4a18c72,yes,"Same IMG_#### token, same byte size, same SHA-256."
/Volumes/EOS_DIGITAL/DCIM/100CANON/IMG_1031.JPG,IMG_1031.JPG,/Users/dominiklukes/Library/CloudStorage/OneDrive-Personal/Pictures/2025/07/04/250704-04 Jul - IMG_1031.jpg,250704-04 Jul - IMG_1031.jpg,IMG_1031,6187148,1a6766f13e75413b71b01f0c731a6a6c91670b52e11ef1e7ea49449fa975f829,yes,"Same IMG_#### token, same byte size, same SHA-256."
/Volumes/EOS_DIGITAL/DCIM/100CANON/IMG_1032.JPG,IMG_1032.JPG,/Users/dominiklukes/Library/CloudStorage/OneDrive-Personal/Pictures/2025/07/04/250704-04 Jul - IMG_1032.jpg,250704-04 Jul - IMG_1032.jpg,IMG_1032,7552810,a73ba46b449f83955b6957e63749b1de9d7abd8608f5431df1b2ad08d519552e,yes,"Same IMG_#### token, same byte size, same SHA-256."
/Volumes/EOS_DIGITAL/DCIM/100CANON/IMG_1033.JPG,IMG_1033.JPG,/Users/dominiklukes/Library/CloudStorage/OneDrive-Personal/Pictures/2025/07/04/250704-04 Jul - IMG_1033.jpg,250704-04 Jul - IMG_1033.jpg,IMG_1033,8096256,66e684fcdf3951063baf6b96d927fa24fdd03ee16b20ae3de5e6bde7a519df1d,yes,"Same IMG_#### token, same byte size, same SHA-256."
/Volumes/EOS_DIGITAL/DCIM/100CANON/IMG_1034.JPG,IMG_1034.JPG,/Users/dominiklukes/Library/CloudStorage/OneDrive-Personal/Pictures/2025/07/04/250704-04 Jul - IMG_1034.jpg,250704-04 Jul - IMG_1034.jpg,IMG_1034,6317083,7909a7212582815ceb33c44e35479537c0510cd78c43edb59f290bbf507053e0,yes,"Same IMG_#### token, same byte size, same SHA-256."
/Volumes/EOS_DIGITAL/DCIM/100CANON/IMG_1035.JPG,IMG_1035.JPG,/Users/dominiklukes/Library/CloudStorage/OneDrive-Personal/Pictures/2025/07/04/250704-04 Jul - IMG_1035.jpg,250704-04 Jul - IMG_1035.jpg,IMG_1035,8685227,3b3550a11a05cb51099fcdbb5326c5ef58d8c1abbf57b39da97f7e1b455fff7f,yes,"Same IMG_#### token, same byte size, same SHA-256."
/Volumes/EOS_DIGITAL/DCIM/100CANON/IMG_1036.JPG,IMG_1036.JPG,/Users/dominiklukes/Library/CloudStorage/OneDrive-Personal/Pictures/2025/07/04/250704-04 Jul - IMG_1036.jpg,250704-04 Jul - IMG_1036.jpg,IMG_1036,8822035,b6009731f4ddf90c93c4789caf10be740db1fd1c13c298b8912a9f5a1d93a231,yes,"Same IMG_#### token, same byte size, same SHA-256."
/Volumes/EOS_DIGITAL/DCIM/100CANON/IMG_1037.JPG,IMG_1037.JPG,/Users/dominiklukes/Library/CloudStorage/OneDrive-Personal/Pictures/2025/07/04/250704-04 Jul - IMG_1037.jpg,250704-04 Jul - IMG_1037.jpg,IMG_1037,9584748,fa98d8e1b4f54ed972fc93106f4d19b20b3557019eb0ca8a77db2fe33f36f439,yes,"Same IMG_#### token, same byte size, same SHA-256."
/Volumes/EOS_DIGITAL/DCIM/100CANON/IMG_1038.JPG,IMG_1038.JPG,/Users/dominiklukes/Library/CloudStorage/OneDrive-Personal/Pictures/2025/07/04/250704-04 Jul - IMG_1038.jpg,250704-04 Jul - IMG_1038.jpg,IMG_1038,9133756,b873774a639db833aecfa9ca59eff0d28e9f84192d856a49ab15108f576b2bc8,yes,"Same IMG_#### token, same byte size, same SHA-256."
/Volumes/EOS_DIGITAL/DCIM/100CANON/IMG_1039.JPG,IMG_1039.JPG,/Users/dominiklukes/Library/CloudStorage/OneDrive-Personal/Pictures/2025/07/04/250704-04 Jul - IMG_1039.jpg,250704-04 Jul - IMG_1039.jpg,IMG_1039,7908063,1c4a1060dab6544e04b792fd0a38c1a67c5e6f4712f07e44360a71b5fd462004,yes,"Same IMG_#### token, same byte size, same SHA-256."
/Volumes/EOS_DIGITAL/DCIM/100CANON/IMG_1040.JPG,IMG_1040.JPG,/Users/dominiklukes/Library/CloudStorage/OneDrive-Personal/Pictures/2025/07/04/250704-04 Jul - IMG_1040.jpg,250704-04 Jul - IMG_1040.jpg,IMG_1040,8463687,013a76ad8d3e9d6b79d353e3eee34b418f0a307646841c4723b555024258bd95,yes,"Same IMG_#### token, same byte size, same SHA-256."
/Volumes/EOS_DIGITAL/DCIM/100CANON/IMG_1041.JPG,IMG_1041.JPG,/Users/dominiklukes/Library/CloudStorage/OneDrive-Personal/Pictures/2025/07/04/250704-04 Jul - IMG_1041.jpg,250704-04 Jul - IMG_1041.jpg,IMG_1041,8498969,8ce229007a89a74908f2753cefedac7d0a3a981a10c0fc680452379115bd6246,yes,"Same IMG_#### token, same byte size, same SHA-256."
/Volumes/EOS_DIGITAL/DCIM/100CANON/IMG_1042.JPG,IMG_1042.JPG,/Users/dominiklukes/Library/CloudStorage/OneDrive-Personal/Pictures/2025/07/04/250704-04 Jul - IMG_1042.jpg,250704-04 Jul - IMG_1042.jpg,IMG_1042,7853061,f7878c40b67cdd7844d93054f0ba4dd347ef7b12ebc568cb08b6205e9095f1f2,yes,"Same IMG_#### token, same byte size, same SHA-256."
/Volumes/EOS_DIGITAL/DCIM/100CANON/IMG_1043.JPG,IMG_1043.JPG,/Users/dominiklukes/Library/CloudStorage/OneDrive-Personal/Pictures/2025/07/04/250704-04 Jul - IMG_1043.jpg,250704-04 Jul - IMG_1043.jpg,IMG_1043,7902031,8880d9cf5f15acb4bf05d7f4090d573ef6307fce2bb1462ba609e437de52cbbb,yes,"Same IMG_#### token, same byte size, same SHA-256."
/Volumes/EOS_DIGITAL/DCIM/100CANON/IMG_1044.JPG,IMG_1044.JPG,/Users/dominiklukes/Library/CloudStorage/OneDrive-Personal/Pictures/2025/07/04/250704-04 Jul - IMG_1044.jpg,250704-04 Jul - IMG_1044.jpg,IMG_1044,7575208,05202eca995174b0b0026bc3695c0640e201d920a161ffaafd9a5cfcd1881a8e,yes,"Same IMG_#### token, same byte size, same SHA-256."
/Volumes/EOS_DIGITAL/DCIM/100CANON/IMG_1045.JPG,IMG_1045.JPG,/Users/dominiklukes/Library/CloudStorage/OneDrive-Personal/Pictures/2025/07/04/250704-04 Jul - IMG_1045.jpg,250704-04 Jul - IMG_1045.jpg,IMG_1045,7715854,9b5f51004b883508623416c0dd5c9bde19414af15b4963dbc573686601787583,yes,"Same IMG_#### token, same byte size, same SHA-256."
/Volumes/EOS_DIGITAL/DCIM/100CANON/IMG_1046.JPG,IMG_1046.JPG,/Users/dominiklukes/Library/CloudStorage/OneDrive-Personal/Pictures/2025/07/04/250704-04 Jul - IMG_1046.jpg,250704-04 Jul - IMG_1046.jpg,IMG_1046,7453404,04a9b5e4b228cb31e18ae747972a037a4569c395dfa57d803f97c604d968bddc,yes,"Same IMG_#### token, same byte size, same SHA-256."
/Volumes/EOS_DIGITAL/DCIM/100CANON/IMG_1047.JPG,IMG_1047.JPG,/Users/dominiklukes/Library/CloudStorage/OneDrive-Personal/Pictures/2025/07/04/250704-04 Jul - IMG_1047.jpg,250704-04 Jul - IMG_1047.jpg,IMG_1047,7846917,7836e45a91fa5c695aa7f3fed9c1477e5d94480e7e488ea0ec59c823ba128cf2,yes,"Same IMG_#### token, same byte size, same SHA-256."
/Volumes/EOS_DIGITAL/DCIM/100CANON/IMG_1048.JPG,IMG_1048.JPG,/Users/dominiklukes/Library/CloudStorage/OneDrive-Personal/Pictures/2025/07/04/250704-04 Jul - IMG_1048.jpg,250704-04 Jul - IMG_1048.jpg,IMG_1048,7793026,850771e3feb59470c0e766dfad9990fb9de17feb21ff34f7945290d6494fed53,yes,"Same IMG_#### token, same byte size, same SHA-256."
/Volumes/EOS_DIGITAL/DCIM/100CANON/IMG_1049.JPG,IMG_1049.JPG,/Users/dominiklukes/Library/CloudStorage/OneDrive-Personal/Pictures/2025/07/04/250704-04 Jul - IMG_1049.jpg,250704-04 Jul - IMG_1049.jpg,IMG_1049,6765507,fb78526886ece2fce2242f290e168e387cff64e115626d4b8c993e100778d7df,yes,"Same IMG_#### token, same byte size, same SHA-256."
/Volumes/EOS_DIGITAL/DCIM/100CANON/IMG_1050.JPG,IMG_1050.JPG,/Users/dominiklukes/Library/CloudStorage/OneDrive-Personal/Pictures/2025/07/04/250704-04 Jul - IMG_1050.jpg,250704-04 Jul - IMG_1050.jpg,IMG_1050,10097464,cd403d656e0bc34ba001b36e82f46b09138932da1869116da0a7718f1f107cc0,yes,"Same IMG_#### token, same byte size, same SHA-256."
/Volumes/EOS_DIGITAL/DCIM/100CANON/IMG_1051.JPG,IMG_1051.JPG,/Users/dominiklukes/Library/CloudStorage/OneDrive-Personal/Pictures/2025/07/04/250704-04 Jul - IMG_1051.jpg,250704-04 Jul - IMG_1051.jpg,IMG_1051,8259244,5dcada23085e95870fba5a6ccb0b7cc7c2da77306986dfe7f472b80defbac7e4,yes,"Same IMG_#### token, same byte size, same SHA-256."
/Volumes/EOS_DIGITAL/DCIM/100CANON/IMG_1052.JPG,IMG_1052.JPG,/Users/dominiklukes/Library/CloudStorage/OneDrive-Personal/Pictures/2025/07/04/250704-04 Jul - IMG_1052.jpg,250704-04 Jul - IMG_1052.jpg,IMG_1052,8310462,a73d79bc9d70d65b99cdd6abaf194884da48f5a3a1e88a35e13a91b75b25cb80,yes,"Same IMG_#### token, same byte size, same SHA-256."
/Volumes/EOS_DIGITAL/DCIM/100CANON/IMG_1053.JPG,IMG_1053.JPG,/Users/dominiklukes/Library/CloudStorage/OneDrive-Personal/Pictures/2025/07/04/250704-04 Jul - IMG_1053.jpg,250704-04 Jul - IMG_1053.jpg,IMG_1053,7300958,e4c4716e5a0744089c07d31ce68d6f188234ac0c1190a5a60bc9aff6d24056a3,yes,"Same IMG_#### token, same byte size, same SHA-256."
/Volumes/EOS_DIGITAL/DCIM/100CANON/IMG_1054.JPG,IMG_1054.JPG,/Users/dominiklukes/Library/CloudStorage/OneDrive-Personal/Pictures/2025/07/04/250704-04 Jul - IMG_1054.jpg,250704-04 Jul - IMG_1054.jpg,IMG_1054,6682056,9f6cf9308d22f629e14211f32d4d08956c19add5a950402b6960caa959a5ef06,yes,"Same IMG_#### token, same byte size, same SHA-256."
/Volumes/EOS_DIGITAL/DCIM/100CANON/IMG_1055.JPG,IMG_1055.JPG,/Users/dominiklukes/Library/CloudStorage/OneDrive-Personal/Pictures/2025/07/04/250704-04 Jul - IMG_1055.jpg,250704-04 Jul - IMG_1055.jpg,IMG_1055,7189343,957a8d3488398b7bcc2e5a597224fff588ef7e55c817b63b94d8f4457b2b47dd,yes,"Same IMG_#### token, same byte size, same SHA-256."
/Volumes/EOS_DIGITAL/DCIM/100CANON/IMG_1056.JPG,IMG_1056.JPG,/Users/dominiklukes/Library/CloudStorage/OneDrive-Personal/Pictures/2025/07/04/250704-04 Jul - IMG_1056.jpg,250704-04 Jul - IMG_1056.jpg,IMG_1056,7319356,4625140cb1eaf83651171873a151af2d3210e8cfc0435b6d617dbc6ad7806199,yes,"Same IMG_#### token, same byte size, same SHA-256."
/Volumes/EOS_DIGITAL/DCIM/100CANON/IMG_1057.JPG,IMG_1057.JPG,/Users/dominiklukes/Library/CloudStorage/OneDrive-Personal/Pictures/2025/07/04/250704-04 Jul - IMG_1057.jpg,250704-04 Jul - IMG_1057.jpg,IMG_1057,7236069,56787999d0806366ad3dfbe1382107b4c293f37cdb181b749c212ae1f5a79018,yes,"Same IMG_#### token, same byte size, same SHA-256."
/Volumes/EOS_DIGITAL/DCIM/100CANON/IMG_1058.JPG,IMG_1058.JPG,/Users/dominiklukes/Library/CloudStorage/OneDrive-Personal/Pictures/2025/07/04/250704-04 Jul - IMG_1058.jpg,250704-04 Jul - IMG_1058.jpg,IMG_1058,7223597,8a4960b6a121e5ed5b759c82795b251dc14a2f936490eeadde46abee43014cff,yes,"Same IMG_#### token, same byte size, same SHA-256."
/Volumes/EOS_DIGITAL/DCIM/100CANON/IMG_1059.JPG,IMG_1059.JPG,/Users/dominiklukes/Library/CloudStorage/OneDrive-Personal/Pictures/2025/07/04/250704-04 Jul - IMG_1059.jpg,250704-04 Jul - IMG_1059.jpg,IMG_1059,7202855,0b6cd306b445a118d2b0149f7d55d1e0e216febc4c28eba4b1cdd99f269af62e,yes,"Same IMG_#### token, same byte size, same SHA-256."
/Volumes/EOS_DIGITAL/DCIM/100CANON/IMG_1060.JPG,IMG_1060.JPG,/Users/dominiklukes/Library/CloudStorage/OneDrive-Personal/Pictures/2025/07/04/250704-04 Jul - IMG_1060.jpg,250704-04 Jul - IMG_1060.jpg,IMG_1060,9078809,bfa7cb65c33c0e6b300d401ce732d1053eb9eb796796bfa1e41606a2140bd78b,yes,"Same IMG_#### token, same byte size, same SHA-256."
/Volumes/EOS_DIGITAL/DCIM/100CANON/IMG_1061.JPG,IMG_1061.JPG,/Users/dominiklukes/Library/CloudStorage/OneDrive-Personal/Pictures/2025/07/04/250704-04 Jul - IMG_1061.jpg,250704-04 Jul - IMG_1061.jpg,IMG_1061,9244396,fe139885fa1c13875a5f1163de5727b716a55c292f67bc1beadd6ef7864b2f13,yes,"Same IMG_#### token, same byte size, same SHA-256."
/Volumes/EOS_DIGITAL/DCIM/100CANON/IMG_1062.JPG,IMG_1062.JPG,/Users/dominiklukes/Library/CloudStorage/OneDrive-Personal/Pictures/2025/07/04/250704-04 Jul - IMG_1062.jpg,250704-04 Jul - IMG_1062.jpg,IMG_1062,9226441,d186d82f0be1590cab5be1348da7de104e12c923e15ddbc1b4f827a6e3ee53cf,yes,"Same IMG_#### token, same byte size, same SHA-256."
/Volumes/EOS_DIGITAL/DCIM/100CANON/IMG_1063.JPG,IMG_1063.JPG,/Users/dominiklukes/Library/CloudStorage/OneDrive-Personal/Pictures/2025/07/04/250704-04 Jul - IMG_1063.jpg,250704-04 Jul - IMG_1063.jpg,IMG_1063,8357604,4eb34ce2a94710eb60085421477c0f000606d48235f482e66503346cf7d621a3,yes,"Same IMG_#### token, same byte size, same SHA-256."
/Volumes/EOS_DIGITAL/DCIM/100CANON/IMG_1064.JPG,IMG_1064.JPG,/Users/dominiklukes/Library/CloudStorage/OneDrive-Personal/Pictures/2025/07/04/250704-04 Jul - IMG_1064.jpg,250704-04 Jul - IMG_1064.jpg,IMG_1064,10225266,2d3998b0aec2929af671605a9ea259e37cb2ead442fbdb8e51e2a0038fa57af6,yes,"Same IMG_#### token, same byte size, same SHA-256."
/Volumes/EOS_DIGITAL/DCIM/100CANON/IMG_1065.JPG,IMG_1065.JPG,/Users/dominiklukes/Library/CloudStorage/OneDrive-Personal/Pictures/2025/07/04/250704-04 Jul - IMG_1065.jpg,250704-04 Jul - IMG_1065.jpg,IMG_1065,10020491,d0716aa09181d1472650b8c5110e8df5e18da3542624b690e693dfa9e2c55466,yes,"Same IMG_#### token, same byte size, same SHA-256."
/Volumes/EOS_DIGITAL/DCIM/100CANON/IMG_1066.JPG,IMG_1066.JPG,/Users/dominiklukes/Library/CloudStorage/OneDrive-Personal/Pictures/2025/07/04/250704-04 Jul - IMG_1066.jpg,250704-04 Jul - IMG_1066.jpg,IMG_1066,10268228,983e44ed15d2f04fe0cf865bbd62b9d23790560df387c108a6f5a02d4613f7bc,yes,"Same IMG_#### token, same byte size, same SHA-256."
/Volumes/EOS_DIGITAL/DCIM/100CANON/IMG_1067.JPG,IMG_1067.JPG,/Users/dominiklukes/Library/CloudStorage/OneDrive-Personal/Pictures/2025/07/04/250704-04 Jul - IMG_1067.jpg,250704-04 Jul - IMG_1067.jpg,IMG_1067,9925226,d8ef8a67f48afb38337c401fdfc65361106160e8242aacdf046dcb7f1387765f,yes,"Same IMG_#### token, same byte size, same SHA-256."
/Volumes/EOS_DIGITAL/DCIM/100CANON/IMG_1068.JPG,IMG_1068.JPG,/Users/dominiklukes/Library/CloudStorage/OneDrive-Personal/Pictures/2025/07/04/250704-04 Jul - IMG_1068.jpg,250704-04 Jul - IMG_1068.jpg,IMG_1068,9403154,65402781ef45a2f8345fe5634eca9435dec882852d35beae8501e52b5067edb2,yes,"Same IMG_#### token, same byte size, same SHA-256."
/Volumes/EOS_DIGITAL/DCIM/100CANON/IMG_1069.JPG,IMG_1069.JPG,/Users/dominiklukes/Library/CloudStorage/OneDrive-Personal/Pictures/2025/07/04/250704-04 Jul - IMG_1069.jpg,250704-04 Jul - IMG_1069.jpg,IMG_1069,8977995,c50ee630d5dbb5cb89fe4ecae2dd788e8f650d725364e98c87dbcce3577214b0,yes,"Same IMG_#### token, same byte size, same SHA-256."
/Volumes/EOS_DIGITAL/DCIM/100CANON/IMG_1070.JPG,IMG_1070.JPG,/Users/dominiklukes/Library/CloudStorage/OneDrive-Personal/Pictures/2025/07/04/250704-04 Jul - IMG_1070.jpg,250704-04 Jul - IMG_1070.jpg,IMG_1070,7723832,15fe94ef2b6a61daa5aecdc689096266ecb7b5fef0b73b80984ab018eb55ef4b,yes,"Same IMG_#### token, same byte size, same SHA-256."
/Volumes/EOS_DIGITAL/DCIM/100CANON/IMG_1071.JPG,IMG_1071.JPG,/Users/dominiklukes/Library/CloudStorage/OneDrive-Personal/Pictures/2025/07/04/250704-04 Jul - IMG_1071.jpg,250704-04 Jul - IMG_1071.jpg,IMG_1071,8168723,94952c9834bd996eb6152543a7fe19352fc6d08eb3a57799bb9cc84d9efec08f,yes,"Same IMG_#### token, same byte size, same SHA-256."
/Volumes/EOS_DIGITAL/DCIM/100CANON/IMG_1072.JPG,IMG_1072.JPG,/Users/dominiklukes/Library/CloudStorage/OneDrive-Personal/Pictures/2025/07/04/250704-04 Jul - IMG_1072.jpg,250704-04 Jul - IMG_1072.jpg,IMG_1072,8244346,01c53c44e71cddc2a55f04ae3070a3736841d92bd5a00d0cddd545a94adc5ce7,yes,"Same IMG_#### token, same byte size, same SHA-256."
/Volumes/EOS_DIGITAL/DCIM/100CANON/IMG_1073.JPG,IMG_1073.JPG,/Users/dominiklukes/Library/CloudStorage/OneDrive-Personal/Pictures/2025/07/04/250704-04 Jul - IMG_1073.jpg,250704-04 Jul - IMG_1073.jpg,IMG_1073,8268671,eb493ada56c20c67bcf1389896934c98501483ea06b52c1c84daa74ab2d381e0,yes,"Same IMG_#### token, same byte size, same SHA-256."
/Volumes/EOS_DIGITAL/DCIM/100CANON/IMG_1074.JPG,IMG_1074.JPG,/Users/dominiklukes/Library/CloudStorage/OneDrive-Personal/Pictures/2025/07/04/250704-04 Jul - IMG_1074.jpg,250704-04 Jul - IMG_1074.jpg,IMG_1074,7910649,743982ff38c1e4f8dd5a5ae5e6ad2f33881e65d5bc87ce8f94fb82b3311ee5dc,yes,"Same IMG_#### token, same byte size, same SHA-256."
/Volumes/EOS_DIGITAL/DCIM/100CANON/IMG_1075.JPG,IMG_1075.JPG,/Users/dominiklukes/Library/CloudStorage/OneDrive-Personal/Pictures/2025/07/04/250704-04 Jul - IMG_1075.jpg,250704-04 Jul - IMG_1075.jpg,IMG_1075,8096526,3c7ef651974faac8a8795e0988bdf06849ccc5dd004cb8b1e8bc002ccd1666f7,yes,"Same IMG_#### token, same byte size, same SHA-256."
/Volumes/EOS_DIGITAL/DCIM/100CANON/IMG_1076.JPG,IMG_1076.JPG,/Users/dominiklukes/Library/CloudStorage/OneDrive-Personal/Pictures/2025/07/04/250704-04 Jul - IMG_1076.jpg,250704-04 Jul - IMG_1076.jpg,IMG_1076,6190190,14daff0e842f9864d6c8b754cd8bbd87bd21a8e02ddd8026b7769523c24016aa,yes,"Same IMG_#### token, same byte size, same SHA-256."
/Volumes/EOS_DIGITAL/DCIM/100CANON/IMG_1077.JPG,IMG_1077.JPG,/Users/dominiklukes/Library/CloudStorage/OneDrive-Personal/Pictures/2025/07/04/250704-04 Jul - IMG_1077.jpg,250704-04 Jul - IMG_1077.jpg,IMG_1077,6091796,4d30430c00e0a77d00a9d54843621328fa3cd5312720feabb8ff381363f14122,yes,"Same IMG_#### token, same byte size, same SHA-256."
/Volumes/EOS_DIGITAL/DCIM/100CANON/IMG_1078.JPG,IMG_1078.JPG,/Users/dominiklukes/Library/CloudStorage/OneDrive-Personal/Pictures/2025/07/04/250704-04 Jul - IMG_1078.jpg,250704-04 Jul - IMG_1078.jpg,IMG_1078,8483390,fbc0e67f57bac92c875b3372dbd241e58ff781979bc31d6b7c03e9e468ec984e,yes,"Same IMG_#### token, same byte size, same SHA-256."
/Volumes/EOS_DIGITAL/DCIM/100CANON/IMG_1079.JPG,IMG_1079.JPG,/Users/dominiklukes/Library/CloudStorage/OneDrive-Personal/Pictures/2025/07/04/250704-04 Jul - IMG_1079.jpg,250704-04 Jul - IMG_1079.jpg,IMG_1079,8166496,72e5ddb156d0dfe3260f270d4a8f64c3e9a3fb50ce5ce5778f89dc74abf6d3f4,yes,"Same IMG_#### token, same byte size, same SHA-256."
/Volumes/EOS_DIGITAL/DCIM/100CANON/IMG_1080.JPG,IMG_1080.JPG,/Users/dominiklukes/Library/CloudStorage/OneDrive-Personal/Pictures/2025/07/04/250704-04 Jul - IMG_1080.jpg,250704-04 Jul - IMG_1080.jpg,IMG_1080,8016813,352cbcbc02823f3146471613e856f5cafbf0d08d007b4a928e8c23c82020f226,yes,"Same IMG_#### token, same byte size, same SHA-256."
/Volumes/EOS_DIGITAL/DCIM/100CANON/IMG_1081.JPG,IMG_1081.JPG,/Users/dominiklukes/Library/CloudStorage/OneDrive-Personal/Pictures/2025/07/04/250704-04 Jul - IMG_1081.jpg,250704-04 Jul - IMG_1081.jpg,IMG_1081,7748411,17895065bb93babde983855f3a394a8c9a799e0775c42d09f1f4b6dc0d760094,yes,"Same IMG_#### token, same byte size, same SHA-256."
/Volumes/EOS_DIGITAL/DCIM/100CANON/IMG_1082.JPG,IMG_1082.JPG,/Users/dominiklukes/Library/CloudStorage/OneDrive-Personal/Pictures/2025/07/04/250704-04 Jul - IMG_1082.jpg,250704-04 Jul - IMG_1082.jpg,IMG_1082,7146167,2c1cbfcb1f098efe396cdaa0ca766f5f11538c7b349d368abcb484dc8a02fd2f,yes,"Same IMG_#### token, same byte size, same SHA-256."
/Volumes/EOS_DIGITAL/DCIM/100CANON/IMG_1083.JPG,IMG_1083.JPG,/Users/dominiklukes/Library/CloudStorage/OneDrive-Personal/Pictures/2025/07/04/250704-04 Jul - IMG_1083.jpg,250704-04 Jul - IMG_1083.jpg,IMG_1083,7275521,afd13d76716a8a9d9e7cbf05f9ef1bb2cbf2b1cc47116fabd3e16b12a9c5236f,yes,"Same IMG_#### token, same byte size, same SHA-256."
/Volumes/EOS_DIGITAL/DCIM/100CANON/IMG_1084.JPG,IMG_1084.JPG,/Users/dominiklukes/Library/CloudStorage/OneDrive-Personal/Pictures/2025/07/04/250704-04 Jul - IMG_1084.jpg,250704-04 Jul - IMG_1084.jpg,IMG_1084,7428842,e72979211b9f6f64c8fecfaa8c4ae81f9db88e02f0febd7452d874ce13d21c22,yes,"Same IMG_#### token, same byte size, same SHA-256."
/Volumes/EOS_DIGITAL/DCIM/100CANON/IMG_1085.JPG,IMG_1085.JPG,/Users/dominiklukes/Library/CloudStorage/OneDrive-Personal/Pictures/2025/07/04/250704-04 Jul - IMG_1085.jpg,250704-04 Jul - IMG_1085.jpg,IMG_1085,7806371,ccc6913a0fe820fa1bd3c1dcf0cda4b58714af432a062cf28eb3761335b8c937,yes,"Same IMG_#### token, same byte size, same SHA-256."
/Volumes/EOS_DIGITAL/DCIM/100CANON/IMG_1086.JPG,IMG_1086.JPG,/Users/dominiklukes/Library/CloudStorage/OneDrive-Personal/Pictures/2025/07/04/250704-04 Jul - IMG_1086.jpg,250704-04 Jul - IMG_1086.jpg,IMG_1086,7304511,c1e31294781647e194c0c8bd51fd386feea22131173afafad813524447fb8bc4,yes,"Same IMG_#### token, same byte size, same SHA-256."
/Volumes/EOS_DIGITAL/DCIM/100CANON/IMG_1087.JPG,IMG_1087.JPG,/Users/dominiklukes/Library/CloudStorage/OneDrive-Personal/Pictures/2025/07/04/250704-04 Jul - IMG_1087.jpg,250704-04 Jul - IMG_1087.jpg,IMG_1087,6732558,e6e643b97a13af3c6d67e7c590626dc5bf3f019b0650b61f6ac4cfcd3a77ece7,yes,"Same IMG_#### token, same byte size, same SHA-256."
/Volumes/EOS_DIGITAL/DCIM/100CANON/IMG_1088.JPG,IMG_1088.JPG,/Users/dominiklukes/Library/CloudStorage/OneDrive-Personal/Pictures/2025/07/04/250704-04 Jul - IMG_1088.jpg,250704-04 Jul - IMG_1088.jpg,IMG_1088,6935668,b39ef442f5c804f9b1d1cacb1ce1d45e9af9765e622899d8411f9d38c7e4db7b,yes,"Same IMG_#### token, same byte size, same SHA-256."
/Volumes/EOS_DIGITAL/DCIM/100CANON/IMG_1089.JPG,IMG_1089.JPG,/Users/dominiklukes/Library/CloudStorage/OneDrive-Personal/Pictures/2025/07/04/250704-04 Jul - IMG_1089.jpg,250704-04 Jul - IMG_1089.jpg,IMG_1089,7145975,954ee9fd7c9e911386807d04bafba77853de97078514f1e53a8445f2c81a0a19,yes,"Same IMG_#### token, same byte size, same SHA-256."
/Volumes/EOS_DIGITAL/DCIM/100CANON/IMG_1090.JPG,IMG_1090.JPG,/Users/dominiklukes/Library/CloudStorage/OneDrive-Personal/Pictures/2025/07/04/250704-04 Jul - IMG_1090.jpg,250704-04 Jul - IMG_1090.jpg,IMG_1090,7168482,7f0f1f39accd00eca39fa569b2e2f5f556858b194745ba74d15932de556f7964,yes,"Same IMG_#### token, same byte size, same SHA-256."
/Volumes/EOS_DIGITAL/DCIM/100CANON/IMG_1091.JPG,IMG_1091.JPG,/Users/dominiklukes/Library/CloudStorage/OneDrive-Personal/Pictures/2025/07/04/250704-04 Jul - IMG_1091.jpg,250704-04 Jul - IMG_1091.jpg,IMG_1091,8578535,cf8350bd9f82be475b0252e9a1f2970d26202ad8bbf07703f57469f3ff9edacc,yes,"Same IMG_#### token, same byte size, same SHA-256."
/Volumes/EOS_DIGITAL/DCIM/100CANON/IMG_1092.JPG,IMG_1092.JPG,/Users/dominiklukes/Library/CloudStorage/OneDrive-Personal/Pictures/2025/07/04/250704-04 Jul - IMG_1092.jpg,250704-04 Jul - IMG_1092.jpg,IMG_1092,7694215,832376905f6fd6c48fd1820c55d3427b655acbe9e42bd09309927af0df6522d0,yes,"Same IMG_#### token, same byte size, same SHA-256."
/Volumes/EOS_DIGITAL/DCIM/100CANON/IMG_1093.JPG,IMG_1093.JPG,/Users/dominiklukes/Library/CloudStorage/OneDrive-Personal/Pictures/2025/07/04/250704-04 Jul - IMG_1093.jpg,250704-04 Jul - IMG_1093.jpg,IMG_1093,9098798,e33d34fc7f1ea0c1502b893ebb46d4ef74d142824f63f1a11e529a94b6878f70,yes,"Same IMG_#### token, same byte size, same SHA-256."
/Volumes/EOS_DIGITAL/DCIM/100CANON/IMG_1094.JPG,IMG_1094.JPG,/Users/dominiklukes/Library/CloudStorage/OneDrive-Personal/Pictures/2025/07/04/250704-04 Jul - IMG_1094.jpg,250704-04 Jul - IMG_1094.jpg,IMG_1094,10401437,47a78407f7501ab159fccc89c19c529b9bd2374e7658b1d7cbda4e8725864e99,yes,"Same IMG_#### token, same byte size, same SHA-256."
/Volumes/EOS_DIGITAL/DCIM/100CANON/IMG_1095.JPG,IMG_1095.JPG,/Users/dominiklukes/Library/CloudStorage/OneDrive-Personal/Pictures/2025/07/04/250704-04 Jul - IMG_1095.jpg,250704-04 Jul - IMG_1095.jpg,IMG_1095,8721626,b47b9a423ea7f6fa31dbf8f17f615caf0d640acd0bfb2ce07cfb3091ae73e2a3,yes,"Same IMG_#### token, same byte size, same SHA-256."
/Volumes/EOS_DIGITAL/DCIM/100CANON/IMG_1096.JPG,IMG_1096.JPG,/Users/dominiklukes/Library/CloudStorage/OneDrive-Personal/Pictures/2025/07/04/250704-04 Jul - IMG_1096.jpg,250704-04 Jul - IMG_1096.jpg,IMG_1096,7369437,65a2e12f05f10d24fa3e034f6706921d2bba5fa8f70460fc4aa7d50fae839b14,yes,"Same IMG_#### token, same byte size, same SHA-256."
/Volumes/EOS_DIGITAL/DCIM/100CANON/IMG_1097.JPG,IMG_1097.JPG,/Users/dominiklukes/Library/CloudStorage/OneDrive-Personal/Pictures/2025/07/04/250704-04 Jul - IMG_1097.jpg,250704-04 Jul - IMG_1097.jpg,IMG_1097,8020385,31ad3f7be774021268245f4c83fb3c6cb0a4849284bfbe9ceb73a3b77936cfae,yes,"Same IMG_#### token, same byte size, same SHA-256."
/Volumes/EOS_DIGITAL/DCIM/100CANON/IMG_1098.JPG,IMG_1098.JPG,/Users/dominiklukes/Library/CloudStorage/OneDrive-Personal/Pictures/2025/07/04/250704-04 Jul - IMG_1098.jpg,250704-04 Jul - IMG_1098.jpg,IMG_1098,8098367,beb4903d2547d7390cd8e8b5ca2933c72323e3a14f7c55eafa8979a330c215b8,yes,"Same IMG_#### token, same byte size, same SHA-256."
/Volumes/EOS_DIGITAL/DCIM/100CANON/IMG_1099.JPG,IMG_1099.JPG,/Users/dominiklukes/Library/CloudStorage/OneDrive-Personal/Pictures/2025/07/04/250704-04 Jul - IMG_1099.jpg,250704-04 Jul - IMG_1099.jpg,IMG_1099,7452440,8347793d1c5827a44e4a625d84e97fcf4e258a08935aaabfd7a0dba928e6bcfb,yes,"Same IMG_#### token, same byte size, same SHA-256."
/Volumes/EOS_DIGITAL/DCIM/100CANON/IMG_1100.JPG,IMG_1100.JPG,/Users/dominiklukes/Library/CloudStorage/OneDrive-Personal/Pictures/2025/07/04/250704-04 Jul - IMG_1100.jpg,250704-04 Jul - IMG_1100.jpg,IMG_1100,7025488,4108dad7a3b987ca7c1c86462ffafe37ebe735c4e6262d943c552bd14a3c64f7,yes,"Same IMG_#### token, same byte size, same SHA-256."
/Volumes/EOS_DIGITAL/DCIM/100CANON/IMG_1101.JPG,IMG_1101.JPG,/Users/dominiklukes/Library/CloudStorage/OneDrive-Personal/Pictures/2025/07/04/250704-04 Jul - IMG_1101.jpg,250704-04 Jul - IMG_1101.jpg,IMG_1101,6719509,e6943bf5658b44116683d87f76eb27747fcadce244069bdc53344011317195f9,yes,"Same IMG_#### token, same byte size, same SHA-256."
/Volumes/EOS_DIGITAL/DCIM/100CANON/IMG_1102.JPG,IMG_1102.JPG,/Users/dominiklukes/Library/CloudStorage/OneDrive-Personal/Pictures/2025/07/04/250704-04 Jul - IMG_1102.jpg,250704-04 Jul - IMG_1102.jpg,IMG_1102,4561572,9c43994914f5a3f112d540a1b73918c889f958895b9275e094dea7e67bb0cadf,yes,"Same IMG_#### token, same byte size, same SHA-256."
/Volumes/EOS_DIGITAL/DCIM/100CANON/IMG_1103.JPG,IMG_1103.JPG,/Users/dominiklukes/Library/CloudStorage/OneDrive-Personal/Pictures/2025/07/04/250704-04 Jul - IMG_1103.jpg,250704-04 Jul - IMG_1103.jpg,IMG_1103,4187261,853f653541e2408d8682de91f8c25bf9376aa9e00c9e48ea273d7b6c86636dcd,yes,"Same IMG_#### token, same byte size, same SHA-256."
/Volumes/EOS_DIGITAL/DCIM/100CANON/IMG_1104.JPG,IMG_1104.JPG,/Users/dominiklukes/Library/CloudStorage/OneDrive-Personal/Pictures/2025/07/04/250704-04 Jul - IMG_1104.jpg,250704-04 Jul - IMG_1104.jpg,IMG_1104,5829649,9f62fa992728c9f98f31a8450549703ebf2e748dcb7d0de0b797bfebac0b8e82,yes,"Same IMG_#### token, same byte size, same SHA-256."
/Volumes/EOS_DIGITAL/DCIM/100CANON/IMG_1105.JPG,IMG_1105.JPG,/Users/dominiklukes/Library/CloudStorage/OneDrive-Personal/Pictures/2025/07/04/250704-04 Jul - IMG_1105.jpg,250704-04 Jul - IMG_1105.jpg,IMG_1105,6433023,d8816d4b0a9127d91495b36e2e600452ecf9da8d68a1d4255ea09f63b0f06a7b,yes,"Same IMG_#### token, same byte size, same SHA-256."
/Volumes/EOS_DIGITAL/DCIM/100CANON/IMG_1106.JPG,IMG_1106.JPG,/Users/dominiklukes/Library/CloudStorage/OneDrive-Personal/Pictures/2025/07/04/250704-04 Jul - IMG_1106.jpg,250704-04 Jul - IMG_1106.jpg,IMG_1106,6510020,1224a0abbfdbbff18917ef615533fef9998717fe50dbdd96ef56534d4d361815,yes,"Same IMG_#### token, same byte size, same SHA-256."
/Volumes/EOS_DIGITAL/DCIM/100CANON/IMG_1107.JPG,IMG_1107.JPG,/Users/dominiklukes/Library/CloudStorage/OneDrive-Personal/Pictures/2025/07/04/250704-04 Jul - IMG_1107.jpg,250704-04 Jul - IMG_1107.jpg,IMG_1107,7134877,b64dad8661227b3ac59a2f9c08890b1ce70fbcca8995e8ac907808a3a88107cf,yes,"Same IMG_#### token, same byte size, same SHA-256."
/Volumes/EOS_DIGITAL/DCIM/100CANON/IMG_1108.JPG,IMG_1108.JPG,/Users/dominiklukes/Library/CloudStorage/OneDrive-Personal/Pictures/2025/07/04/250704-04 Jul - IMG_1108.jpg,250704-04 Jul - IMG_1108.jpg,IMG_1108,9991276,bce259bfa2bea5f8fedd86cd209f721fae408694557e8f29bb97c53d911c3246,yes,"Same IMG_#### token, same byte size, same SHA-256."
/Volumes/EOS_DIGITAL/DCIM/100CANON/IMG_1109.JPG,IMG_1109.JPG,/Users/dominiklukes/Library/CloudStorage/OneDrive-Personal/Pictures/2025/07/04/250704-04 Jul - IMG_1109.jpg,250704-04 Jul - IMG_1109.jpg,IMG_1109,9575484,8134e1f3f8ad170597ee3cb9758454b000fd03a436ef9c30b1a9705bc08a1e9b,yes,"Same IMG_#### token, same byte size, same SHA-256."
/Volumes/EOS_DIGITAL/DCIM/100CANON/IMG_1110.JPG,IMG_1110.JPG,/Users/dominiklukes/Library/CloudStorage/OneDrive-Personal/Pictures/2025/07/04/250704-04 Jul - IMG_1110.jpg,250704-04 Jul - IMG_1110.jpg,IMG_1110,10898992,0b600b8dd97baad0e9c51dc36454d7ef00fa6438a73cacc77a2ae9c84517fa8e,yes,"Same IMG_#### token, same byte size, same SHA-256."
/Volumes/EOS_DIGITAL/DCIM/100CANON/IMG_1111.JPG,IMG_1111.JPG,/Users/dominiklukes/Library/CloudStorage/OneDrive-Personal/Pictures/2025/07/04/250704-04 Jul - IMG_1111.jpg,250704-04 Jul - IMG_1111.jpg,IMG_1111,10854945,88d3383059e3ec8e69e538ba51b78ba3e279a5141f51a3527f437f5cf7098048,yes,"Same IMG_#### token, same byte size, same SHA-256."
/Volumes/EOS_DIGITAL/DCIM/100CANON/IMG_1112.JPG,IMG_1112.JPG,/Users/dominiklukes/Library/CloudStorage/OneDrive-Personal/Pictures/2025/07/04/250704-04 Jul - IMG_1112.jpg,250704-04 Jul - IMG_1112.jpg,IMG_1112,10717154,065931a9b4bad5dc9add12942a1d0f0861b6227bddbfd5a82c3a624ec7d03212,yes,"Same IMG_#### token, same byte size, same SHA-256."
/Volumes/EOS_DIGITAL/DCIM/100CANON/IMG_1113.JPG,IMG_1113.JPG,/Users/dominiklukes/Library/CloudStorage/OneDrive-Personal/Pictures/2025/07/04/250704-04 Jul - IMG_1113.jpg,250704-04 Jul - IMG_1113.jpg,IMG_1113,7398071,d1976729396d8edfec76c7994574142e47bf35ccf59e1af3d71f02d88ad93dcf,yes,"Same IMG_#### token, same byte size, same SHA-256."
/Volumes/EOS_DIGITAL/DCIM/100CANON/IMG_1114.JPG,IMG_1114.JPG,/Users/dominiklukes/Library/CloudStorage/OneDrive-Personal/Pictures/2025/07/04/250704-04 Jul - IMG_1114.jpg,250704-04 Jul - IMG_1114.jpg,IMG_1114,7354693,36d5a24d004996f1b7d300860dedbfc7f7eb5ff0587156eb463103732790d8a7,yes,"Same IMG_#### token, same byte size, same SHA-256."
/Volumes/EOS_DIGITAL/DCIM/100CANON/IMG_1115.JPG,IMG_1115.JPG,/Users/dominiklukes/Library/CloudStorage/OneDrive-Personal/Pictures/2025/07/04/250704-04 Jul - IMG_1115.jpg,250704-04 Jul - IMG_1115.jpg,IMG_1115,6323540,f63eb30406325e05fab1be3e486d2a255a06b664fb6d2967c430debfd3f489f9,yes,"Same IMG_#### token, same byte size, same SHA-256."
/Volumes/EOS_DIGITAL/DCIM/100CANON/IMG_1116.JPG,IMG_1116.JPG,/Users/dominiklukes/Library/CloudStorage/OneDrive-Personal/Pictures/2025/07/04/250704-04 Jul - IMG_1116.jpg,250704-04 Jul - IMG_1116.jpg,IMG_1116,6372207,1ea943edc9a6bd6aa82951596772aab5c652b31b2565c4a2ad51f4bb90338614,yes,"Same IMG_#### token, same byte size, same SHA-256."
/Volumes/EOS_DIGITAL/DCIM/100CANON/IMG_1117.JPG,IMG_1117.JPG,/Users/dominiklukes/Library/CloudStorage/OneDrive-Personal/Pictures/2025/07/04/250704-04 Jul - IMG_1117.jpg,250704-04 Jul - IMG_1117.jpg,IMG_1117,6258041,a97abbd74fd93c65c040f46b11599ddbe3825a2fa9f2bbeb4cb852c7e5d2d843,yes,"Same IMG_#### token, same byte size, same SHA-256."
/Volumes/EOS_DIGITAL/DCIM/100CANON/IMG_1118.JPG,IMG_1118.JPG,/Users/dominiklukes/Library/CloudStorage/OneDrive-Personal/Pictures/2025/07/04/250704-04 Jul - IMG_1118.jpg,250704-04 Jul - IMG_1118.jpg,IMG_1118,6606963,0cbbb4030eff9b88e5db373678b99961f5ec8d1a602500a829d954086fa8ff10,yes,"Same IMG_#### token, same byte size, same SHA-256."
/Volumes/EOS_DIGITAL/DCIM/100CANON/IMG_1119.JPG,IMG_1119.JPG,/Users/dominiklukes/Library/CloudStorage/OneDrive-Personal/Pictures/2025/07/04/250704-04 Jul - IMG_1119.jpg,250704-04 Jul - IMG_1119.jpg,IMG_1119,8298084,5799551bfbcabd5ce21357f7317b2a9805e34afa01448b82dade94fcf38060c8,yes,"Same IMG_#### token, same byte size, same SHA-256."
/Volumes/EOS_DIGITAL/DCIM/100CANON/IMG_1120.JPG,IMG_1120.JPG,/Users/dominiklukes/Library/CloudStorage/OneDrive-Personal/Pictures/2025/07/04/250704-04 Jul - IMG_1120.jpg,250704-04 Jul - IMG_1120.jpg,IMG_1120,8121970,449bf5892262c0ff46537df420e7f0c4241603d219e6f9dd44ba9aecfd743b6d,yes,"Same IMG_#### token, same byte size, same SHA-256."
/Volumes/EOS_DIGITAL/DCIM/100CANON/IMG_1121.JPG,IMG_1121.JPG,/Users/dominiklukes/Library/CloudStorage/OneDrive-Personal/Pictures/2025/07/04/250704-04 Jul - IMG_1121.jpg,250704-04 Jul - IMG_1121.jpg,IMG_1121,7919938,d7ff011855de6f9ba07ce896051ef88c139ee13b39a5a93e29dd166422c2639c,yes,"Same IMG_#### token, same byte size, same SHA-256."
/Volumes/EOS_DIGITAL/DCIM/100CANON/IMG_1122.JPG,IMG_1122.JPG,/Users/dominiklukes/Library/CloudStorage/OneDrive-Personal/Pictures/2025/07/04/250704-04 Jul - IMG_1122.jpg,250704-04 Jul - IMG_1122.jpg,IMG_1122,7404049,6f96ab703c371a3520f3004253e6a171f22d66294eae6e3723e523f5d40ee0c6,yes,"Same IMG_#### token, same byte size, same SHA-256."
/Volumes/EOS_DIGITAL/DCIM/100CANON/IMG_1123.JPG,IMG_1123.JPG,/Users/dominiklukes/Library/CloudStorage/OneDrive-Personal/Pictures/2025/07/04/250704-04 Jul - IMG_1123.jpg,250704-04 Jul - IMG_1123.jpg,IMG_1123,8716670,1c266af5a870e21baba69c850f300dfbc9bab8a16ee276fb9f84e3a31cce0f78,yes,"Same IMG_#### token, same byte size, same SHA-256."
/Volumes/EOS_DIGITAL/DCIM/100CANON/IMG_1124.JPG,IMG_1124.JPG,/Users/dominiklukes/Library/CloudStorage/OneDrive-Personal/Pictures/2025/07/04/250704-04 Jul - IMG_1124.jpg,250704-04 Jul - IMG_1124.jpg,IMG_1124,8788067,a12138f2fd2336a4e0d79feeadcd776ad2bf2c419a008a447ec84141ef45cec9,yes,"Same IMG_#### token, same byte size, same SHA-256."
/Volumes/EOS_DIGITAL/DCIM/100CANON/IMG_1125.JPG,IMG_1125.JPG,/Users/dominiklukes/Library/CloudStorage/OneDrive-Personal/Pictures/2025/07/04/250704-04 Jul - IMG_1125.jpg,250704-04 Jul - IMG_1125.jpg,IMG_1125,8415420,f581d3144f92b025cc71dd870fd50230e746326982157f290955a32fd7fc9f74,yes,"Same IMG_#### token, same byte size, same SHA-256."
/Volumes/EOS_DIGITAL/DCIM/100CANON/IMG_1126.JPG,IMG_1126.JPG,/Users/dominiklukes/Library/CloudStorage/OneDrive-Personal/Pictures/2025/07/04/250704-04 Jul - IMG_1126.jpg,250704-04 Jul - IMG_1126.jpg,IMG_1126,8928028,2f2b1f1e07974d7ce93271e370fff76720a0299e95c4d3411d868cd017e0bf73,yes,"Same IMG_#### token, same byte size, same SHA-256."
/Volumes/EOS_DIGITAL/DCIM/100CANON/IMG_1127.JPG,IMG_1127.JPG,/Users/dominiklukes/Library/CloudStorage/OneDrive-Personal/Pictures/2025/07/04/250704-04 Jul - IMG_1127.jpg,250704-04 Jul - IMG_1127.jpg,IMG_1127,8950322,bdce32edf4cc1b99ca43bff35ca8ecaa2d27a0469f9ab024a1971234354953d2,yes,"Same IMG_#### token, same byte size, same SHA-256."
/Volumes/EOS_DIGITAL/DCIM/100CANON/IMG_1128.JPG,IMG_1128.JPG,/Users/dominiklukes/Library/CloudStorage/OneDrive-Personal/Pictures/2025/07/04/250704-04 Jul - IMG_1128.jpg,250704-04 Jul - IMG_1128.jpg,IMG_1128,7826581,847e5c8da0d0c37621114e9fcd6eea9bf460adf86ec7c78d60734f177897f1d5,yes,"Same IMG_#### token, same byte size, same SHA-256."
/Volumes/EOS_DIGITAL/DCIM/100CANON/IMG_1129.JPG,IMG_1129.JPG,/Users/dominiklukes/Library/CloudStorage/OneDrive-Personal/Pictures/2025/07/04/250704-04 Jul - IMG_1129.jpg,250704-04 Jul - IMG_1129.jpg,IMG_1129,7743674,a5a0bcd91ebf8dd184eddf5cd1b6b0ef3782bb29e3d278590d4d4ac65650e600,yes,"Same IMG_#### token, same byte size, same SHA-256."
/Volumes/EOS_DIGITAL/DCIM/100CANON/IMG_1130.JPG,IMG_1130.JPG,/Users/dominiklukes/Library/CloudStorage/OneDrive-Personal/Pictures/2025/07/04/250704-04 Jul - IMG_1130.jpg,250704-04 Jul - IMG_1130.jpg,IMG_1130,7740767,acb4022b50d940e7bb3fa41cca5214e168771ae00744646fac6770a53203ef45,yes,"Same IMG_#### token, same byte size, same SHA-256."
/Volumes/EOS_DIGITAL/DCIM/100CANON/IMG_1131.JPG,IMG_1131.JPG,/Users/dominiklukes/Library/CloudStorage/OneDrive-Personal/Pictures/2025/07/04/250704-04 Jul - IMG_1131.jpg,250704-04 Jul - IMG_1131.jpg,IMG_1131,6906686,cdef1bde5eb068f53dca450c58c9a7c6999522ad6f1c06738e024b2b5044dc6f,yes,"Same IMG_#### token, same byte size, same SHA-256."
/Volumes/EOS_DIGITAL/DCIM/100CANON/IMG_1132.JPG,IMG_1132.JPG,/Users/dominiklukes/Library/CloudStorage/OneDrive-Personal/Pictures/2025/07/04/250704-04 Jul - IMG_1132.jpg,250704-04 Jul - IMG_1132.jpg,IMG_1132,7118670,f150c5fca2241817c8bbe6504fc99e147f543e3ccf79111c0fbed505d214325a,yes,"Same IMG_#### token, same byte size, same SHA-256."
/Volumes/EOS_DIGITAL/DCIM/100CANON/IMG_1133.JPG,IMG_1133.JPG,/Users/dominiklukes/Library/CloudStorage/OneDrive-Personal/Pictures/2025/07/04/250704-04 Jul - IMG_1133.jpg,250704-04 Jul - IMG_1133.jpg,IMG_1133,7368905,234f5d7945b662b6fe108d56abc53a68d48128f86748a149dc7915593a10b3cb,yes,"Same IMG_#### token, same byte size, same SHA-256."
/Volumes/EOS_DIGITAL/DCIM/100CANON/IMG_1134.JPG,IMG_1134.JPG,/Users/dominiklukes/Library/CloudStorage/OneDrive-Personal/Pictures/2025/07/04/250704-04 Jul - IMG_1134.jpg,250704-04 Jul - IMG_1134.jpg,IMG_1134,7889171,8a69154d37e1cf51cc3e60d62c298dafbbb094b1463fde22ca5b41d927391eb1,yes,"Same IMG_#### token, same byte size, same SHA-256."
/Volumes/EOS_DIGITAL/DCIM/100CANON/IMG_1135.JPG,IMG_1135.JPG,/Users/dominiklukes/Library/CloudStorage/OneDrive-Personal/Pictures/2025/07/04/250704-04 Jul - IMG_1135.jpg,250704-04 Jul - IMG_1135.jpg,IMG_1135,7373768,484f5cb56abdce6e8a288924a4dd6d5e71ce542ccf7b9b5e621cf73e2f09b92b,yes,"Same IMG_#### token, same byte size, same SHA-256."
/Volumes/EOS_DIGITAL/DCIM/100CANON/IMG_1136.JPG,IMG_1136.JPG,/Users/dominiklukes/Library/CloudStorage/OneDrive-Personal/Pictures/2025/07/04/250704-04 Jul - IMG_1136.jpg,250704-04 Jul - IMG_1136.jpg,IMG_1136,6625320,80b7fe20c3a594fa37d84fb18cec1b74067b2288a01b0923b4cb45f6984feef4,yes,"Same IMG_#### token, same byte size, same SHA-256."
/Volumes/EOS_DIGITAL/DCIM/100CANON/IMG_1137.JPG,IMG_1137.JPG,/Users/dominiklukes/Library/CloudStorage/OneDrive-Personal/Pictures/2025/07/04/250704-04 Jul - IMG_1137.jpg,250704-04 Jul - IMG_1137.jpg,IMG_1137,3854404,55c2d62b73b06c955e3484b7b8677a140559d2c72fa3c8385ccecbcb0b1df86f,yes,"Same IMG_#### token, same byte size, same SHA-256."
/Volumes/EOS_DIGITAL/DCIM/100CANON/IMG_1138.JPG,IMG_1138.JPG,/Users/dominiklukes/Library/CloudStorage/OneDrive-Personal/Pictures/2025/07/04/250704-04 Jul - IMG_1138.jpg,250704-04 Jul - IMG_1138.jpg,IMG_1138,4045425,b776170db100b797ae5a9b238f0794135c87419b7285b85d0f3b9ebc77f0a4e4,yes,"Same IMG_#### token, same byte size, same SHA-256."
/Volumes/EOS_DIGITAL/DCIM/100CANON/IMG_1139.JPG,IMG_1139.JPG,/Users/dominiklukes/Library/CloudStorage/OneDrive-Personal/Pictures/2025/07/04/250704-04 Jul - IMG_1139.jpg,250704-04 Jul - IMG_1139.jpg,IMG_1139,4399291,edb803d06a8adbfe638690d76b90869296eae8856820e9e2529bd8031a66c843,yes,"Same IMG_#### token, same byte size, same SHA-256."
/Volumes/EOS_DIGITAL/DCIM/100CANON/IMG_1140.JPG,IMG_1140.JPG,/Users/dominiklukes/Library/CloudStorage/OneDrive-Personal/Pictures/2025/07/04/250704-04 Jul - IMG_1140.jpg,250704-04 Jul - IMG_1140.jpg,IMG_1140,4410277,5757a9fe0228fad456956d0becda1186a4dc872821f40894d98b2d3c8611e302,yes,"Same IMG_#### token, same byte size, same SHA-256."
/Volumes/EOS_DIGITAL/DCIM/100CANON/IMG_1141.JPG,IMG_1141.JPG,/Users/dominiklukes/Library/CloudStorage/OneDrive-Personal/Pictures/2025/07/04/250704-04 Jul - IMG_1141.jpg,250704-04 Jul - IMG_1141.jpg,IMG_1141,4385143,1f1a4e43fa10f56d6471477eeaf6441310c584b5d990d59c03568e328940a5cf,yes,"Same IMG_#### token, same byte size, same SHA-256."
/Volumes/EOS_DIGITAL/DCIM/100CANON/IMG_1142.JPG,IMG_1142.JPG,/Users/dominiklukes/Library/CloudStorage/OneDrive-Personal/Pictures/2025/07/04/250704-04 Jul - IMG_1142.jpg,250704-04 Jul - IMG_1142.jpg,IMG_1142,6846885,86dd48a4c62e202259d0773a7cf70e6498b6a9cdfd8f25dfbb3622ae18f8ecfe,yes,"Same IMG_#### token, same byte size, same SHA-256."
/Volumes/EOS_DIGITAL/DCIM/100CANON/IMG_1143.JPG,IMG_1143.JPG,/Users/dominiklukes/Library/CloudStorage/OneDrive-Personal/Pictures/2025/07/04/250704-04 Jul - IMG_1143.jpg,250704-04 Jul - IMG_1143.jpg,IMG_1143,7224065,74cfec7a59355bb6a0762aa3cd5b7e1b57d6237c25b8975e3f569df3c3a9203b,yes,"Same IMG_#### token, same byte size, same SHA-256."
/Volumes/EOS_DIGITAL/DCIM/100CANON/IMG_1144.JPG,IMG_1144.JPG,/Users/dominiklukes/Library/CloudStorage/OneDrive-Personal/Pictures/2025/07/04/250704-04 Jul - IMG_1144.jpg,250704-04 Jul - IMG_1144.jpg,IMG_1144,6419167,41bb40b2ecd03a03aaf3912622d5feea0bfeb65830a644088e696a061773fb0a,yes,"Same IMG_#### token, same byte size, same SHA-256."
/Volumes/EOS_DIGITAL/DCIM/100CANON/IMG_1145.JPG,IMG_1145.JPG,/Users/dominiklukes/Library/CloudStorage/OneDrive-Personal/Pictures/2025/07/04/250704-04 Jul - IMG_1145.jpg,250704-04 Jul - IMG_1145.jpg,IMG_1145,5644947,bbc27e779fc80adb1fe74f3845c796870df6134746458313d91cbfade6865652,yes,"Same IMG_#### token, same byte size, same SHA-256."
/Volumes/EOS_DIGITAL/DCIM/100CANON/IMG_1146.JPG,IMG_1146.JPG,/Users/dominiklukes/Library/CloudStorage/OneDrive-Personal/Pictures/2025/07/04/250704-04 Jul - IMG_1146.jpg,250704-04 Jul - IMG_1146.jpg,IMG_1146,5507684,c001b02f3fc449eb8d134a01a886ed2fdbbe4d98b46dd9a124609327dc8ac230,yes,"Same IMG_#### token, same byte size, same SHA-256."
/Volumes/EOS_DIGITAL/DCIM/100CANON/IMG_1147.JPG,IMG_1147.JPG,/Users/dominiklukes/Library/CloudStorage/OneDrive-Personal/Pictures/2025/07/04/250704-04 Jul - IMG_1147.jpg,250704-04 Jul - IMG_1147.jpg,IMG_1147,5391368,5aeb9b7ed07f7464694a6367857bc508eca5d42f7a2b935c3333a3ed9a5e50d8,yes,"Same IMG_#### token, same byte size, same SHA-256."
/Volumes/EOS_DIGITAL/DCIM/100CANON/IMG_1148.JPG,IMG_1148.JPG,/Users/dominiklukes/Library/CloudStorage/OneDrive-Personal/Pictures/2025/07/04/250704-04 Jul - IMG_1148.jpg,250704-04 Jul - IMG_1148.jpg,IMG_1148,8169814,e876235a0dda04794d216092b927b49f02393be1a8ae2e601fef0dd95bbc8812,yes,"Same IMG_#### token, same byte size, same SHA-256."
/Volumes/EOS_DIGITAL/DCIM/100CANON/IMG_1149.JPG,IMG_1149.JPG,/Users/dominiklukes/Library/CloudStorage/OneDrive-Personal/Pictures/2025/07/04/250704-04 Jul - IMG_1149.jpg,250704-04 Jul - IMG_1149.jpg,IMG_1149,8004474,e641d967ff9ea42802d96b1b6b53cc28c0ca9ccadce1971eb77d22e837d45e17,yes,"Same IMG_#### token, same byte size, same SHA-256."
/Volumes/EOS_DIGITAL/DCIM/100CANON/IMG_1150.JPG,IMG_1150.JPG,/Users/dominiklukes/Library/CloudStorage/OneDrive-Personal/Pictures/2025/07/04/250704-04 Jul - IMG_1150.jpg,250704-04 Jul - IMG_1150.jpg,IMG_1150,7583619,4e02b12add4d2ca89c625ebc27a3a32a4b658ca391d8386c112fba61e3224e7e,yes,"Same IMG_#### token, same byte size, same SHA-256."
/Volumes/EOS_DIGITAL/DCIM/100CANON/IMG_1151.JPG,IMG_1151.JPG,/Users/dominiklukes/Library/CloudStorage/OneDrive-Personal/Pictures/2025/07/04/250704-04 Jul - IMG_1151.jpg,250704-04 Jul - IMG_1151.jpg,IMG_1151,7579846,8fe5c057d0142c0fb27513411bc3303c314b539a9b708508eeaacfcdde3235a4,yes,"Same IMG_#### token, same byte size, same SHA-256."
/Volumes/EOS_DIGITAL/DCIM/100CANON/IMG_1152.JPG,IMG_1152.JPG,/Users/dominiklukes/Library/CloudStorage/OneDrive-Personal/Pictures/2025/07/04/250704-04 Jul - IMG_1152.jpg,250704-04 Jul - IMG_1152.jpg,IMG_1152,7038117,d479b1f7fec59e323d8da60a27095bce30a4da76a4e3f8c27166b9079d03ef21,yes,"Same IMG_#### token, same byte size, same SHA-256."
/Volumes/EOS_DIGITAL/DCIM/100CANON/IMG_1153.JPG,IMG_1153.JPG,/Users/dominiklukes/Library/CloudStorage/OneDrive-Personal/Pictures/2025/07/04/250704-04 Jul - IMG_1153.jpg,250704-04 Jul - IMG_1153.jpg,IMG_1153,6703607,827ee3e35e7305ed8298f6ddd17b51087fdcb5d5f7e83a32237cf6fc0f94e7f4,yes,"Same IMG_#### token, same byte size, same SHA-256."
/Volumes/EOS_DIGITAL/DCIM/100CANON/IMG_1154.JPG,IMG_1154.JPG,/Users/dominiklukes/Library/CloudStorage/OneDrive-Personal/Pictures/2025/07/04/250704-04 Jul - IMG_1154.jpg,250704-04 Jul - IMG_1154.jpg,IMG_1154,6425325,7cf4635586b2021f44aeba9dcf1efd8dc5b69e5507a6828b3bb05aba3de5b199,yes,"Same IMG_#### token, same byte size, same SHA-256."
/Volumes/EOS_DIGITAL/DCIM/100CANON/IMG_1155.JPG,IMG_1155.JPG,/Users/dominiklukes/Library/CloudStorage/OneDrive-Personal/Pictures/2025/07/04/250704-04 Jul - IMG_1155.jpg,250704-04 Jul - IMG_1155.jpg,IMG_1155,7565847,1c75b798c41ff3d725aa326fb139c046b71f5eb8be2e97c89eeea3363a535700,yes,"Same IMG_#### token, same byte size, same SHA-256."
/Volumes/EOS_DIGITAL/DCIM/100CANON/IMG_1156.JPG,IMG_1156.JPG,/Users/dominiklukes/Library/CloudStorage/OneDrive-Personal/Pictures/2025/07/04/250704-04 Jul - IMG_1156.jpg,250704-04 Jul - IMG_1156.jpg,IMG_1156,7720580,9035b8124a9ae71a8272be1fa190fc793997c7ec5fbbabb419a611fe0f680cdb,yes,"Same IMG_#### token, same byte size, same SHA-256."
/Volumes/EOS_DIGITAL/DCIM/100CANON/IMG_1157.JPG,IMG_1157.JPG,/Users/dominiklukes/Library/CloudStorage/OneDrive-Personal/Pictures/2025/07/04/250704-04 Jul - IMG_1157.jpg,250704-04 Jul - IMG_1157.jpg,IMG_1157,6873477,c9ef3b3c8a2beb5b3a767827b188dbb8fec46d473016ced3d8b55751993565ad,yes,"Same IMG_#### token, same byte size, same SHA-256."
/Volumes/EOS_DIGITAL/DCIM/100CANON/IMG_1158.JPG,IMG_1158.JPG,/Users/dominiklukes/Library/CloudStorage/OneDrive-Personal/Pictures/2025/07/04/250704-04 Jul - IMG_1158.jpg,250704-04 Jul - IMG_1158.jpg,IMG_1158,6954283,2bd3242a01335dba58890e5c3c9cea7aef0906ef615f3a5d697e00c016f8e651,yes,"Same IMG_#### token, same byte size, same SHA-256."
/Volumes/EOS_DIGITAL/DCIM/100CANON/IMG_1159.JPG,IMG_1159.JPG,/Users/dominiklukes/Library/CloudStorage/OneDrive-Personal/Pictures/2025/07/04/250704-04 Jul - IMG_1159.jpg,250704-04 Jul - IMG_1159.jpg,IMG_1159,6677125,5475af0a16ee131fdd50c96312e710a93c60425f32016cdcda32c497cc7dcd1a,yes,"Same IMG_#### token, same byte size, same SHA-256."
/Volumes/EOS_DIGITAL/DCIM/100CANON/IMG_1160.JPG,IMG_1160.JPG,/Users/dominiklukes/Library/CloudStorage/OneDrive-Personal/Pictures/2025/07/04/250704-04 Jul - IMG_1160.jpg,250704-04 Jul - IMG_1160.jpg,IMG_1160,7364776,0c45122dc92248abc505a2d574bc916839e3c95f68ef2d22b49d14ab6a5902cf,yes,"Same IMG_#### token, same byte size, same SHA-256."
/Volumes/EOS_DIGITAL/DCIM/100CANON/IMG_1161.JPG,IMG_1161.JPG,/Users/dominiklukes/Library/CloudStorage/OneDrive-Personal/Pictures/2025/07/04/250704-04 Jul - IMG_1161.jpg,250704-04 Jul - IMG_1161.jpg,IMG_1161,7320857,8dd3752e737583ed8e5044362abc86d18eb7c8645fca8f165773b86747dd838a,yes,"Same IMG_#### token, same byte size, same SHA-256."
/Volumes/EOS_DIGITAL/DCIM/100CANON/IMG_1162.JPG,IMG_1162.JPG,/Users/dominiklukes/Library/CloudStorage/OneDrive-Personal/Pictures/2025/07/04/250704-04 Jul - IMG_1162.jpg,250704-04 Jul - IMG_1162.jpg,IMG_1162,7782338,7e03969f8dd85abffab7b38480b512d3af1415d6178d6f434e54f33c5477b319,yes,"Same IMG_#### token, same byte size, same SHA-256."
/Volumes/EOS_DIGITAL/DCIM/100CANON/IMG_1163.JPG,IMG_1163.JPG,/Users/dominiklukes/Library/CloudStorage/OneDrive-Personal/Pictures/2025/07/04/250704-04 Jul - IMG_1163.jpg,250704-04 Jul - IMG_1163.jpg,IMG_1163,7030176,5ef891930f03ecfda6d31cbbde0196b665f4002c396e4bcb0eb112f304f6fea5,yes,"Same IMG_#### token, same byte size, same SHA-256."
/Volumes/EOS_DIGITAL/DCIM/100CANON/IMG_1164.JPG,IMG_1164.JPG,/Users/dominiklukes/Library/CloudStorage/OneDrive-Personal/Pictures/2025/07/04/250704-04 Jul - IMG_1164.jpg,250704-04 Jul - IMG_1164.jpg,IMG_1164,6018978,58302ac70e68638ef9cbfbb3814b0867209613525cc05f5f48c73689950eff37,yes,"Same IMG_#### token, same byte size, same SHA-256."
/Volumes/EOS_DIGITAL/DCIM/100CANON/IMG_1165.JPG,IMG_1165.JPG,/Users/dominiklukes/Library/CloudStorage/OneDrive-Personal/Pictures/2025/07/04/250704-04 Jul - IMG_1165.jpg,250704-04 Jul - IMG_1165.jpg,IMG_1165,6983372,a867ae9be66d2995aedf1ef5397b65583b7b9c8cc3b2f7951b34b235dc0121e1,yes,"Same IMG_#### token, same byte size, same SHA-256."
/Volumes/EOS_DIGITAL/DCIM/100CANON/IMG_1166.JPG,IMG_1166.JPG,/Users/dominiklukes/Library/CloudStorage/OneDrive-Personal/Pictures/2025/07/04/250704-04 Jul - IMG_1166.jpg,250704-04 Jul - IMG_1166.jpg,IMG_1166,7400375,f5fb96b0f75290b1991e72d52d9cd186b7c2082c3a41b3ada9981bb0afd08844,yes,"Same IMG_#### token, same byte size, same SHA-256."
/Volumes/EOS_DIGITAL/DCIM/100CANON/IMG_1167.JPG,IMG_1167.JPG,/Users/dominiklukes/Library/CloudStorage/OneDrive-Personal/Pictures/2025/07/04/250704-04 Jul - IMG_1167.jpg,250704-04 Jul - IMG_1167.jpg,IMG_1167,10010463,abdccf5ad9898775bba0d63f268b102952fb7ea49089e22d22ec2ff79e6e23a8,yes,"Same IMG_#### token, same byte size, same SHA-256."
/Volumes/EOS_DIGITAL/DCIM/100CANON/IMG_1168.JPG,IMG_1168.JPG,/Users/dominiklukes/Library/CloudStorage/OneDrive-Personal/Pictures/2025/07/04/250704-04 Jul - IMG_1168.jpg,250704-04 Jul - IMG_1168.jpg,IMG_1168,9689125,45867a7c1c303dad448bc240f894a12c8e50d3a56a8f9707b872fecfec663f2e,yes,"Same IMG_#### token, same byte size, same SHA-256."
/Volumes/EOS_DIGITAL/DCIM/100CANON/IMG_1169.JPG,IMG_1169.JPG,/Users/dominiklukes/Library/CloudStorage/OneDrive-Personal/Pictures/2025/07/04/250704-04 Jul - IMG_1169.jpg,250704-04 Jul - IMG_1169.jpg,IMG_1169,9320142,aaa6079eebde34817346b978f176b596b01a1c019229cacb0055ec3750d968c5,yes,"Same IMG_#### token, same byte size, same SHA-256."
/Volumes/EOS_DIGITAL/DCIM/100CANON/IMG_1170.JPG,IMG_1170.JPG,/Users/dominiklukes/Library/CloudStorage/OneDrive-Personal/Pictures/2025/07/04/250704-04 Jul - IMG_1170.jpg,250704-04 Jul - IMG_1170.jpg,IMG_1170,9424739,3ebae2e647dbbc79df61610438f9d4220c99c30aaeb940060ae10556d237deaf,yes,"Same IMG_#### token, same byte size, same SHA-256."
/Volumes/EOS_DIGITAL/DCIM/100CANON/IMG_1171.JPG,IMG_1171.JPG,/Users/dominiklukes/Library/CloudStorage/OneDrive-Personal/Pictures/2025/07/04/250704-04 Jul - IMG_1171.jpg,250704-04 Jul - IMG_1171.jpg,IMG_1171,7765450,22376d3f712d025e9b471ad3c499731159071ed8d0d5764e5db563659469108e,yes,"Same IMG_#### token, same byte size, same SHA-256."
/Volumes/EOS_DIGITAL/DCIM/100CANON/IMG_1172.JPG,IMG_1172.JPG,/Users/dominiklukes/Library/CloudStorage/OneDrive-Personal/Pictures/2025/07/04/250704-04 Jul - IMG_1172.jpg,250704-04 Jul - IMG_1172.jpg,IMG_1172,4871392,5bb4b97e32dab401ccd7380a4cb706e9082c19845ab99c6ee99aa55a35d30237,yes,"Same IMG_#### token, same byte size, same SHA-256."
/Volumes/EOS_DIGITAL/DCIM/100CANON/IMG_1173.JPG,IMG_1173.JPG,/Users/dominiklukes/Library/CloudStorage/OneDrive-Personal/Pictures/2025/07/04/250704-04 Jul - IMG_1173.jpg,250704-04 Jul - IMG_1173.jpg,IMG_1173,4892717,fd3f6f640931de7ac1ea41fee49d9bd77768c667e25b0c6e9bd5356feb4d899e,yes,"Same IMG_#### token, same byte size, same SHA-256."
/Volumes/EOS_DIGITAL/DCIM/100CANON/IMG_1174.JPG,IMG_1174.JPG,/Users/dominiklukes/Library/CloudStorage/OneDrive-Personal/Pictures/2025/07/04/250704-04 Jul - IMG_1174.jpg,250704-04 Jul - IMG_1174.jpg,IMG_1174,4894126,d11015ce001e7d698508c7aa2b9cb92aeaf557efd1ba2c2804bb4b7d157ed4ca,yes,"Same IMG_#### token, same byte size, same SHA-256."
/Volumes/EOS_DIGITAL/DCIM/100CANON/IMG_1175.JPG,IMG_1175.JPG,/Users/dominiklukes/Library/CloudStorage/OneDrive-Personal/Pictures/2025/07/04/250704-04 Jul - IMG_1175.jpg,250704-04 Jul - IMG_1175.jpg,IMG_1175,4841302,a35adc2040afa8328d07f7109bd505fef9498cbc1928e2b6e902c2e3070b2c8a,yes,"Same IMG_#### token, same byte size, same SHA-256."
/Volumes/EOS_DIGITAL/DCIM/100CANON/IMG_1176.JPG,IMG_1176.JPG,/Users/dominiklukes/Library/CloudStorage/OneDrive-Personal/Pictures/2025/07/04/250704-04 Jul - IMG_1176.jpg,250704-04 Jul - IMG_1176.jpg,IMG_1176,4910020,8ce3400151311a17c6fc7b71d842e030a1162a788293421cc653f80c7d50922a,yes,"Same IMG_#### token, same byte size, same SHA-256."
/Volumes/EOS_DIGITAL/DCIM/100CANON/IMG_1177.JPG,IMG_1177.JPG,/Users/dominiklukes/Library/CloudStorage/OneDrive-Personal/Pictures/2025/07/04/250704-04 Jul - IMG_1177.jpg,250704-04 Jul - IMG_1177.jpg,IMG_1177,4934040,8ae1717fbc65e9db242b6aa45ebb9f9869b163c991c426d8adf90f780b2bd0f5,yes,"Same IMG_#### token, same byte size, same SHA-256."
/Volumes/EOS_DIGITAL/DCIM/100CANON/IMG_1178.JPG,IMG_1178.JPG,/Users/dominiklukes/Library/CloudStorage/OneDrive-Personal/Pictures/2025/07/04/250704-04 Jul - IMG_1178.jpg,250704-04 Jul - IMG_1178.jpg,IMG_1178,4863531,01f622efdfbbd170c58a1694427483a13c4c3cced62e6ef69314d753e54eadd7,yes,"Same IMG_#### token, same byte size, same SHA-256."
/Volumes/EOS_DIGITAL/DCIM/100CANON/IMG_1179.JPG,IMG_1179.JPG,/Users/dominiklukes/Library/CloudStorage/OneDrive-Personal/Pictures/2025/07/04/250704-04 Jul - IMG_1179.jpg,250704-04 Jul - IMG_1179.jpg,IMG_1179,4785517,7db2bcd5571a457feda79a59066a8edd1f18603f6017f2f5557e11575a2d4b6a,yes,"Same IMG_#### token, same byte size, same SHA-256."
/Volumes/EOS_DIGITAL/DCIM/100CANON/IMG_1180.JPG,IMG_1180.JPG,/Users/dominiklukes/Library/CloudStorage/OneDrive-Personal/Pictures/2025/07/04/250704-04 Jul - IMG_1180.jpg,250704-04 Jul - IMG_1180.jpg,IMG_1180,4401002,b7c998e15f01b79dcf40e9b8e846170d38d8e9747afb1905840347e58963a308,yes,"Same IMG_#### token, same byte size, same SHA-256."
/Volumes/EOS_DIGITAL/DCIM/100CANON/IMG_1181.JPG,IMG_1181.JPG,/Users/dominiklukes/Library/CloudStorage/OneDrive-Personal/Pictures/2025/07/04/250704-04 Jul - IMG_1181.jpg,250704-04 Jul - IMG_1181.jpg,IMG_1181,4415121,f21dc35c023aeb8db7f88aa4156c1f67f00d3cd57a8c9ce0f47dc279e1459b68,yes,"Same IMG_#### token, same byte size, same SHA-256."
/Volumes/EOS_DIGITAL/DCIM/100CANON/IMG_1182.JPG,IMG_1182.JPG,/Users/dominiklukes/Library/CloudStorage/OneDrive-Personal/Pictures/2025/07/04/250704-04 Jul - IMG_1182.jpg,250704-04 Jul - IMG_1182.jpg,IMG_1182,4508239,e17be8affbdcc63d0945de7203f9bad76acc5cba045059af03c7eb4fa31f6275,yes,"Same IMG_#### token, same byte size, same SHA-256."
/Volumes/EOS_DIGITAL/DCIM/100CANON/IMG_1183.JPG,IMG_1183.JPG,/Users/dominiklukes/Library/CloudStorage/OneDrive-Personal/Pictures/2025/07/04/250704-04 Jul - IMG_1183.jpg,250704-04 Jul - IMG_1183.jpg,IMG_1183,4828771,e7c44f34b7db227ad6b845462775c520fb9d7095cb7694272c47eec238568914,yes,"Same IMG_#### token, same byte size, same SHA-256."
/Volumes/EOS_DIGITAL/DCIM/100CANON/IMG_1184.JPG,IMG_1184.JPG,/Users/dominiklukes/Library/CloudStorage/OneDrive-Personal/Pictures/2025/07/04/250704-04 Jul - IMG_1184.jpg,250704-04 Jul - IMG_1184.jpg,IMG_1184,4682407,0eb09c6a837cff057e4e2daa7b359b0ea3868741d181c6c0c659656ce53763d5,yes,"Same IMG_#### token, same byte size, same SHA-256."
/Volumes/EOS_DIGITAL/DCIM/100CANON/IMG_1185.JPG,IMG_1185.JPG,/Users/dominiklukes/Library/CloudStorage/OneDrive-Personal/Pictures/2025/07/04/250704-04 Jul - IMG_1185.jpg,250704-04 Jul - IMG_1185.jpg,IMG_1185,4606502,fca6c8d33b27e410c64a985656d08b4e9d1fbc4af516eb21c5dd06aa48f2adb1,yes,"Same IMG_#### token, same byte size, same SHA-256."
/Volumes/EOS_DIGITAL/DCIM/100CANON/IMG_1186.JPG,IMG_1186.JPG,/Users/dominiklukes/Library/CloudStorage/OneDrive-Personal/Pictures/2025/07/04/250704-04 Jul - IMG_1186.jpg,250704-04 Jul - IMG_1186.jpg,IMG_1186,4578535,52bc6d6840eea9dd9ef816594b769906a7754a3bfc2abf2ae64587badb0d0f9e,yes,"Same IMG_#### token, same byte size, same SHA-256."
/Volumes/EOS_DIGITAL/DCIM/100CANON/IMG_1187.JPG,IMG_1187.JPG,/Users/dominiklukes/Library/CloudStorage/OneDrive-Personal/Pictures/2025/07/04/250704-04 Jul - IMG_1187.jpg,250704-04 Jul - IMG_1187.jpg,IMG_1187,3613691,f4ec6817a5b8b1cc3ae6de149904c61bb8f918af40754468a0f2f294a87fe6d3,yes,"Same IMG_#### token, same byte size, same SHA-256."
/Volumes/EOS_DIGITAL/DCIM/100CANON/IMG_1188.JPG,IMG_1188.JPG,/Users/dominiklukes/Library/CloudStorage/OneDrive-Personal/Pictures/2025/07/04/250704-04 Jul - IMG_1188.jpg,250704-04 Jul - IMG_1188.jpg,IMG_1188,7771588,8b41f440bbe810fef996523056059c88077b09ea6d5c992aa5ec90d461e390e7,yes,"Same IMG_#### token, same byte size, same SHA-256."
/Volumes/EOS_DIGITAL/DCIM/100CANON/IMG_1189.JPG,IMG_1189.JPG,/Users/dominiklukes/Library/CloudStorage/OneDrive-Personal/Pictures/2025/07/04/250704-04 Jul - IMG_1189.jpg,250704-04 Jul - IMG_1189.jpg,IMG_1189,7721123,f2a167ea3d380dbe4b922b4a067f0b8eeec6fa54b67143841cc55e3f3d21d8d4,yes,"Same IMG_#### token, same byte size, same SHA-256."
/Volumes/EOS_DIGITAL/DCIM/100CANON/IMG_1190.JPG,IMG_1190.JPG,/Users/dominiklukes/Library/CloudStorage/OneDrive-Personal/Pictures/2025/07/04/250704-04 Jul - IMG_1190.jpg,250704-04 Jul - IMG_1190.jpg,IMG_1190,7568565,a48fb0b08b50efad2e581c7ebefd4d0d7accfbebe0457714fda431e4fc9a947e,yes,"Same IMG_#### token, same byte size, same SHA-256."
/Volumes/EOS_DIGITAL/DCIM/100CANON/IMG_1191.JPG,IMG_1191.JPG,/Users/dominiklukes/Library/CloudStorage/OneDrive-Personal/Pictures/2025/07/04/250704-04 Jul - IMG_1191.jpg,250704-04 Jul - IMG_1191.jpg,IMG_1191,6374896,d8e0df926b7b55a58efb5b6be99350c1f9d57d6551e0e96ae136903acea1259a,yes,"Same IMG_#### token, same byte size, same SHA-256."
/Volumes/EOS_DIGITAL/DCIM/100CANON/IMG_1192.JPG,IMG_1192.JPG,/Users/dominiklukes/Library/CloudStorage/OneDrive-Personal/Pictures/2025/07/04/250704-04 Jul - IMG_1192.jpg,250704-04 Jul - IMG_1192.jpg,IMG_1192,6671937,d371199d915119fe7df571c52353437e9983210810b51f79ab79230dd32fb752,yes,"Same IMG_#### token, same byte size, same SHA-256."
/Volumes/EOS_DIGITAL/DCIM/100CANON/IMG_1193.JPG,IMG_1193.JPG,/Users/dominiklukes/Library/CloudStorage/OneDrive-Personal/Pictures/2025/07/04/250704-04 Jul - IMG_1193.jpg,250704-04 Jul - IMG_1193.jpg,IMG_1193,6447103,da12c2d0c7ca11c8ff316a44f89c6a6690155868f5d22f20aca2399f68b57b51,yes,"Same IMG_#### token, same byte size, same SHA-256."
/Volumes/EOS_DIGITAL/DCIM/100CANON/IMG_1194.JPG,IMG_1194.JPG,/Users/dominiklukes/Library/CloudStorage/OneDrive-Personal/Pictures/2025/07/04/250704-04 Jul - IMG_1194.jpg,250704-04 Jul - IMG_1194.jpg,IMG_1194,5543062,553ca1e4f9098ac55173dd02bd4390e73fd6cc17063dc868316b594c85d57ea2,yes,"Same IMG_#### token, same byte size, same SHA-256."
/Volumes/EOS_DIGITAL/DCIM/100CANON/IMG_1195.JPG,IMG_1195.JPG,/Users/dominiklukes/Library/CloudStorage/OneDrive-Personal/Pictures/2025/07/04/250704-04 Jul - IMG_1195.jpg,250704-04 Jul - IMG_1195.jpg,IMG_1195,5679985,4175ef89fef9ac43f4effb6df044fe748296f58fce1e004808fb37d5789049b8,yes,"Same IMG_#### token, same byte size, same SHA-256."
/Volumes/EOS_DIGITAL/DCIM/100CANON/IMG_1196.JPG,IMG_1196.JPG,/Users/dominiklukes/Library/CloudStorage/OneDrive-Personal/Pictures/2025/07/04/250704-04 Jul - IMG_1196.jpg,250704-04 Jul - IMG_1196.jpg,IMG_1196,6053957,663f713157857a080a1d8b9a3988996cc82d794693d8b9673364c07f1b54fd0f,yes,"Same IMG_#### token, same byte size, same SHA-256."
/Volumes/EOS_DIGITAL/DCIM/100CANON/IMG_1197.JPG,IMG_1197.JPG,/Users/dominiklukes/Library/CloudStorage/OneDrive-Personal/Pictures/2025/07/04/250704-04 Jul - IMG_1197.jpg,250704-04 Jul - IMG_1197.jpg,IMG_1197,5907418,a56287533fdcfe9c905e40da1e9ff6a9b44b111164596b78f4f321f3a7da64ac,yes,"Same IMG_#### token, same byte size, same SHA-256."
/Volumes/EOS_DIGITAL/DCIM/100CANON/IMG_1198.JPG,IMG_1198.JPG,/Users/dominiklukes/Library/CloudStorage/OneDrive-Personal/Pictures/2025/07/04/250704-04 Jul - IMG_1198.jpg,250704-04 Jul - IMG_1198.jpg,IMG_1198,5606417,5e17acb27279cc62cc451dda54e5f5ce7db600a64fd39d3bdb44133f6dca3cd0,yes,"Same IMG_#### token, same byte size, same SHA-256."
/Volumes/EOS_DIGITAL/DCIM/100CANON/IMG_1199.JPG,IMG_1199.JPG,/Users/dominiklukes/Library/CloudStorage/OneDrive-Personal/Pictures/2025/07/04/250704-04 Jul - IMG_1199.jpg,250704-04 Jul - IMG_1199.jpg,IMG_1199,5616252,ffed75db00dccc223be09faecd7d673caafcfeee38452c85e2f00503d6efaaff,yes,"Same IMG_#### token, same byte size, same SHA-256."
/Volumes/EOS_DIGITAL/DCIM/100CANON/IMG_1200.JPG,IMG_1200.JPG,/Users/dominiklukes/Library/CloudStorage/OneDrive-Personal/Pictures/2025/07/04/250704-04 Jul - IMG_1200.jpg,250704-04 Jul - IMG_1200.jpg,IMG_1200,5597734,b96306cb1ac6b5c40912f8878b45a11f2bb22bea6fc947bcaa67766a39eabbfa,yes,"Same IMG_#### token, same byte size, same SHA-256."
/Volumes/EOS_DIGITAL/DCIM/100CANON/IMG_1201.JPG,IMG_1201.JPG,/Users/dominiklukes/Library/CloudStorage/OneDrive-Personal/Pictures/2025/07/04/250704-04 Jul - IMG_1201.jpg,250704-04 Jul - IMG_1201.jpg,IMG_1201,5824837,045dde641863e4802133ecbdd6eb44a6356dd5fdead309797f5e0d8dfbbecb23,yes,"Same IMG_#### token, same byte size, same SHA-256."
/Volumes/EOS_DIGITAL/DCIM/100CANON/IMG_1202.JPG,IMG_1202.JPG,/Users/dominiklukes/Library/CloudStorage/OneDrive-Personal/Pictures/2025/07/04/250704-04 Jul - IMG_1202.jpg,250704-04 Jul - IMG_1202.jpg,IMG_1202,5007577,ddc9f050876ba3d67d88f93387c06aabf48622a56f84ca7e99e6e0d4442da116,yes,"Same IMG_#### token, same byte size, same SHA-256."
/Volumes/EOS_DIGITAL/DCIM/100CANON/IMG_1203.JPG,IMG_1203.JPG,/Users/dominiklukes/Library/CloudStorage/OneDrive-Personal/Pictures/2025/07/04/250704-04 Jul - IMG_1203.jpg,250704-04 Jul - IMG_1203.jpg,IMG_1203,5818615,df392cbc7217def7a51870dfc88f7efb79e5ad20319d6bf4fdf44ea67ca31c10,yes,"Same IMG_#### token, same byte size, same SHA-256."
/Volumes/EOS_DIGITAL/DCIM/100CANON/IMG_1204.JPG,IMG_1204.JPG,/Users/dominiklukes/Library/CloudStorage/OneDrive-Personal/Pictures/2025/07/04/250704-04 Jul - IMG_1204.jpg,250704-04 Jul - IMG_1204.jpg,IMG_1204,5882475,8a33e556fa7303478bdc843c77600d40d6cae48db51541018fe55ca82cfc8711,yes,"Same IMG_#### token, same byte size, same SHA-256."
/Volumes/EOS_DIGITAL/DCIM/100CANON/IMG_1205.JPG,IMG_1205.JPG,/Users/dominiklukes/Library/CloudStorage/OneDrive-Personal/Pictures/2025/07/04/250704-04 Jul - IMG_1205.jpg,250704-04 Jul - IMG_1205.jpg,IMG_1205,5396844,395afd4d5858e1f8f99ad7d702f2618ed178f5274fe135fde0f86e1496028dfa,yes,"Same IMG_#### token, same byte size, same SHA-256."
/Volumes/EOS_DIGITAL/DCIM/100CANON/IMG_1206.JPG,IMG_1206.JPG,/Users/dominiklukes/Library/CloudStorage/OneDrive-Personal/Pictures/2025/07/04/250704-04 Jul - IMG_1206.jpg,250704-04 Jul - IMG_1206.jpg,IMG_1206,5371047,77fe6fd37d4637367e6b2ca6bc5b96fdb850c047d287000f94704af766774837,yes,"Same IMG_#### token, same byte size, same SHA-256."
/Volumes/EOS_DIGITAL/DCIM/100CANON/IMG_1207.JPG,IMG_1207.JPG,/Users/dominiklukes/Library/CloudStorage/OneDrive-Personal/Pictures/2025/07/04/250704-04 Jul - IMG_1207.jpg,250704-04 Jul - IMG_1207.jpg,IMG_1207,5400608,cfd8038d86cdcc1f17f6667ef0875bc76724f3e9d0a20f649414bed8340b4439,yes,"Same IMG_#### token, same byte size, same SHA-256."
/Volumes/EOS_DIGITAL/DCIM/100CANON/IMG_1208.JPG,IMG_1208.JPG,/Users/dominiklukes/Library/CloudStorage/OneDrive-Personal/Pictures/2025/07/04/250704-04 Jul - IMG_1208.jpg,250704-04 Jul - IMG_1208.jpg,IMG_1208,5406576,3b0fb2813d696f600307c34aa1a2abd0aec79fcf3d52432fa1318726f0a0f5df,yes,"Same IMG_#### token, same byte size, same SHA-256."
/Volumes/EOS_DIGITAL/DCIM/100CANON/IMG_1209.JPG,IMG_1209.JPG,/Users/dominiklukes/Library/CloudStorage/OneDrive-Personal/Pictures/2025/07/04/250704-04 Jul - IMG_1209.jpg,250704-04 Jul - IMG_1209.jpg,IMG_1209,5319146,370c3981f19ae008892c08dbccc7551f501b60c8c6da0f0e1e1f727b44eee27d,yes,"Same IMG_#### token, same byte size, same SHA-256."
/Volumes/EOS_DIGITAL/DCIM/100CANON/IMG_1210.JPG,IMG_1210.JPG,/Users/dominiklukes/Library/CloudStorage/OneDrive-Personal/Pictures/2025/07/04/250704-04 Jul - IMG_1210.jpg,250704-04 Jul - IMG_1210.jpg,IMG_1210,5385217,57ae2254d8c8cb157f9f36c283f0f863bc01456a4455be988b18ffe3030208bc,yes,"Same IMG_#### token, same byte size, same SHA-256."
/Volumes/EOS_DIGITAL/DCIM/100CANON/IMG_1211.JPG,IMG_1211.JPG,/Users/dominiklukes/Library/CloudStorage/OneDrive-Personal/Pictures/2025/07/04/250704-04 Jul - IMG_1211.jpg,250704-04 Jul - IMG_1211.jpg,IMG_1211,5387605,598ec7f1706613def4003c62bff96c9b9388dd4ef492d40c4d4de06b13a0f60f,yes,"Same IMG_#### token, same byte size, same SHA-256."
/Volumes/EOS_DIGITAL/DCIM/100CANON/IMG_1212.JPG,IMG_1212.JPG,/Users/dominiklukes/Library/CloudStorage/OneDrive-Personal/Pictures/2025/07/04/250704-04 Jul - IMG_1212.jpg,250704-04 Jul - IMG_1212.jpg,IMG_1212,5448515,9f00cdabbc20cf58e4d74d26f994653cf7df13369e1f3189ca04236dec00d354,yes,"Same IMG_#### token, same byte size, same SHA-256."
/Volumes/EOS_DIGITAL/DCIM/100CANON/IMG_1213.JPG,IMG_1213.JPG,/Users/dominiklukes/Library/CloudStorage/OneDrive-Personal/Pictures/2025/07/04/250704-04 Jul - IMG_1213.jpg,250704-04 Jul - IMG_1213.jpg,IMG_1213,5742227,1c2030cb04ee745cdd86bb9ac571977a8a539034227c5bd13f69efd586d3a27c,yes,"Same IMG_#### token, same byte size, same SHA-256."
/Volumes/EOS_DIGITAL/DCIM/100CANON/IMG_1214.JPG,IMG_1214.JPG,/Users/dominiklukes/Library/CloudStorage/OneDrive-Personal/Pictures/2025/07/04/250704-04 Jul - IMG_1214.jpg,250704-04 Jul - IMG_1214.jpg,IMG_1214,5735493,283049d59ab8cca2e9ce7727e7e01f8631492b8553b78a319a6a8a101bcb1c8b,yes,"Same IMG_#### token, same byte size, same SHA-256."
/Volumes/EOS_DIGITAL/DCIM/100CANON/IMG_1215.JPG,IMG_1215.JPG,/Users/dominiklukes/Library/CloudStorage/OneDrive-Personal/Pictures/2025/07/04/250704-04 Jul - IMG_1215.jpg,250704-04 Jul - IMG_1215.jpg,IMG_1215,5909495,b27d5204e1610db17e068453577cd4cc0ea0661b0dc983dd4fb2684d67d872bd,yes,"Same IMG_#### token, same byte size, same SHA-256."
/Volumes/EOS_DIGITAL/DCIM/100CANON/IMG_1216.JPG,IMG_1216.JPG,/Users/dominiklukes/Library/CloudStorage/OneDrive-Personal/Pictures/2025/07/04/250704-04 Jul - IMG_1216.jpg,250704-04 Jul - IMG_1216.jpg,IMG_1216,5959859,3d09236ca85911ef82f66525890eb1abf6c823d8b0760a5f85de05b650f829c2,yes,"Same IMG_#### token, same byte size, same SHA-256."
/Volumes/EOS_DIGITAL/DCIM/100CANON/IMG_1217.JPG,IMG_1217.JPG,/Users/dominiklukes/Library/CloudStorage/OneDrive-Personal/Pictures/2025/07/04/250704-04 Jul - IMG_1217.jpg,250704-04 Jul - IMG_1217.jpg,IMG_1217,5949048,6979e5bead40a3377ab31f7da12ead8f93e8fbf23e60c454b76facb257af843b,yes,"Same IMG_#### token, same byte size, same SHA-256."
/Volumes/EOS_DIGITAL/DCIM/100CANON/IMG_1218.JPG,IMG_1218.JPG,/Users/dominiklukes/Library/CloudStorage/OneDrive-Personal/Pictures/2025/07/04/250704-04 Jul - IMG_1218.jpg,250704-04 Jul - IMG_1218.jpg,IMG_1218,5524496,20896b9a31ed08a0878bf25b5d3b34e586509fb5e3b0f8f14123bf1253ccbabf,yes,"Same IMG_#### token, same byte size, same SHA-256."
/Volumes/EOS_DIGITAL/DCIM/100CANON/IMG_1219.JPG,IMG_1219.JPG,/Users/dominiklukes/Library/CloudStorage/OneDrive-Personal/Pictures/2025/07/04/250704-04 Jul - IMG_1219.jpg,250704-04 Jul - IMG_1219.jpg,IMG_1219,5478942,a2fa2ed5e2692aaaa7eac0553b16ed6370a21b7b477310acf48bc66145c0f696,yes,"Same IMG_#### token, same byte size, same SHA-256."
/Volumes/EOS_DIGITAL/DCIM/100CANON/IMG_1220.JPG,IMG_1220.JPG,/Users/dominiklukes/Library/CloudStorage/OneDrive-Personal/Pictures/2025/07/04/250704-04 Jul - IMG_1220.jpg,250704-04 Jul - IMG_1220.jpg,IMG_1220,7063962,63f6d3300902a76c17140bfb609d5bafac26713abb9ad8099928a2919a81e86c,yes,"Same IMG_#### token, same byte size, same SHA-256."
/Volumes/EOS_DIGITAL/DCIM/100CANON/IMG_1221.JPG,IMG_1221.JPG,/Users/dominiklukes/Library/CloudStorage/OneDrive-Personal/Pictures/2025/07/04/250704-04 Jul - IMG_1221.jpg,250704-04 Jul - IMG_1221.jpg,IMG_1221,7063843,9fd40fce3a692084e52472ebbc870e1d82735827a74ef1c2ca436512d105cffe,yes,"Same IMG_#### token, same byte size, same SHA-256."
/Volumes/EOS_DIGITAL/DCIM/100CANON/IMG_1222.JPG,IMG_1222.JPG,/Users/dominiklukes/Library/CloudStorage/OneDrive-Personal/Pictures/2025/07/04/250704-04 Jul - IMG_1222.jpg,250704-04 Jul - IMG_1222.jpg,IMG_1222,6492280,8b388528ec4ab9b082f9d802c87db7c8a5e1cd3cdc0ac86a9c0754c87d9da698,yes,"Same IMG_#### token, same byte size, same SHA-256."
/Volumes/EOS_DIGITAL/DCIM/100CANON/IMG_1223.JPG,IMG_1223.JPG,/Users/dominiklukes/Library/CloudStorage/OneDrive-Personal/Pictures/2025/07/04/250704-04 Jul - IMG_1223.jpg,250704-04 Jul - IMG_1223.jpg,IMG_1223,7274239,8f127adde5911c48f8a5627f5a73cf42d2b66ff0ec12738633719524e616d1b6,yes,"Same IMG_#### token, same byte size, same SHA-256."
/Volumes/EOS_DIGITAL/DCIM/100CANON/IMG_1224.JPG,IMG_1224.JPG,/Users/dominiklukes/Library/CloudStorage/OneDrive-Personal/Pictures/2025/07/04/250704-04 Jul - IMG_1224.jpg,250704-04 Jul - IMG_1224.jpg,IMG_1224,6587932,dab8714ae0adca792876061b3062da371e07c0a7a88fa53ab8b26f737787cb2c,yes,"Same IMG_#### token, same byte size, same SHA-256."
/Volumes/EOS_DIGITAL/DCIM/100CANON/IMG_1225.JPG,IMG_1225.JPG,/Users/dominiklukes/Library/CloudStorage/OneDrive-Personal/Pictures/2025/07/04/250704-04 Jul - IMG_1225.jpg,250704-04 Jul - IMG_1225.jpg,IMG_1225,6547891,f81428dd7797beb3ba13c6c1ea47f81b5e05aa082331a34f1faf921d5058e0f1,yes,"Same IMG_#### token, same byte size, same SHA-256."
/Volumes/EOS_DIGITAL/DCIM/100CANON/IMG_1226.JPG,IMG_1226.JPG,/Users/dominiklukes/Library/CloudStorage/OneDrive-Personal/Pictures/2025/07/04/250704-04 Jul - IMG_1226.jpg,250704-04 Jul - IMG_1226.jpg,IMG_1226,7150455,5aba184627f518ec71de3c2159161b0d686f74591402eea081f2cca04e0d9ce3,yes,"Same IMG_#### token, same byte size, same SHA-256."
/Volumes/EOS_DIGITAL/DCIM/100CANON/IMG_1227.JPG,IMG_1227.JPG,/Users/dominiklukes/Library/CloudStorage/OneDrive-Personal/Pictures/2025/07/04/250704-04 Jul - IMG_1227.jpg,250704-04 Jul - IMG_1227.jpg,IMG_1227,6223478,e4f0d2d1a5c7f782fb1904a76676e1a001e13b236a0c3548c60552f948820c6c,yes,"Same IMG_#### token, same byte size, same SHA-256."
/Volumes/EOS_DIGITAL/DCIM/100CANON/IMG_1228.JPG,IMG_1228.JPG,/Users/dominiklukes/Library/CloudStorage/OneDrive-Personal/Pictures/2025/07/04/250704-04 Jul - IMG_1228.jpg,250704-04 Jul - IMG_1228.jpg,IMG_1228,5882371,701bf1591022fc68e4cbdc4ab3e2664cdb9a34eccb1db165cd8a8f1e6ff46e0a,yes,"Same IMG_#### token, same byte size, same SHA-256."
/Volumes/EOS_DIGITAL/DCIM/100CANON/IMG_1229.JPG,IMG_1229.JPG,/Users/dominiklukes/Library/CloudStorage/OneDrive-Personal/Pictures/2025/07/04/250704-04 Jul - IMG_1229.jpg,250704-04 Jul - IMG_1229.jpg,IMG_1229,4922611,8b78eb903dce1ae354e8038ab01a5af19955a538f662d679b2a3c5319a7ce126,yes,"Same IMG_#### token, same byte size, same SHA-256."
/Volumes/EOS_DIGITAL/DCIM/100CANON/IMG_1230.JPG,IMG_1230.JPG,/Users/dominiklukes/Library/CloudStorage/OneDrive-Personal/Pictures/2025/07/04/250704-04 Jul - IMG_1230.jpg,250704-04 Jul - IMG_1230.jpg,IMG_1230,6800771,9d11ed3217d8dccbd1eaecba43b259f8e5596da341e3fe117ad8bcf34eeb6f84,yes,"Same IMG_#### token, same byte size, same SHA-256."
/Volumes/EOS_DIGITAL/DCIM/100CANON/IMG_1231.JPG,IMG_1231.JPG,/Users/dominiklukes/Library/CloudStorage/OneDrive-Personal/Pictures/2025/07/04/250704-04 Jul - IMG_1231.jpg,250704-04 Jul - IMG_1231.jpg,IMG_1231,6003150,760fc260044cf049f35a60b71f4525073a27ff500c760345f7f5a3f0a892fa21,yes,"Same IMG_#### token, same byte size, same SHA-256."
/Volumes/EOS_DIGITAL/DCIM/100CANON/IMG_1232.JPG,IMG_1232.JPG,/Users/dominiklukes/Library/CloudStorage/OneDrive-Personal/Pictures/2025/07/04/250704-04 Jul - IMG_1232.jpg,250704-04 Jul - IMG_1232.jpg,IMG_1232,7017575,1c9cac8f7de986c84003fb223f0cd1ee875709af439629258c50e1fe860d3260,yes,"Same IMG_#### token, same byte size, same SHA-256."
/Volumes/EOS_DIGITAL/DCIM/100CANON/IMG_1233.JPG,IMG_1233.JPG,/Users/dominiklukes/Library/CloudStorage/OneDrive-Personal/Pictures/2025/07/04/250704-04 Jul - IMG_1233.jpg,250704-04 Jul - IMG_1233.jpg,IMG_1233,6151126,764f985014e7df6e4958f5dd72d6ef19bcc0b296f4f9ab593ec135d6eb7d93f1,yes,"Same IMG_#### token, same byte size, same SHA-256."
/Volumes/EOS_DIGITAL/DCIM/100CANON/IMG_1234.JPG,IMG_1234.JPG,/Users/dominiklukes/Library/CloudStorage/OneDrive-Personal/Pictures/2025/07/04/250704-04 Jul - IMG_1234.jpg,250704-04 Jul - IMG_1234.jpg,IMG_1234,7637108,4540d681fd240395e18d94ee29e1f7dd0cdcf74fa86d61413fe19bc29b2c861d,yes,"Same IMG_#### token, same byte size, same SHA-256."
/Volumes/EOS_DIGITAL/DCIM/100CANON/IMG_1235.JPG,IMG_1235.JPG,/Users/dominiklukes/Library/CloudStorage/OneDrive-Personal/Pictures/2025/07/04/250704-04 Jul - IMG_1235.jpg,250704-04 Jul - IMG_1235.jpg,IMG_1235,8443528,a6b91d7d60d6f3cf97b59036646e633e4171d5cb85cbfa8629bdb49bd093cfc1,yes,"Same IMG_#### token, same byte size, same SHA-256."
/Volumes/EOS_DIGITAL/DCIM/100CANON/IMG_1236.JPG,IMG_1236.JPG,/Users/dominiklukes/Library/CloudStorage/OneDrive-Personal/Pictures/2025/07/04/250704-04 Jul - IMG_1236.jpg,250704-04 Jul - IMG_1236.jpg,IMG_1236,6030761,7b50667779530ef15e8f0a1052075e62ad5c550e7a6e24156fd2409b4475e83c,yes,"Same IMG_#### token, same byte size, same SHA-256."
/Volumes/EOS_DIGITAL/DCIM/100CANON/IMG_1237.JPG,IMG_1237.JPG,/Users/dominiklukes/Library/CloudStorage/OneDrive-Personal/Pictures/2025/07/04/250704-04 Jul - IMG_1237.jpg,250704-04 Jul - IMG_1237.jpg,IMG_1237,5609171,bfd06392a99d6d5b47432a2382282f21f0e309d931ec9492d2cfef0719b4d755,yes,"Same IMG_#### token, same byte size, same SHA-256."
/Volumes/EOS_DIGITAL/DCIM/100CANON/IMG_1238.JPG,IMG_1238.JPG,/Users/dominiklukes/Library/CloudStorage/OneDrive-Personal/Pictures/2025/07/04/250704-04 Jul - IMG_1238.jpg,250704-04 Jul - IMG_1238.jpg,IMG_1238,5184259,51f23e13cca94970cef66d3d0ec27a2101ffc453a152c4141c60f8c6e3516095,yes,"Same IMG_#### token, same byte size, same SHA-256."
/Volumes/EOS_DIGITAL/DCIM/100CANON/IMG_1239.JPG,IMG_1239.JPG,/Users/dominiklukes/Library/CloudStorage/OneDrive-Personal/Pictures/2025/07/04/250704-04 Jul - IMG_1239.jpg,250704-04 Jul - IMG_1239.jpg,IMG_1239,5894514,d16734ad6c00ebe7f4941e1aa81e465bd85d3bdfa5b03905721197311c4700fe,yes,"Same IMG_#### token, same byte size, same SHA-256."
/Volumes/EOS_DIGITAL/DCIM/100CANON/IMG_1240.JPG,IMG_1240.JPG,/Users/dominiklukes/Library/CloudStorage/OneDrive-Personal/Pictures/2025/07/04/250704-04 Jul - IMG_1240.jpg,250704-04 Jul - IMG_1240.jpg,IMG_1240,4856571,87eceb34f6a5ab0a13e5d9519af37bb85af5271bb56a6200443da5821e3e8b93,yes,"Same IMG_#### token, same byte size, same SHA-256."
/Volumes/EOS_DIGITAL/DCIM/100CANON/IMG_1241.JPG,IMG_1241.JPG,/Users/dominiklukes/Library/CloudStorage/OneDrive-Personal/Pictures/2025/07/04/250704-04 Jul - IMG_1241.jpg,250704-04 Jul - IMG_1241.jpg,IMG_1241,6006188,e13de9ca70e789cfde4a24a2398ca4d26afbbcf4a53ed49c3340b76d0c0ffe74,yes,"Same IMG_#### token, same byte size, same SHA-256."
/Volumes/EOS_DIGITAL/DCIM/100CANON/IMG_1242.JPG,IMG_1242.JPG,/Users/dominiklukes/Library/CloudStorage/OneDrive-Personal/Pictures/2025/07/04/250704-04 Jul - IMG_1242.jpg,250704-04 Jul - IMG_1242.jpg,IMG_1242,5937776,dad328962d210c33c13cd6e5879bc19b1215dca05e3b581425135df6a495eada,yes,"Same IMG_#### token, same byte size, same SHA-256."
/Volumes/EOS_DIGITAL/DCIM/100CANON/IMG_1243.JPG,IMG_1243.JPG,/Users/dominiklukes/Library/CloudStorage/OneDrive-Personal/Pictures/2025/07/04/250704-04 Jul - IMG_1243.jpg,250704-04 Jul - IMG_1243.jpg,IMG_1243,5877539,46f859aa3fa4f2ad9f4b42b6fa3e615b99fc8a2746da096dbc59d814fe03275c,yes,"Same IMG_#### token, same byte size, same SHA-256."
/Volumes/EOS_DIGITAL/DCIM/100CANON/IMG_1244.JPG,IMG_1244.JPG,/Users/dominiklukes/Library/CloudStorage/OneDrive-Personal/Pictures/2025/07/04/250704-04 Jul - IMG_1244.jpg,250704-04 Jul - IMG_1244.jpg,IMG_1244,6451972,41d9a0885feb3ddd0038d440d54bb02db8cfb201c21fde655bab77fb235b206b,yes,"Same IMG_#### token, same byte size, same SHA-256."
/Volumes/EOS_DIGITAL/DCIM/100CANON/IMG_1245.JPG,IMG_1245.JPG,/Users/dominiklukes/Library/CloudStorage/OneDrive-Personal/Pictures/2025/07/04/250704-04 Jul - IMG_1245.jpg,250704-04 Jul - IMG_1245.jpg,IMG_1245,6165748,5542ae41bb14c7fcb9693d8aba40bb5846f08d0077946f533d110371bd7833ca,yes,"Same IMG_#### token, same byte size, same SHA-256."
/Volumes/EOS_DIGITAL/DCIM/100CANON/IMG_1246.JPG,IMG_1246.JPG,/Users/dominiklukes/Library/CloudStorage/OneDrive-Personal/Pictures/2025/07/04/250704-04 Jul - IMG_1246.jpg,250704-04 Jul - IMG_1246.jpg,IMG_1246,6305210,edaae21c92d8f4c52c377154a648dd85f614d75acf4fb2dab6f38576f4ebb7e5,yes,"Same IMG_#### token, same byte size, same SHA-256."
/Volumes/EOS_DIGITAL/DCIM/100CANON/IMG_1247.JPG,IMG_1247.JPG,/Users/dominiklukes/Library/CloudStorage/OneDrive-Personal/Pictures/2025/07/04/250704-04 Jul - IMG_1247.jpg,250704-04 Jul - IMG_1247.jpg,IMG_1247,6220942,cc51452bd8245ec865943c3a1b59db0b57164a0168090d26a31f5768eca3daae,yes,"Same IMG_#### token, same byte size, same SHA-256."
/Volumes/EOS_DIGITAL/DCIM/100CANON/IMG_1248.JPG,IMG_1248.JPG,/Users/dominiklukes/Library/CloudStorage/OneDrive-Personal/Pictures/2025/07/04/250704-04 Jul - IMG_1248.jpg,250704-04 Jul - IMG_1248.jpg,IMG_1248,6461901,3400c9881bf6e6e0906d4c8aa6ec6cff8f1101fb75eb4604767f3d76985a0870,yes,"Same IMG_#### token, same byte size, same SHA-256."
/Volumes/EOS_DIGITAL/DCIM/100CANON/IMG_1249.JPG,IMG_1249.JPG,/Users/dominiklukes/Library/CloudStorage/OneDrive-Personal/Pictures/2025/07/04/250704-04 Jul - IMG_1249.jpg,250704-04 Jul - IMG_1249.jpg,IMG_1249,6556294,dd14803c858ed79ad4da6ab10d0b8edcf73b71a87265d7fd12aaac7f65d2a887,yes,"Same IMG_#### token, same byte size, same SHA-256."
/Volumes/EOS_DIGITAL/DCIM/100CANON/IMG_1250.JPG,IMG_1250.JPG,/Users/dominiklukes/Library/CloudStorage/OneDrive-Personal/Pictures/2025/07/04/250704-04 Jul - IMG_1250.jpg,250704-04 Jul - IMG_1250.jpg,IMG_1250,9661947,158109a8f3b90f908c66b674ef94b68b876aae8ec6f978dea3a7555406c1ac90,yes,"Same IMG_#### token, same byte size, same SHA-256."
/Volumes/EOS_DIGITAL/DCIM/100CANON/IMG_1251.JPG,IMG_1251.JPG,/Users/dominiklukes/Library/CloudStorage/OneDrive-Personal/Pictures/2025/07/04/250704-04 Jul - IMG_1251.jpg,250704-04 Jul - IMG_1251.jpg,IMG_1251,9483853,f626939f6cde1c82034a3b7269c329a2d5dddfa0a3a5d919191e2e5834e2da0e,yes,"Same IMG_#### token, same byte size, same SHA-256."
/Volumes/EOS_DIGITAL/DCIM/100CANON/IMG_1252.JPG,IMG_1252.JPG,/Users/dominiklukes/Library/CloudStorage/OneDrive-Personal/Pictures/2025/07/04/250704-04 Jul - IMG_1252.jpg,250704-04 Jul - IMG_1252.jpg,IMG_1252,9521115,7262c88830871d097f78da3c85930d098124972e58929154dc6e45ffff1084db,yes,"Same IMG_#### token, same byte size, same SHA-256."
/Volumes/EOS_DIGITAL/DCIM/100CANON/IMG_1253.JPG,IMG_1253.JPG,/Users/dominiklukes/Library/CloudStorage/OneDrive-Personal/Pictures/2025/07/04/250704-04 Jul - IMG_1253.jpg,250704-04 Jul - IMG_1253.jpg,IMG_1253,9489203,78756ece6f61b48fdb9be3edee1e32a7106f88d002d4d5c48a0d04afff39420c,yes,"Same IMG_#### token, same byte size, same SHA-256."
/Volumes/EOS_DIGITAL/DCIM/100CANON/IMG_1254.JPG,IMG_1254.JPG,/Users/dominiklukes/Library/CloudStorage/OneDrive-Personal/Pictures/2025/07/04/250704-04 Jul - IMG_1254.jpg,250704-04 Jul - IMG_1254.jpg,IMG_1254,9276433,6ea3c3df935626a9f62caf652a0c741f5d9611a3b60dd27b9b40ee84e75ac539,yes,"Same IMG_#### token, same byte size, same SHA-256."
/Volumes/EOS_DIGITAL/DCIM/100CANON/IMG_1255.JPG,IMG_1255.JPG,/Users/dominiklukes/Library/CloudStorage/OneDrive-Personal/Pictures/2025/07/06/250706-06 Jul - IMG_1255.jpg,250706-06 Jul - IMG_1255.jpg,IMG_1255,4717737,d23593c52b9b43ebde139f0408246dd77c7face121938d5c54bd0775aa2c625e,yes,"Same IMG_#### token, same byte size, same SHA-256."
/Volumes/EOS_DIGITAL/DCIM/100CANON/IMG_1256.JPG,IMG_1256.JPG,/Users/dominiklukes/Library/CloudStorage/OneDrive-Personal/Pictures/2025/07/06/250706-06 Jul - IMG_1256.jpg,250706-06 Jul - IMG_1256.jpg,IMG_1256,4658446,e60d57ae9b7d627ec4b844ec5a0e7dcd879c4a823f197f0e2b1f57b799f974a5,yes,"Same IMG_#### token, same byte size, same SHA-256."
/Volumes/EOS_DIGITAL/DCIM/100CANON/IMG_1257.JPG,IMG_1257.JPG,/Users/dominiklukes/Library/CloudStorage/OneDrive-Personal/Pictures/2025/07/06/250706-06 Jul - IMG_1257.jpg,250706-06 Jul - IMG_1257.jpg,IMG_1257,4701432,c1c7face8a4d1c1bac186223b7effa76dab65d7783899efc6ce322c24020a3cd,yes,"Same IMG_#### token, same byte size, same SHA-256."
/Volumes/EOS_DIGITAL/DCIM/100CANON/IMG_1258.JPG,IMG_1258.JPG,/Users/dominiklukes/Library/CloudStorage/OneDrive-Personal/Pictures/2025/07/06/250706-06 Jul - IMG_1258.jpg,250706-06 Jul - IMG_1258.jpg,IMG_1258,4707366,7534afa86dbd64159d53654c7723ba50a4f562a723d78b052da653edf1594771,yes,"Same IMG_#### token, same byte size, same SHA-256."
/Volumes/EOS_DIGITAL/DCIM/100CANON/IMG_1259.JPG,IMG_1259.JPG,/Users/dominiklukes/Library/CloudStorage/OneDrive-Personal/Pictures/2025/07/06/250706-06 Jul - IMG_1259.jpg,250706-06 Jul - IMG_1259.jpg,IMG_1259,4700137,6cff316e93a2b2084068eb6456682d601127321d0423abdc8ac3805c94c22b57,yes,"Same IMG_#### token, same byte size, same SHA-256."
/Volumes/EOS_DIGITAL/DCIM/100CANON/IMG_1260.JPG,IMG_1260.JPG,/Users/dominiklukes/Library/CloudStorage/OneDrive-Personal/Pictures/2025/07/06/250706-06 Jul - IMG_1260.jpg,250706-06 Jul - IMG_1260.jpg,IMG_1260,4693817,0bc127d3d0757a68809f8f43ae88123b6b4b51eaa5696870b15b02b52d9194f5,yes,"Same IMG_#### token, same byte size, same SHA-256."
/Volumes/EOS_DIGITAL/DCIM/100CANON/IMG_1261.JPG,IMG_1261.JPG,/Users/dominiklukes/Library/CloudStorage/OneDrive-Personal/Pictures/2025/07/06/250706-06 Jul - IMG_1261.jpg,250706-06 Jul - IMG_1261.jpg,IMG_1261,5396101,04474af73343a25d61d45a0aad66384ef352bed97ebac2f6c014b771e3028df8,yes,"Same IMG_#### token, same byte size, same SHA-256."
/Volumes/EOS_DIGITAL/DCIM/100CANON/IMG_1262.JPG,IMG_1262.JPG,/Users/dominiklukes/Library/CloudStorage/OneDrive-Personal/Pictures/2025/07/06/250706-06 Jul - IMG_1262.jpg,250706-06 Jul - IMG_1262.jpg,IMG_1262,5433140,91b88e6d5e1ce7292d01a9e96ad1d6ed9543dbd88cc4164221e7a758cfd312d6,yes,"Same IMG_#### token, same byte size, same SHA-256."
/Volumes/EOS_DIGITAL/DCIM/100CANON/IMG_1263.JPG,IMG_1263.JPG,/Users/dominiklukes/Library/CloudStorage/OneDrive-Personal/Pictures/2025/07/06/250706-06 Jul - IMG_1263.jpg,250706-06 Jul - IMG_1263.jpg,IMG_1263,7861946,ec11aae0e93fd0f1e1838d9d975fd7da2b06c7a97d9069e6b406c6bb5819b8d1,yes,"Same IMG_#### token, same byte size, same SHA-256."
/Volumes/EOS_DIGITAL/DCIM/100CANON/IMG_1264.JPG,IMG_1264.JPG,/Users/dominiklukes/Library/CloudStorage/OneDrive-Personal/Pictures/2025/07/06/250706-06 Jul - IMG_1264.jpg,250706-06 Jul - IMG_1264.jpg,IMG_1264,8199461,df724ee4c031b91b2d79aff05cfd5d95a30dbd57ff81ba85465b42995980a88c,yes,"Same IMG_#### token, same byte size, same SHA-256."
